-- phpMyAdmin SQL Dump
-- version 5.2.1
-- https://www.phpmyadmin.net/
--
-- Host: localhost:3306
-- Generation Time: Sep 14, 2024 at 06:29 AM
-- Server version: 10.6.19-MariaDB-cll-lve-log
-- PHP Version: 8.1.28

SET SQL_MODE = "NO_AUTO_VALUE_ON_ZERO";
START TRANSACTION;
SET time_zone = "+00:00";


/*!40101 SET @OLD_CHARACTER_SET_CLIENT=@@CHARACTER_SET_CLIENT */;
/*!40101 SET @OLD_CHARACTER_SET_RESULTS=@@CHARACTER_SET_RESULTS */;
/*!40101 SET @OLD_COLLATION_CONNECTION=@@COLLATION_CONNECTION */;
/*!40101 SET NAMES utf8mb4 */;

--
-- Database: `towexdtz_db`
--

-- --------------------------------------------------------

--
-- Table structure for table `cities`
--

CREATE TABLE `cities` (
  `id` bigint(20) UNSIGNED NOT NULL,
  `name_en` varchar(255) NOT NULL,
  `name_ar` varchar(255) NOT NULL,
  `status` smallint(6) NOT NULL DEFAULT 0 COMMENT '0=>Inactive, 1=>Active',
  `created_at` timestamp NULL DEFAULT NULL,
  `updated_at` timestamp NULL DEFAULT NULL,
  `deleted_at` timestamp NULL DEFAULT NULL
) ENGINE=InnoDB DEFAULT CHARSET=utf8mb4 COLLATE=utf8mb4_unicode_ci;

--
-- Dumping data for table `cities`
--

INSERT INTO `cities` (`id`, `name_en`, `name_ar`, `status`, `created_at`, `updated_at`, `deleted_at`) VALUES
(1, 'Dubai', 'دبى', 1, '2023-03-31 03:59:51', '2023-04-06 03:20:53', NULL),
(2, 'Abu Dhabi', 'أبوظبي', 1, '2023-03-31 04:00:47', '2023-04-06 03:18:49', NULL),
(3, 'Sharjah', 'الشارقة', 1, '2023-03-31 05:36:27', '2023-04-06 03:19:07', NULL),
(4, 'Al Ain', 'العين', 1, '2023-03-31 05:37:02', '2023-04-01 01:02:52', NULL),
(5, 'Ajman', 'عجمان', 1, '2023-03-31 05:37:31', '2023-04-06 03:21:15', NULL),
(6, 'Ras AL Khaimah', 'رأس الخيمة', 1, '2023-03-31 05:38:06', '2023-04-06 03:21:00', NULL),
(7, 'Fujairah', 'الفجيرة', 1, '2023-03-31 05:38:32', '2023-04-06 03:19:13', NULL),
(8, 'Umm Al Quwain', 'ام القيوين', 1, '2023-03-31 05:38:50', '2023-04-06 03:19:26', NULL),
(9, 'Dibba Al Fujairah', 'دبا الفجيرة', 1, '2023-03-31 05:39:15', '2023-04-06 03:20:41', NULL),
(10, 'Khor Fakkan', 'خورفكان', 1, '2023-03-31 05:39:57', '2023-04-06 03:19:45', NULL),
(11, 'Kalba', 'كلباء', 1, '2023-03-31 05:41:27', '2023-04-06 03:21:21', NULL),
(12, 'Jebel Ali', 'جبل علي', 1, '2023-03-31 05:42:12', '2023-04-06 03:19:31', NULL),
(13, 'Zayed City', 'مدينة زايد', 1, '2023-03-31 05:42:40', '2023-04-06 03:21:28', NULL),
(14, 'Al Ruways', 'الرويس', 1, '2023-03-31 05:43:08', '2023-04-06 03:19:00', NULL),
(15, 'Al Dhaid', 'الذيد', 1, '2023-03-31 05:43:57', '2023-04-06 03:18:55', NULL),
(16, 'Dibba Al Hisn', 'دبا الحصن', 1, '2023-03-31 05:48:01', '2023-04-06 03:20:34', NULL),
(17, 'Hatta', 'حتا', 1, '2023-03-31 05:48:24', '2023-04-06 03:19:38', NULL),
(18, 'Al Madam', 'المدام', 1, '2023-03-31 05:48:53', '2023-04-06 03:19:18', NULL),
(19, 'Ajman  Sharjah  Dubai', 'عجمان والشارقة ودبي', 1, '2023-06-13 03:21:17', '2023-06-13 03:21:27', NULL),
(20, 'Sharjah Dubai', 'الشارقة و دبي', 1, '2023-06-13 03:22:05', '2023-06-13 03:22:14', NULL),
(21, 'Abu Dhabi and Dubai', 'دبى و ابوظبي', 1, '2023-06-13 03:23:15', '2023-06-13 03:23:29', NULL);

-- --------------------------------------------------------

--
-- Table structure for table `classifieds`
--

CREATE TABLE `classifieds` (
  `id` bigint(20) UNSIGNED NOT NULL,
  `user_id` bigint(20) UNSIGNED DEFAULT NULL,
  `classified_package_id` bigint(20) UNSIGNED DEFAULT NULL,
  `size_id` bigint(20) UNSIGNED DEFAULT NULL,
  `name` varchar(255) DEFAULT NULL,
  `phone` varchar(255) DEFAULT NULL,
  `whatsapp` varchar(255) DEFAULT NULL,
  `title_en` varchar(255) NOT NULL,
  `title_ar` varchar(255) NOT NULL,
  `photo` varchar(255) NOT NULL,
  `status` smallint(6) NOT NULL DEFAULT 0 COMMENT '0=>new, 1=>approved 2=>active, 3=>inactive,4=>rejected',
  `payment_status` smallint(6) NOT NULL DEFAULT 0 COMMENT '0=>unpaid, 1=>paid',
  `paid_amount` double NOT NULL DEFAULT 0,
  `refund_amount` double NOT NULL DEFAULT 0,
  `started_at` varchar(255) NOT NULL DEFAULT '2023-05-10 04:55:15',
  `ended_at` varchar(255) NOT NULL DEFAULT '2023-05-10 04:55:15',
  `link` varchar(255) DEFAULT NULL,
  `deleted_at` timestamp NULL DEFAULT NULL,
  `created_at` timestamp NULL DEFAULT NULL,
  `updated_at` timestamp NULL DEFAULT NULL
) ENGINE=InnoDB DEFAULT CHARSET=utf8mb4 COLLATE=utf8mb4_unicode_ci;

--
-- Dumping data for table `classifieds`
--

INSERT INTO `classifieds` (`id`, `user_id`, `classified_package_id`, `size_id`, `name`, `phone`, `whatsapp`, `title_en`, `title_ar`, `photo`, `status`, `payment_status`, `paid_amount`, `refund_amount`, `started_at`, `ended_at`, `link`, `deleted_at`, `created_at`, `updated_at`) VALUES
(1, NULL, 3, 1, 'md', '052', '052', 'material', 'مواد البناء', '2140517690.jpg', 1, 0, 2, 0, '2023-05-10 19:43:38', '2023-05-20 19:43:38', 'https://youtu.be/Nq9m2yRrLfQ', '2023-09-26 02:56:06', '2023-05-10 23:43:38', '2023-09-26 02:56:06'),
(2, NULL, 4, 2, '000', '0000', '0000', '2', 'no', '505515619.jpg', 1, 0, 1.5, 0, '2023-05-11 12:28:36', '2023-05-21 12:28:36', 'https://youtu.be/Nq9m2yRrLfQ', NULL, '2023-05-11 16:28:36', '2023-05-27 02:52:22'),
(3, NULL, 5, 3, '1', NULL, NULL, 'place add here', 'place add here', '1794688611.jpg', 1, 0, 1, 0, '2023-05-11 12:30:56', '2023-05-21 12:30:56', 'https://www.towersuae.ae/en/home/main', NULL, '2023-05-11 16:30:56', '2023-05-27 02:40:06'),
(4, NULL, 5, 3, '111111', '1', NULL, 'ضع اعلانك', 'ضع اعلانك', '717787632.jpg', 1, 0, 1, 0, '2023-05-11 12:32:10', '2023-05-21 12:32:10', 'https://www.towersuae.ae', NULL, '2023-05-11 16:32:10', '2023-05-27 02:41:43'),
(5, NULL, 5, 3, '1', NULL, NULL, '222', '1111111', '1913270385.jpg', 1, 0, 1, 0, '2023-05-11 12:34:04', '2023-05-21 12:34:04', 'https://youtu.be/Nq9m2yRrLfQ', NULL, '2023-05-11 16:34:04', '2023-05-27 02:38:10'),
(6, NULL, 6, 4, '0000', NULL, NULL, 'iiiiiiiiiiiiiiiiii', 'iiiiiiii', '1766938363.jpg', 1, 0, 2, 0, '2023-05-11 12:51:56', '2023-05-21 12:51:56', 'https://youtu.be/Nq9m2yRrLfQ', '2023-06-02 20:25:19', '2023-05-11 16:51:56', '2023-06-02 20:25:19'),
(7, NULL, 7, 5, '4444', NULL, NULL, '.', '.', '1943612206.jpg', 1, 0, 1.5, 0, '2023-05-11 12:53:04', '2023-05-21 12:53:04', 'https://youtu.be/Nq9m2yRrLfQ', '2023-06-03 02:57:59', '2023-05-11 16:53:04', '2023-06-03 02:57:59'),
(8, NULL, 6, 4, '000', NULL, NULL, 'n', 'nnn', '616508119.jpg', 1, 0, 2, 0, '2023-05-15 20:53:59', '2023-05-25 20:53:59', 'https://youtu.be/Nq9m2yRrLfQ', NULL, '2023-05-16 00:53:59', '2023-06-10 15:17:56'),
(9, NULL, 6, 4, '1111', NULL, NULL, '0000', '000', '1789327610.jpg', 1, 0, 2, 0, '2023-05-15 20:55:41', '2023-05-25 20:55:41', NULL, NULL, '2023-05-16 00:55:41', '2023-06-10 15:17:02'),
(10, NULL, 5, 3, 'MD', NULL, NULL, 'FREE', 'FREE', '1700848468.jpg', 1, 0, 3, 0, '2023-05-31 15:04:31', '2023-06-01 15:04:31', NULL, '2023-09-26 02:59:56', '2023-05-31 21:04:31', '2023-09-26 02:59:56'),
(11, NULL, 5, 3, 'md', '0000', NULL, 'D:\\laptop 22-01-2022\\web work\\INSTA-all work\\DESIGN-post', 'jobs', '1308754853.jpg', 1, 0, 3, 0, '2023-06-01 14:09:57', '2023-06-02 14:09:57', 'https://www.towersuae.ae/en/main/jobs', '2023-09-26 03:00:29', '2023-06-01 20:09:57', '2023-09-26 03:00:29'),
(12, NULL, 3, 1, 'free', '0000', NULL, '00', '00', '97864965.jpg', 1, 0, 2, 0, '2023-06-01 14:15:24', '2023-06-02 14:15:24', NULL, NULL, '2023-06-01 20:15:24', '2023-06-01 20:15:32'),
(13, NULL, 7, 5, 're', '0000', NULL, '00', '00', '281961985.jpg', 1, 0, 2, 0, '2023-06-01 14:33:14', '2023-06-02 14:33:14', NULL, '2023-06-03 02:57:53', '2023-06-01 20:33:14', '2023-06-03 02:57:53'),
(14, NULL, 7, 5, 'user', '00', '000', 'm', 'mm', '1384253286.jpg', 1, 0, 2, 0, '2023-06-02 22:09:55', '2023-06-03 22:09:55', NULL, '2023-09-26 02:58:08', '2023-06-03 04:09:55', '2023-09-26 02:58:08'),
(15, NULL, 7, 5, 'cv', '000', '000', '0000', '000', '705986347.jpg', 1, 0, 2, 0, '2023-06-02 22:10:53', '2023-06-03 22:10:53', NULL, NULL, '2023-06-03 04:10:53', '2023-06-03 04:10:59'),
(16, 1, 3, 1, 'Mohamed Ibrahim', NULL, NULL, 'a', 'a', '1640000467.png', 0, 0, 2, 0, '2023-06-05 11:56:44', '2023-06-06 11:56:44', NULL, '2023-06-20 15:15:52', '2023-06-05 17:56:44', '2023-06-20 15:15:52'),
(17, 1, 3, 1, 'Mohamed Ibrahim', NULL, NULL, 'a', 'a', '1765690969.jpg', 0, 0, 10, 0, '2023-06-05 13:18:06', '2023-06-10 13:18:06', NULL, '2023-06-20 15:15:46', '2023-06-05 19:18:06', '2023-06-20 15:15:46'),
(18, 1, 6, 4, 'Mohamed Ibrahim', NULL, NULL, 'a', 'a', '700809326.gif', 0, 0, 10, 0, '2023-06-08 14:57:58', '2023-06-13 14:57:58', NULL, '2023-06-20 15:15:41', '2023-06-08 20:57:58', '2023-06-20 15:15:41'),
(19, 1, 3, 1, 'Mohamed Ibrahim', NULL, NULL, 'a', 'a', '1561793656.gif', 0, 0, 10, 0, '2023-06-08 15:50:28', '2023-06-13 15:50:28', NULL, '2023-06-20 15:15:34', '2023-06-08 21:50:28', '2023-06-20 15:15:34'),
(20, 1, 3, 1, 'Mohamed Ibrahim', NULL, NULL, 'a', 'a', '920283842.png', 0, 0, 20, 0, '2023-06-08 15:51:39', '2023-06-18 15:51:39', NULL, '2023-06-20 15:15:28', '2023-06-08 21:51:39', '2023-06-20 15:15:28'),
(21, 1, 5, 3, 'Mohamed Ibrahim', NULL, NULL, 'a', 'a', '166043861.jpg', 0, 0, 3, 0, '2023-06-09 17:55:25', '2023-06-10 17:55:25', NULL, '2023-06-20 15:15:22', '2023-06-09 23:55:25', '2023-06-20 15:15:22'),
(22, 1, 3, 1, 'Mohamed Ibrahim', NULL, NULL, 'a', 'a', '360707974.jpg', 0, 0, 60, 0, '2023-06-10 17:33:54', '2023-07-10 17:33:54', NULL, '2023-06-20 15:15:13', '2023-06-10 23:33:54', '2023-06-20 15:15:13'),
(23, 1, 3, 1, 'Mohamed Ibrahim', NULL, NULL, 'a', 'a', '1614651613.jpg', 0, 0, 20, 0, '2023-06-10 19:42:01', '2023-06-20 19:42:01', NULL, '2023-06-20 15:14:59', '2023-06-11 01:42:01', '2023-06-20 15:14:59'),
(24, 1, 7, 5, 'Mohamed Ibrahim', NULL, NULL, 'a', 'a', '996437258.jpeg', 0, 0, 2, 0, '2023-06-11 14:29:49', '2023-06-12 14:29:49', NULL, '2023-06-20 15:14:32', '2023-06-11 20:29:49', '2023-06-20 15:14:32'),
(25, 1, 3, 1, 'Mohamed Ibrahim', NULL, NULL, 'a', 'a', '1884089148.png', 0, 0, 2, 0, '2023-06-12 18:18:39', '2023-06-13 18:18:39', NULL, '2023-06-18 21:39:00', '2023-06-13 00:18:39', '2023-06-18 21:39:00'),
(26, 1, 3, 1, 'Mohamed Ibrahim', NULL, NULL, 'a', 'a', '1029393897.png', 0, 0, 2, 0, '2023-06-12 19:13:43', '2023-06-13 19:13:43', NULL, '2023-06-18 21:38:39', '2023-06-13 01:13:43', '2023-06-18 21:38:39'),
(27, 1, 5, 3, 'Mohamed Ibrahim', NULL, NULL, 'a', 'a', '1508977016.jpg', 0, 0, 3, 0, '2023-06-14 07:35:06', '2023-06-15 07:35:06', NULL, '2023-06-18 21:38:28', '2023-06-14 13:35:06', '2023-06-18 21:38:28'),
(28, 1, 3, 1, 'Mohamed Ibrahim', NULL, NULL, 'a', 'a', '62997847.jpeg', 0, 0, 2, 0, '2023-06-14 12:46:14', '2023-06-15 12:46:14', NULL, '2023-06-18 21:38:20', '2023-06-14 18:46:14', '2023-06-18 21:38:20'),
(29, 1, 3, 1, 'Mohamed Ibrahim', NULL, NULL, 'a', 'a', '800774216.jpg', 0, 0, 2, 0, '2023-06-16 04:30:17', '2023-06-17 04:30:17', NULL, '2023-06-18 21:38:13', '2023-06-16 10:30:17', '2023-06-18 21:38:13'),
(30, 1, 3, 1, 'Mohamed Ibrahim', NULL, NULL, 'a', 'a', '1549994635.jpeg', 0, 0, 2, 0, '2023-06-17 06:16:04', '2023-06-18 06:16:04', NULL, '2023-06-18 21:38:02', '2023-06-17 12:16:04', '2023-06-18 21:38:02'),
(31, 1, 3, 1, 'Mohamed Ibrahim', NULL, NULL, 'a', 'a', '596711114.jpeg', 0, 0, 2, 0, '2023-06-19 13:57:36', '2023-06-20 13:57:36', NULL, '2023-06-20 15:14:24', '2023-06-19 19:57:36', '2023-06-20 15:14:24'),
(32, NULL, 6, 4, 'MD', '777777', '000000000', 'VVVVVV', 'VVVV', '965651196.png', 0, 0, 2, 0, '2023-09-21 14:22:15', '2023-09-22 14:22:15', NULL, '2023-09-26 02:30:59', '2023-09-21 20:22:15', '2023-09-26 02:30:59'),
(33, 143, 4, 2, 'mh cccccc', NULL, NULL, 'a', 'a', '171663506.png', 0, 0, 3, 0, '2023-09-24 14:34:09', '2023-09-25 14:34:09', NULL, '2023-09-26 02:30:54', '2023-09-24 20:34:09', '2023-09-26 02:30:54'),
(34, 1, 3, 1, 'Mohamed Ibrahim', NULL, NULL, 'a', 'a', '256208777.jpg', 0, 0, 2, 0, '2024-07-10 18:30:19', '2024-07-11 18:30:19', NULL, '2024-07-12 17:39:32', '2024-07-10 22:30:19', '2024-07-12 17:39:32'),
(35, NULL, 5, 3, 'Ayhaco', NULL, NULL, 'Gypsum & Ceiling', 'Gypsum & Ceiling', '665985064.jpg', 1, 0, 33, 0, '2024-08-30 15:43:10', '2024-08-31 15:43:10', 'https://www.towersuae.ae/en/co242/company', NULL, '2024-08-30 19:43:10', '2024-08-30 19:44:18');

-- --------------------------------------------------------

--
-- Table structure for table `classifieds_packages`
--

CREATE TABLE `classifieds_packages` (
  `id` bigint(20) UNSIGNED NOT NULL,
  `size_id` bigint(20) DEFAULT NULL,
  `name_en` varchar(255) NOT NULL,
  `name_ar` varchar(255) NOT NULL,
  `position` varchar(255) NOT NULL,
  `period` smallint(6) NOT NULL COMMENT 'period in Days',
  `price` double NOT NULL DEFAULT 0,
  `status` smallint(6) NOT NULL DEFAULT 0,
  `deleted_at` timestamp NULL DEFAULT NULL,
  `created_at` timestamp NULL DEFAULT NULL,
  `updated_at` timestamp NULL DEFAULT NULL
) ENGINE=InnoDB DEFAULT CHARSET=utf8mb4 COLLATE=utf8mb4_unicode_ci;

--
-- Dumping data for table `classifieds_packages`
--

INSERT INTO `classifieds_packages` (`id`, `size_id`, `name_en`, `name_ar`, `position`, `period`, `price`, `status`, `deleted_at`, `created_at`, `updated_at`) VALUES
(1, NULL, 'main large 1', 'رئيسى كبير 1', 'all page main large 1', 360, 1.5, 1, '2023-05-10 23:40:29', '2023-05-10 02:20:42', '2023-05-10 23:40:29'),
(2, NULL, 'large 2', 'كبير 2', 'وسط', 360, 1, 1, '2023-05-10 23:40:44', '2023-05-10 02:22:23', '2023-05-10 23:40:44'),
(3, 1, '200x650', '200x650', 'MANGER', 1, 2, 1, NULL, '2023-05-10 23:38:04', '2023-05-27 02:28:01'),
(4, 2, '200x450', '200x450', 'MANGER', 1, 3, 1, NULL, '2023-05-10 23:39:32', '2023-05-27 02:29:36'),
(5, 3, '200x350', '200x350', 'MANGER', 1, 3, 1, NULL, '2023-05-10 23:40:18', '2023-06-03 00:32:34'),
(6, 4, 'important fy 550x750', 'important fy 550x750', 'MANGER', 1, 2, 1, NULL, '2023-05-11 16:49:31', '2023-05-27 02:25:15'),
(7, 5, 'special for you 600x266', 'special for you 600x266', '000', 1, 2, 1, NULL, '2023-05-11 16:50:13', '2023-05-27 02:29:02');

-- --------------------------------------------------------

--
-- Table structure for table `communications`
--

CREATE TABLE `communications` (
  `id` bigint(20) UNSIGNED NOT NULL,
  `user_id` bigint(20) UNSIGNED DEFAULT NULL,
  `con_type` smallint(6) NOT NULL COMMENT '1=>phone,2=>fax,3=>whatsapp,4=>facebook,5=>twitter,6=>instagram,7=>telegram,8=>tiktok,9=>snapchat',
  `chanel` varchar(255) NOT NULL,
  `deleted_at` timestamp NULL DEFAULT NULL,
  `created_at` timestamp NULL DEFAULT NULL,
  `updated_at` timestamp NULL DEFAULT NULL
) ENGINE=InnoDB DEFAULT CHARSET=utf8mb4 COLLATE=utf8mb4_unicode_ci;

--
-- Dumping data for table `communications`
--

INSERT INTO `communications` (`id`, `user_id`, `con_type`, `chanel`, `deleted_at`, `created_at`, `updated_at`) VALUES
(14, 14, 4, 'https://www.facebook.com/meeeroooa/?ti=as', NULL, '2023-04-23 15:20:05', '2023-04-23 15:20:05'),
(15, 14, 1, '0567770741', NULL, '2023-04-23 15:21:01', '2023-04-23 15:21:01'),
(16, 14, 3, '0567770741', NULL, '2023-04-23 15:21:14', '2023-04-23 15:21:14'),
(17, 15, 1, '0505476725', NULL, '2023-04-23 15:28:15', '2023-04-23 15:28:15'),
(18, 15, 3, '0505476725', NULL, '2023-04-23 15:29:01', '2023-04-23 15:29:01'),
(20, 15, 4, 'https://m.facebook.com/alrayess.realestate2021', NULL, '2023-04-23 15:30:51', '2023-04-23 15:30:51'),
(21, 15, 6, 'https://www.instagram.com/alrayessrealestate/', NULL, '2023-04-23 15:31:10', '2023-04-23 15:31:10'),
(22, 16, 4, 'https://www.facebook.com/aquaproperties/', NULL, '2023-04-23 16:01:56', '2023-04-23 16:01:56'),
(24, 16, 1, '045187555', NULL, '2023-04-23 16:03:06', '2023-04-23 16:03:06'),
(25, 16, 6, 'https://www.instagram.com/aquapropertiesdubai/', NULL, '2023-04-23 16:10:16', '2023-04-23 16:10:16'),
(26, 17, 1, '0524167272', NULL, '2023-04-23 16:16:24', '2023-04-23 16:16:24'),
(27, 17, 4, 'https://www.facebook.com/enlightenpropertiesuae', NULL, '2023-04-23 16:16:40', '2023-04-23 16:16:40'),
(28, 17, 6, 'https://www.instagram.com/enlightenproperties/', NULL, '2023-04-23 16:17:07', '2023-04-23 16:17:07'),
(29, 18, 1, '043659000', NULL, '2023-04-23 16:23:39', '2023-04-23 16:23:39'),
(30, 18, 4, 'https://www.facebook.com/azcorealestatebrokers/', NULL, '2023-04-23 16:23:57', '2023-04-23 16:23:57'),
(31, 20, 1, '065560055', NULL, '2023-04-23 16:41:37', '2023-04-23 16:41:37'),
(32, 20, 4, 'https://www.facebook.com/Tilal.properties/', NULL, '2023-04-23 16:41:58', '2023-04-23 16:41:58'),
(33, 20, 6, 'https://www.instagram.com/Tilal.Properties/', NULL, '2023-04-23 16:42:15', '2023-04-23 16:42:15'),
(34, 19, 1, '044589090', NULL, '2023-04-23 16:45:11', '2023-04-23 16:45:11'),
(35, 19, 4, 'https://www.facebook.com/ushreb', NULL, '2023-04-23 16:45:28', '2023-04-23 16:45:28'),
(36, 21, 1, '044232006', NULL, '2023-04-23 17:40:11', '2023-04-23 17:40:11'),
(37, 21, 4, 'https://www.facebook.com/dacharealestate/', NULL, '2023-04-23 17:40:51', '2023-04-23 17:40:51'),
(38, 21, 5, 'https://twitter.com/Dachateam', NULL, '2023-04-23 17:41:24', '2023-04-23 17:41:24'),
(39, 21, 6, 'https://www.instagram.com/dacharealestate/', NULL, '2023-04-23 17:41:45', '2023-04-23 17:41:45'),
(40, 21, 8, 'https://www.tiktok.com/@dacharealestate?lang=en', NULL, '2023-04-23 17:42:08', '2023-04-23 17:42:08'),
(41, 22, 1, '0567898989', NULL, '2023-04-23 18:06:40', '2023-04-23 18:06:40'),
(42, 22, 3, '0567898989', NULL, '2023-04-23 18:06:52', '2023-04-23 18:06:52'),
(43, 22, 4, 'https://www.facebook.com/AJRealEstate.AE/', NULL, '2023-04-23 18:07:11', '2023-04-23 18:07:11'),
(44, 22, 9, 'https://www.snapchat.com/add/aj-realestate13', NULL, '2023-04-23 18:07:52', '2023-04-23 18:07:52'),
(45, 22, 8, 'https://www.tiktok.com/@aj.real.estate.ae?_t=8Yu5nc62AAT&_r=1', NULL, '2023-04-23 18:08:17', '2023-04-23 18:08:17'),
(46, 23, 1, '043588070', NULL, '2023-04-23 18:20:16', '2023-04-23 18:20:16'),
(47, 23, 4, 'https://www.facebook.com/realchoicedubai/', NULL, '2023-04-23 18:20:39', '2023-04-23 18:20:39'),
(48, 23, 10, 'https://www.linkedin.com/company/real-choice-real-estate-brokers-llc/', NULL, '2023-04-23 18:21:10', '2023-04-23 18:21:10'),
(49, 24, 1, '0600515155', NULL, '2023-04-23 18:27:13', '2023-04-23 18:27:13'),
(50, 24, 10, 'https://www.linkedin.com/company/aqaar/', NULL, '2023-04-23 18:27:42', '2023-04-23 18:27:42'),
(51, 24, 5, 'https://twitter.com/AqaarAjman?s=09', NULL, '2023-04-23 18:28:12', '2023-04-23 18:28:12'),
(52, 25, 1, '043563700', NULL, '2023-04-23 18:51:51', '2023-04-23 18:51:51'),
(53, 25, 4, 'https://www.facebook.com/ofisuae/', NULL, '2023-04-23 18:52:08', '2023-04-23 18:52:08'),
(54, 26, 1, '026289090', NULL, '2023-04-23 19:06:29', '2023-04-23 19:06:29'),
(55, 27, 1, '042664445', NULL, '2023-04-23 19:15:48', '2023-04-23 19:15:48'),
(56, 27, 4, 'https://www.facebook.com/MODERN.EMIRATES/', NULL, '2023-04-23 19:16:01', '2023-04-23 19:16:01'),
(57, 28, 1, '065323533', NULL, '2023-04-23 19:25:08', '2023-04-23 19:25:08'),
(58, 28, 4, 'https://www.facebook.com/RoyalFurnitureME', NULL, '2023-04-23 19:25:21', '2023-04-23 19:25:21'),
(59, 29, 1, '043869693', NULL, '2023-04-23 19:30:51', '2023-04-23 19:30:51'),
(60, 29, 4, 'https://www.facebook.com/highmoon.ae', NULL, '2023-04-23 19:31:23', '2023-04-23 19:31:23'),
(61, 30, 1, '043389690', NULL, '2023-04-23 19:35:26', '2023-04-23 19:35:26'),
(62, 30, 4, 'https://www.facebook.com/UnitedFurn', NULL, '2023-04-23 19:35:41', '2023-04-23 19:35:41'),
(63, 31, 1, '065578044', NULL, '2023-04-23 20:54:38', '2023-04-23 20:54:38'),
(64, 31, 4, 'https://www.facebook.com/gdminteriors', NULL, '2023-04-23 20:54:56', '2023-04-23 20:54:56'),
(65, 32, 1, '042596443', NULL, '2023-04-23 21:01:27', '2023-04-23 21:01:27'),
(66, 32, 4, 'https://www.facebook.com/aujandubai/', NULL, '2023-04-23 21:01:45', '2023-04-23 21:01:45'),
(67, 33, 1, '8002363948', NULL, '2023-04-23 21:17:12', '2023-04-23 21:17:12'),
(68, 34, 1, '042246222', NULL, '2023-04-23 21:25:37', '2023-04-23 21:25:37'),
(81, 41, 1, '05555', NULL, '2023-05-19 15:15:43', '2023-05-19 15:15:43'),
(82, 41, 11, 'adam1@gmail.com', NULL, '2023-05-19 15:15:43', '2023-05-19 15:15:43'),
(101, 47, 1, '052222222', NULL, '2023-05-23 21:14:45', '2023-05-23 21:14:45'),
(102, 47, 11, 'md1@gmail.com', NULL, '2023-05-23 21:14:45', '2023-05-23 21:14:45'),
(103, 48, 1, '077777', NULL, '2023-05-25 01:44:16', '2023-05-25 01:44:16'),
(104, 48, 11, 'sajed5@gmail.com', NULL, '2023-05-25 01:44:16', '2023-05-25 01:44:16'),
(105, 49, 1, '05444444444', NULL, '2023-05-25 02:04:22', '2023-05-25 02:04:22'),
(106, 49, 11, 'mohamed20@gmail.com', NULL, '2023-05-25 02:04:22', '2023-05-25 02:04:22'),
(107, 4, 11, 'shjeng@eim.ae', NULL, '2023-05-25 03:55:48', '2023-05-25 03:55:48'),
(108, 4, 6, 'https://www.instagram.com/shjengcon/', NULL, '2023-05-25 03:56:38', '2023-05-25 03:56:38'),
(109, 4, 4, 'https://www.facebook.com/shjengcon', NULL, '2023-05-25 03:56:58', '2023-05-25 03:56:58'),
(110, 4, 5, 'https://twitter.com/Shjengcon', NULL, '2023-05-25 03:57:15', '2023-05-25 03:57:15'),
(111, 4, 10, 'https://www.linkedin.com/company/shjengcon/', NULL, '2023-05-25 03:57:39', '2023-05-25 03:57:39'),
(112, 4, 1, '6677 820 56 971+', NULL, '2023-05-25 03:58:12', '2023-05-25 03:58:12'),
(113, 14, 11, 'alshaheen.realestate@gmail.com', NULL, '2023-05-25 03:59:52', '2023-05-25 03:59:52'),
(114, 15, 11, 'sunproreraty.ua@gmail.com', NULL, '2023-05-25 04:01:21', '2023-05-25 04:01:21'),
(119, 50, 1, '044444444444444', NULL, '2023-05-25 18:12:36', '2023-05-25 18:12:36'),
(120, 50, 11, 'khatab1@gmail.com', NULL, '2023-05-25 18:12:36', '2023-05-25 18:12:36'),
(123, 34, 11, 'info@mepproxbmt.com', NULL, '2023-05-26 18:28:27', '2023-05-26 18:28:27'),
(124, 33, 11, 'socialmedia.ae@cemex.com', NULL, '2023-05-26 18:29:18', '2023-05-26 18:29:18'),
(125, 32, 11, 'admin@aujandubai.com', NULL, '2023-05-26 18:29:51', '2023-05-26 18:29:51'),
(126, 31, 11, 'info@gdminteriors.com', NULL, '2023-05-26 18:30:32', '2023-05-26 18:30:32'),
(127, 30, 11, 'info@unitedfurnitureco.com', NULL, '2023-05-26 18:31:26', '2023-05-26 18:31:26'),
(128, 29, 11, 'inquiry@highmoon.ae', NULL, '2023-05-26 18:32:28', '2023-05-26 18:32:28'),
(129, 28, 11, 'webstore@royalgroup.ae', NULL, '2023-05-26 18:33:12', '2023-05-26 18:33:12'),
(130, 27, 11, 'modemirt@gmail.com', NULL, '2023-05-26 18:35:01', '2023-05-26 18:35:01'),
(131, 26, 11, 'info@trevi-design.com', NULL, '2023-05-26 18:36:21', '2023-05-26 18:36:21'),
(132, 25, 11, 'customercare@ofis.ae', NULL, '2023-05-26 18:37:23', '2023-05-26 18:37:23'),
(133, 24, 11, 'info@aqaar.com', NULL, '2023-05-26 21:10:32', '2023-05-26 21:10:32'),
(134, 23, 11, 'info@realchoicedubai.com', NULL, '2023-05-26 21:11:35', '2023-05-26 21:11:35'),
(135, 20, 11, 'info@tilalproperties.com', NULL, '2023-05-26 21:12:17', '2023-05-26 21:12:17'),
(137, 19, 11, 'info@ushre.com', NULL, '2023-05-26 21:13:35', '2023-05-26 21:13:35'),
(138, 18, 11, 'info@azcorealestate.ae', NULL, '2023-05-26 21:14:13', '2023-05-26 21:14:13'),
(139, 16, 11, 'info@aquaproperties.com', NULL, '2023-05-26 21:14:52', '2023-05-26 21:14:52'),
(140, 22, 11, 'Info@ajrealestate.ae', NULL, '2023-05-26 21:21:42', '2023-05-26 21:21:42'),
(141, 21, 11, 'info@dacha.ae', NULL, '2023-05-26 21:22:51', '2023-05-26 21:22:51'),
(142, 17, 11, 'info@enlightenproperties.ae', NULL, '2023-05-26 21:23:41', '2023-05-26 21:23:41'),
(143, 52, 1, '0524444444', NULL, '2023-05-26 21:32:13', '2023-05-26 21:32:13'),
(144, 52, 11, 'MOHAMMED20@GMAIL.COM', NULL, '2023-05-26 21:32:13', '2023-05-26 21:32:13'),
(149, 55, 1, '0567658713', NULL, '2023-05-31 01:27:22', '2023-05-31 01:27:22'),
(150, 55, 11, 'didarbd070@gmail.com', NULL, '2023-05-31 01:27:22', '2023-05-31 01:27:22'),
(151, 56, 1, '04444444', NULL, '2023-05-31 21:08:35', '2023-05-31 21:08:35'),
(152, 56, 11, 'SAMAH77@GMAIL.COM', NULL, '2023-05-31 21:08:35', '2023-05-31 21:08:35'),
(153, 57, 1, '044444440', NULL, '2023-05-31 21:09:36', '2023-05-31 21:09:36'),
(154, 57, 11, 'SAMAH777@GMAIL.COM', NULL, '2023-05-31 21:09:36', '2023-05-31 21:09:36'),
(157, 59, 1, '0544444', NULL, '2023-06-01 12:12:12', '2023-06-01 12:12:12'),
(158, 59, 11, 'mdkh123@gmail.com', NULL, '2023-06-01 12:12:12', '2023-06-01 12:12:12'),
(161, 61, 11, 'emsquare@emirates.net.ae', NULL, '2023-06-01 19:05:59', '2023-06-01 19:05:59'),
(162, 61, 1, '042729009', NULL, '2023-06-01 19:08:30', '2023-06-01 19:08:30'),
(163, 62, 11, 'imtiaz@vicc.co', NULL, '2023-06-01 19:18:11', '2023-06-01 19:18:11'),
(164, 62, 1, '044303703', NULL, '2023-06-01 19:20:27', '2023-06-01 19:20:27'),
(165, 63, 11, 'info@cosmospiling.com', NULL, '2023-06-01 19:36:22', '2023-06-01 19:36:22'),
(166, 63, 1, '045540504', NULL, '2023-06-01 19:37:35', '2023-06-01 19:37:35'),
(167, 64, 1, '055555', NULL, '2023-06-01 21:59:48', '2023-06-01 21:59:48'),
(168, 64, 11, 'MOHAMMED2030@GMAIL.COM', NULL, '2023-06-01 21:59:48', '2023-06-01 21:59:48'),
(169, 65, 1, '0444', NULL, '2023-06-01 22:12:22', '2023-06-01 22:12:22'),
(170, 65, 11, 'MOHAMMED20330@GMAIL.COM', NULL, '2023-06-01 22:12:22', '2023-06-01 22:12:22'),
(171, 66, 1, '55555555555555', NULL, '2023-06-01 22:13:13', '2023-06-01 22:13:13'),
(172, 66, 11, 'MOHAMMED10@GMAIL.COM', NULL, '2023-06-01 22:13:13', '2023-06-01 22:13:13'),
(177, 71, 1, '054444', NULL, '2023-06-02 20:47:50', '2023-06-02 20:47:50'),
(178, 71, 11, 'MOHAMMED5050@GMAIL.COM', NULL, '2023-06-02 20:47:50', '2023-06-02 20:47:50'),
(179, 72, 1, '055555', NULL, '2023-06-02 20:49:19', '2023-06-02 20:49:19'),
(180, 72, 11, 'MOHAMMED505050@GMAIL.COM', NULL, '2023-06-02 20:49:19', '2023-06-02 20:49:19'),
(185, 75, 1, '05000', NULL, '2023-06-02 23:24:52', '2023-06-02 23:24:52'),
(186, 75, 11, 'khatab30@gmail.com', NULL, '2023-06-02 23:24:52', '2023-06-02 23:24:52'),
(187, 76, 1, '055555', NULL, '2023-06-02 23:26:50', '2023-06-02 23:26:50'),
(188, 76, 11, 'khatab40@gmail.com', NULL, '2023-06-02 23:26:50', '2023-06-02 23:26:50'),
(189, 77, 1, '055555', NULL, '2023-06-02 23:29:17', '2023-06-02 23:29:17'),
(190, 77, 11, 'khatab404@gmail.com', NULL, '2023-06-02 23:29:17', '2023-06-02 23:29:17'),
(191, 78, 1, '055555', NULL, '2023-06-03 00:04:20', '2023-06-03 00:04:20'),
(192, 78, 11, 'nnnnn@gmail.com', NULL, '2023-06-03 00:04:20', '2023-06-03 00:04:20'),
(193, 79, 1, '056500025', NULL, '2023-06-03 02:32:24', '2023-06-03 02:32:24'),
(194, 79, 11, 'saooonxh@gmail.com', NULL, '2023-06-03 02:32:24', '2023-06-03 02:32:24'),
(197, 81, 11, 'ARTOAK@EIM.AE', NULL, '2023-06-04 14:15:33', '2023-06-04 14:15:33'),
(198, 81, 1, '043372888', NULL, '2023-06-04 14:20:59', '2023-06-04 14:20:59'),
(199, 81, 4, 'https://www.facebook.com/ArifAndBintoak/', NULL, '2023-06-04 14:21:37', '2023-06-04 14:21:37'),
(200, 82, 11, 'info@gulf-edc.com', NULL, '2023-06-04 14:36:29', '2023-06-04 14:36:29'),
(201, 82, 1, '065758585', NULL, '2023-06-04 14:39:12', '2023-06-04 14:39:12'),
(202, 83, 11, 'info@aj-des.ae', NULL, '2023-06-04 14:46:30', '2023-06-04 14:46:30'),
(203, 83, 1, '067425555', NULL, '2023-06-04 14:47:41', '2023-06-04 14:47:41'),
(204, 83, 4, 'https://www.facebook.com/AJ-design-Consultants-105706314900348', NULL, '2023-06-04 14:47:57', '2023-06-04 14:47:57'),
(205, 83, 6, 'https://www.instagram.com/AJdesignConsultants/', NULL, '2023-06-04 14:48:16', '2023-06-04 14:48:16'),
(206, 84, 11, 'sharjah@khatibalami.com', NULL, '2023-06-04 14:55:54', '2023-06-04 14:55:54'),
(207, 84, 1, '065722444', NULL, '2023-06-04 14:56:32', '2023-06-04 14:56:32'),
(208, 84, 10, 'https://ae.linkedin.com/company/khatib-&-alami-cec', NULL, '2023-06-04 14:57:48', '2023-06-04 14:57:48'),
(209, 84, 4, 'https://www.facebook.com/khatibandalami/?locale=ar_AR', NULL, '2023-06-04 14:58:15', '2023-06-04 14:58:15'),
(210, 85, 11, 'info@artcon.ae', NULL, '2023-06-06 13:35:33', '2023-06-06 13:35:33'),
(211, 85, 1, '+971 4 237 2900', NULL, '2023-06-06 13:37:51', '2023-06-06 13:37:51'),
(212, 85, 10, 'https://www.linkedin.com/company/art-architectural-consultants', NULL, '2023-06-06 13:49:44', '2023-06-06 13:49:44'),
(213, 86, 11, 'info@alajmi.ae', NULL, '2023-06-06 13:57:50', '2023-06-06 13:57:50'),
(214, 86, 1, '+ 971 4 2349494', NULL, '2023-06-06 14:01:37', '2023-06-06 14:01:37'),
(215, 86, 2, '+ 971 4 2239900', NULL, '2023-06-06 14:01:53', '2023-06-06 14:01:53'),
(216, 86, 4, 'https://www.facebook.com/people/Al-Ajmi-Engineering-Consultants-AEC/100057554153780/', NULL, '2023-06-06 14:02:12', '2023-06-06 14:02:12'),
(217, 86, 6, 'https://www.instagram.com/alajmiengineeringconsultants/', NULL, '2023-06-06 14:02:31', '2023-06-06 14:02:31'),
(218, 86, 5, 'https://twitter.com/aec_dubai', NULL, '2023-06-06 14:02:50', '2023-06-06 14:02:50'),
(219, 87, 11, 'info@cubicec.com', NULL, '2023-06-06 14:08:15', '2023-06-06 14:08:15'),
(220, 87, 1, '009716 548 54 54', NULL, '2023-06-06 14:09:05', '2023-06-06 14:09:05'),
(221, 87, 2, '009716 548 54 54', NULL, '2023-06-06 14:09:14', '2023-06-06 14:09:14'),
(222, 87, 4, 'https://www.facebook.com/Cubicec', NULL, '2023-06-06 14:09:33', '2023-06-06 14:09:33'),
(223, 88, 11, 'info@algurg.net', NULL, '2023-06-06 14:18:09', '2023-06-06 14:18:09'),
(224, 88, 1, '+971 4 302 4999', NULL, '2023-06-06 14:18:41', '2023-06-06 14:18:41'),
(225, 88, 2, '+971 4 302 4888', NULL, '2023-06-06 14:18:54', '2023-06-06 14:18:54'),
(226, 88, 10, 'https://ae.linkedin.com/company/al-gurg-consultants', NULL, '2023-06-06 14:21:26', '2023-06-06 14:21:26'),
(227, 89, 11, 'contactus@sarco-cont.com', NULL, '2023-06-07 20:22:32', '2023-06-07 20:22:32'),
(228, 89, 1, '065732127', NULL, '2023-06-07 20:23:01', '2023-06-07 20:23:52'),
(229, 89, 6, 'https://www.instagram.com/sarco.building.contracting/?igshid=YmMyMTA2M2Y%3D', NULL, '2023-06-07 20:24:11', '2023-06-07 20:24:11'),
(230, 89, 4, 'https://www.facebook.com/people/Sarco-Building-Contracting-LLC/100083035431397/', NULL, '2023-06-07 20:24:28', '2023-06-07 20:24:28'),
(231, 90, 11, 'investor.cont2000@gmail.com', NULL, '2023-06-07 20:54:55', '2023-06-07 20:54:55'),
(232, 90, 1, '065656066', NULL, '2023-06-07 20:55:33', '2023-06-07 20:55:33'),
(233, 91, 11, 'info@tmfeuro.ae', NULL, '2023-06-07 21:02:11', '2023-06-07 21:02:11'),
(234, 91, 1, '042980942', NULL, '2023-06-07 21:04:52', '2023-06-07 21:04:52'),
(235, 92, 11, 'mail@nationalgroup.org', NULL, '2023-06-07 21:15:25', '2023-06-07 21:15:25'),
(236, 92, 1, '043333123', NULL, '2023-06-07 21:16:57', '2023-06-07 21:16:57'),
(237, 93, 1, '0566466938', NULL, '2023-06-08 11:08:34', '2023-06-08 11:08:34'),
(238, 93, 11, 'sales@birchwoodindustries.com', NULL, '2023-06-08 11:08:34', '2023-06-08 11:08:34'),
(239, 94, 11, 'info@killadesign.com', NULL, '2023-06-08 12:28:28', '2023-06-08 12:28:28'),
(240, 94, 4, 'https://www.facebook.com/killadesignuae', NULL, '2023-06-08 12:36:50', '2023-06-08 12:36:50'),
(241, 94, 10, 'https://www.linkedin.com/company/killa-design/', NULL, '2023-06-08 12:37:09', '2023-06-08 12:37:30'),
(242, 94, 1, '043554447', NULL, '2023-06-08 12:37:46', '2023-06-08 12:37:46'),
(243, 94, 6, 'https://www.instagram.com/killadesign_/', NULL, '2023-06-08 12:38:06', '2023-06-08 12:38:06'),
(244, 95, 11, 'bader@aracome.com', NULL, '2023-06-08 12:42:03', '2023-06-08 12:42:03'),
(245, 95, 4, 'https://www.facebook.com/ARACONSULTANTS/', NULL, '2023-06-08 12:42:42', '2023-06-08 12:42:42'),
(246, 95, 1, '042235455', NULL, '2023-06-08 12:43:00', '2023-06-08 12:43:00'),
(247, 95, 6, 'https://www.instagram.com/araconsultants/', NULL, '2023-06-08 12:43:17', '2023-06-08 12:43:17'),
(248, 96, 11, 'bainona1@eim.ae', NULL, '2023-06-08 13:14:08', '2023-06-08 13:14:08'),
(249, 96, 1, '026329400', NULL, '2023-06-08 13:14:36', '2023-06-08 13:14:36'),
(250, 96, 2, '+ 971 2 6329480', NULL, '2023-06-08 13:14:59', '2023-06-08 13:14:59'),
(251, 97, 11, 'info@arjancont.com', NULL, '2023-06-08 13:21:15', '2023-06-08 13:21:15'),
(252, 97, 1, '072444449', NULL, '2023-06-08 13:21:38', '2023-06-08 13:21:38'),
(253, 98, 11, 'Info@alasri-consult.com', NULL, '2023-06-08 13:31:08', '2023-06-08 13:31:08'),
(254, 98, 1, '042413131', NULL, '2023-06-08 13:31:23', '2023-06-08 13:31:23'),
(255, 98, 4, 'https://www.facebook.com/Al-Asri-Engineering-Consultant-450396858701231/', NULL, '2023-06-08 13:31:38', '2023-06-08 13:31:38'),
(256, 98, 6, 'https://www.instagram.com/alasri_consultants/', NULL, '2023-06-08 13:31:57', '2023-06-08 13:31:57'),
(257, 98, 10, 'https://www.linkedin.com/in/al-asri-engineering-consultants-2aa412174/', NULL, '2023-06-08 13:32:14', '2023-06-08 13:32:14'),
(258, 99, 11, 'info@ati-cae.com', NULL, '2023-06-08 13:36:16', '2023-06-08 13:36:16'),
(259, 99, 1, '+971 (0)6 554 85 84', NULL, '2023-06-08 13:44:56', '2023-06-08 13:44:56'),
(260, 99, 2, '+971 (0)6 554 85 83', NULL, '2023-06-08 13:45:35', '2023-06-08 13:45:35'),
(261, 99, 10, 'https://www.linkedin.com/company/ati-cae', NULL, '2023-06-08 13:46:14', '2023-06-08 13:46:14'),
(262, 99, 6, 'https://www.instagram.com/ati.cae/?hl=en', NULL, '2023-06-08 13:46:31', '2023-06-08 13:46:31'),
(263, 99, 4, 'https://www.facebook.com/people/ATI/100064003749362/', NULL, '2023-06-08 13:47:08', '2023-06-08 13:47:08'),
(264, 100, 1, '0561033055', NULL, '2023-06-10 12:42:47', '2023-06-10 12:53:06'),
(265, 100, 11, 'gulzar447@yahoo.com', NULL, '2023-06-10 12:42:47', '2023-06-10 12:42:47'),
(266, 101, 11, '7star.contracting7@gmail.com', NULL, '2023-06-11 00:05:28', '2023-06-11 00:05:28'),
(267, 101, 1, '0506330102', NULL, '2023-06-11 00:06:19', '2023-06-11 00:06:19'),
(268, 101, 4, 'https://www.facebook.com/people/7Stars-Contracting/100088662687846/', NULL, '2023-06-11 00:11:06', '2023-06-11 00:11:06'),
(269, 101, 6, 'https://www.instagram.com/7star.contracting/', NULL, '2023-06-11 00:11:30', '2023-06-11 00:11:30'),
(270, 102, 11, 'info@algafry.com', NULL, '2023-06-12 12:57:59', '2023-06-12 12:57:59'),
(271, 102, 1, '04-2678181', NULL, '2023-06-12 12:58:20', '2023-06-12 12:58:20'),
(272, 103, 11, 'info@enmaaengcon.com', NULL, '2023-06-12 13:01:19', '2023-06-12 13:01:19'),
(273, 103, 2, '+971 6 56 55 007', NULL, '2023-06-12 13:02:30', '2023-06-12 13:02:30'),
(274, 103, 1, '+971 6 52 38 228', NULL, '2023-06-12 13:02:48', '2023-06-12 13:02:48'),
(275, 103, 4, 'https://www.facebook.com/enmaa.engcon/', NULL, '2023-06-12 13:03:06', '2023-06-12 13:03:06'),
(276, 103, 5, 'https://twitter.com/EnmaaEngcon', NULL, '2023-06-12 13:03:21', '2023-06-12 13:03:21'),
(277, 103, 6, 'https://www.instagram.com/enmaaengcon/', NULL, '2023-06-12 13:03:37', '2023-06-12 13:03:37'),
(278, 104, 11, 'info@datum.ae', NULL, '2023-06-12 13:07:31', '2023-06-12 13:07:31'),
(279, 104, 2, '+971.4.294.8322', NULL, '2023-06-12 13:08:04', '2023-06-12 13:08:04'),
(280, 104, 1, '+97142948311', NULL, '2023-06-12 13:08:36', '2023-06-12 13:08:36'),
(281, 104, 4, 'https://www.facebook.com/datum.engineering.consultants/', NULL, '2023-06-12 13:08:57', '2023-06-12 13:08:57'),
(282, 104, 6, 'https://www.instagram.com/datumconsultants/', NULL, '2023-06-12 13:09:14', '2023-06-12 13:09:14'),
(283, 104, 10, 'https://www.linkedin.com/company/datum-engineering-consultants?trk=eml-company_page_created-body-view_cp_button&midToken=AQGPbo4IblkXcQ&fromEmail=fromEmail&ut=1ciengnxb2Kn41', NULL, '2023-06-12 13:09:38', '2023-06-12 13:09:38'),
(284, 105, 11, 'admin@altorath.ae', NULL, '2023-06-12 13:21:19', '2023-06-12 13:21:19'),
(285, 105, 1, '+971 (2) 404 1444', NULL, '2023-06-12 13:23:16', '2023-06-12 13:23:16'),
(286, 105, 2, '+971 (2) 678 8620', NULL, '2023-06-12 13:23:32', '2023-06-12 13:23:32'),
(288, 107, 11, 'lotusllc.trading@gmail.com', NULL, '2023-06-13 02:07:37', '2023-06-13 02:07:37'),
(289, 107, 1, '0581699332', NULL, '2023-06-13 02:08:22', '2023-06-13 02:08:22'),
(290, 108, 11, 'DSSSTEEL@GMAIL.COM', NULL, '2023-06-13 02:29:33', '2023-06-13 02:29:33'),
(291, 108, 1, '048890940', NULL, '2023-06-13 02:32:43', '2023-06-13 02:32:43'),
(292, 109, 11, 'aljasoor@eim.ae', NULL, '2023-06-13 02:37:28', '2023-06-13 02:37:28'),
(293, 109, 1, '067415575', NULL, '2023-06-13 02:43:27', '2023-06-13 02:43:27'),
(294, 109, 4, 'https://www.facebook.com/aljessourbmt/', NULL, '2023-06-13 02:43:40', '2023-06-13 02:43:40'),
(295, 109, 6, 'https://www.instagram.com/al_jessour_bmt/', NULL, '2023-06-13 02:44:09', '2023-06-13 02:44:09'),
(296, 110, 11, 'toolsdelmon@gmail.com', NULL, '2023-06-13 02:52:19', '2023-06-13 02:52:19'),
(297, 110, 1, '0509429432', NULL, '2023-06-13 02:52:48', '2023-06-13 02:52:48'),
(298, 111, 11, 'info@royalsteel.co', NULL, '2023-06-13 03:33:05', '2023-06-13 03:33:05'),
(299, 111, 1, '067313757', NULL, '2023-06-13 03:33:40', '2023-06-13 03:33:40'),
(300, 111, 4, 'https://www.facebook.com/RoyalBrassSteelTrading/', NULL, '2023-06-13 03:34:04', '2023-06-13 03:34:04'),
(301, 112, 11, 'nextengn@eim.ae', NULL, '2023-06-13 12:57:33', '2023-06-13 12:57:33'),
(302, 112, 1, '+971 4 2668680', NULL, '2023-06-13 12:59:14', '2023-06-13 12:59:14'),
(304, 112, 2, '+971 4 2668380', NULL, '2023-06-13 12:59:29', '2023-06-13 12:59:29'),
(305, 112, 10, 'https://www.linkedin.com/company/next-engineering-consultants', NULL, '2023-06-13 12:59:48', '2023-06-13 12:59:48'),
(306, 112, 4, 'https://www.facebook.com/NEXT.Engineering.Consultants/', NULL, '2023-06-13 13:00:12', '2023-06-13 13:00:12'),
(307, 113, 11, 'contact@sidra-consultancy.com', NULL, '2023-06-13 13:03:21', '2023-06-13 13:03:21'),
(308, 113, 1, '+971 4 396 0308', NULL, '2023-06-13 13:03:46', '2023-06-13 13:03:46'),
(309, 114, 11, 'info@sbkarchitects.me', NULL, '2023-06-13 13:06:42', '2023-06-13 13:06:42'),
(310, 114, 1, '+971 4 285 8089', NULL, '2023-06-13 13:07:13', '2023-06-13 13:07:13'),
(311, 115, 11, 'qhc@eim.ae', NULL, '2023-06-13 13:10:43', '2023-06-13 13:10:43'),
(312, 115, 1, '00971 6 5743555', NULL, '2023-06-13 13:11:14', '2023-06-13 13:11:14'),
(313, 115, 2, '00971 6 5743999', NULL, '2023-06-13 13:12:36', '2023-06-13 13:12:36'),
(314, 115, 10, 'https://in.linkedin.com/company/qhc-architects-&-engineers', NULL, '2023-06-13 13:13:18', '2023-06-13 13:13:18'),
(315, 115, 10, 'https://in.linkedin.com/company/qhc-architects-&-engineers', NULL, '2023-06-13 13:13:19', '2023-06-13 13:13:19'),
(316, 116, 11, 'secb@suweidi.com', NULL, '2023-06-13 13:19:37', '2023-06-13 13:19:37'),
(317, 116, 1, '042598825', NULL, '2023-06-13 13:20:12', '2023-06-13 13:20:12'),
(318, 117, 11, 'info@kwec.ae', NULL, '2023-06-13 13:22:46', '2023-06-13 13:22:46'),
(319, 117, 1, '04-2272416', NULL, '2023-06-13 13:23:26', '2023-06-13 13:23:26'),
(320, 117, 2, '04-2272418', NULL, '2023-06-13 13:23:40', '2023-06-13 13:23:40'),
(321, 117, 4, 'https://www.facebook.com/kwecdubai', NULL, '2023-06-13 13:24:09', '2023-06-13 13:24:09'),
(322, 117, 10, 'https://www.linkedin.com/company/kwec-al-khawajah-engineering-consultants/', NULL, '2023-06-13 13:24:34', '2023-06-13 13:24:34'),
(323, 117, 6, 'https://www.linkedin.com/company/kwec-al-khawajah-engineering-consultants/', NULL, '2023-06-13 13:24:57', '2023-06-13 13:24:57'),
(324, 118, 11, 'info@canadianconsultant.net', NULL, '2023-06-13 13:32:20', '2023-06-13 13:32:20'),
(325, 118, 1, '+971 4 332 1006', NULL, '2023-06-13 13:33:49', '2023-06-13 13:33:49'),
(326, 118, 2, '+971 4 332 1007', NULL, '2023-06-13 13:34:04', '2023-06-13 13:34:04'),
(327, 119, 11, 'dubai@johnrharris.com', NULL, '2023-06-13 13:51:18', '2023-06-13 13:51:18'),
(328, 120, 11, 'info@afkarec.ae', NULL, '2023-06-15 13:27:39', '2023-06-15 13:27:39'),
(329, 120, 1, '065590345', NULL, '2023-06-15 13:32:03', '2023-06-15 13:32:03'),
(330, 120, 4, 'https://www.facebook.com/afkarec/', NULL, '2023-06-15 13:32:18', '2023-06-15 13:32:18'),
(331, 120, 6, 'https://www.instagram.com/afkarec.ae/', NULL, '2023-06-15 13:32:45', '2023-06-15 13:32:45'),
(332, 121, 11, 'klickenggineering@gmail.com', NULL, '2023-06-15 13:47:17', '2023-06-15 13:47:17'),
(333, 121, 1, '04-2574000', NULL, '2023-06-15 13:48:37', '2023-06-15 13:48:37'),
(334, 121, 2, '04-2574000', NULL, '2023-06-15 13:48:54', '2023-06-15 13:48:54'),
(335, 122, 11, 'info@tijangroup.com', NULL, '2023-06-15 13:54:25', '2023-06-15 13:54:25'),
(336, 122, 1, '044314000', NULL, '2023-06-15 13:56:22', '2023-06-15 13:56:22'),
(337, 122, 4, 'https://www.facebook.com/tegtijan/', NULL, '2023-06-15 13:58:10', '2023-06-15 13:58:10'),
(338, 122, 6, 'https://www.instagram.com/archi_teg/', NULL, '2023-06-15 13:59:45', '2023-06-15 13:59:45'),
(339, 122, 10, 'https://www.linkedin.com/company/tijan-engineering-group/', NULL, '2023-06-15 14:00:03', '2023-06-15 14:00:03'),
(344, 125, 11, 'mail@shandagha.com', NULL, '2023-06-19 15:34:56', '2023-06-19 15:34:56'),
(345, 125, 1, '+971 4 421 3408', NULL, '2023-06-19 15:39:01', '2023-06-19 15:39:01'),
(346, 125, 2, '+971 4 421 3409', NULL, '2023-06-19 15:39:19', '2023-06-19 15:39:19'),
(347, 125, 10, 'https://www.linkedin.com/company/al-shandagha-architects-engineering-consultants/', NULL, '2023-06-19 15:39:35', '2023-06-19 15:39:35'),
(348, 126, 11, 'diwan.eng.cons@gmail.com', NULL, '2023-06-19 15:51:20', '2023-06-19 15:51:20'),
(349, 126, 1, '06 74 97 781', NULL, '2023-06-19 15:52:05', '2023-06-19 15:52:05'),
(350, 126, 4, 'https://www.facebook.com/al.diwan.1650', NULL, '2023-06-19 15:52:33', '2023-06-19 15:52:33'),
(351, 126, 5, 'https://twitter.com/DiwanEngineers', NULL, '2023-06-19 15:52:52', '2023-06-19 15:52:52'),
(352, 126, 6, 'https://www.instagram.com/AlDiwanConsultingEngineers/', NULL, '2023-06-19 15:53:09', '2023-06-19 15:53:09'),
(353, 127, 11, 'uaeboxrak@hotmail.com', NULL, '2023-06-19 15:58:58', '2023-06-19 15:58:58'),
(354, 127, 1, '+97172359050', NULL, '2023-06-19 15:59:40', '2023-06-19 15:59:40'),
(355, 127, 4, 'https://www.facebook.com/people/Dubai-Engineering-Consultants/100033915146683/', NULL, '2023-06-19 16:00:20', '2023-06-19 16:00:20'),
(356, 127, 6, 'https://www.instagram.com/dec_rak/', NULL, '2023-06-19 16:00:43', '2023-06-19 16:00:43'),
(357, 128, 1, '0565037283', NULL, '2023-06-19 17:42:25', '2023-06-19 17:42:25'),
(358, 128, 11, 'production.alufix@gmail.com', NULL, '2023-06-19 17:42:25', '2023-06-19 17:42:25'),
(359, 129, 11, 'info@neb.ae', NULL, '2023-07-04 03:17:47', '2023-07-04 03:17:47'),
(360, 129, 1, '043242020', NULL, '2023-07-04 03:18:15', '2023-07-04 03:18:15'),
(361, 129, 4, 'https://www.facebook.com/nebdubai', NULL, '2023-07-04 03:18:38', '2023-07-04 03:18:38'),
(362, 129, 10, 'https://www.linkedin.com/company/national-engineering-bureau/', NULL, '2023-07-04 03:24:07', '2023-07-04 03:24:07'),
(363, 130, 11, 'info@gactme.com', NULL, '2023-07-04 03:34:53', '2023-07-04 03:34:53'),
(364, 130, 1, '065219966', NULL, '2023-07-04 03:35:46', '2023-07-04 03:35:46'),
(365, 131, 11, 'info.eg@delta-foundations.com', NULL, '2023-07-04 03:45:25', '2023-07-04 03:45:25'),
(366, 131, 1, '043455773', NULL, '2023-07-04 03:46:05', '2023-07-04 03:46:05'),
(367, 131, 4, 'https://www.facebook.com/people/Delta-Foundations-Co/100070178556196/', NULL, '2023-07-04 03:46:22', '2023-07-04 03:46:22'),
(368, 132, 11, 'contact@highstar.ae', NULL, '2023-07-04 03:55:41', '2023-07-04 03:55:41'),
(369, 132, 1, '042668890', NULL, '2023-07-04 03:56:05', '2023-07-04 03:56:05'),
(370, 133, 11, 'info-sharjah@mazayacom.com', NULL, '2023-07-04 04:02:53', '2023-07-04 04:02:53'),
(371, 133, 1, '065737782', NULL, '2023-07-04 04:03:46', '2023-07-04 04:03:46'),
(372, 133, 4, 'https://www.facebook.com/MazayaConsultingEngineers', NULL, '2023-07-04 04:04:02', '2023-07-04 04:04:02'),
(373, 133, 10, 'https://www.linkedin.com/in/mazayaconsultingengineers/', NULL, '2023-07-04 04:04:20', '2023-07-04 04:04:20'),
(374, 134, 11, 'info@awajconsultants.com', NULL, '2023-07-04 04:16:10', '2023-07-04 04:16:10'),
(375, 135, 11, 'federal@fec-al.com', NULL, '2023-07-04 04:25:33', '2023-07-04 04:25:33'),
(376, 134, 10, 'https://www.linkedin.com/company/al-wasl-al-jadeed-consultants/about/', NULL, '2023-07-04 04:26:07', '2023-07-04 04:26:07'),
(377, 134, 1, '045657710', NULL, '2023-07-04 04:27:18', '2023-07-04 04:27:18'),
(378, 135, 1, '042395414', NULL, '2023-07-04 04:27:41', '2023-07-04 04:27:41'),
(379, 135, 6, 'https://www.instagram.com/federal_engineeringconsultants/?hl=en', NULL, '2023-07-04 04:28:04', '2023-07-04 04:28:04'),
(380, 135, 4, 'https://www.facebook.com/people/Federal-Engineering-Consultants/100063569410515/', NULL, '2023-07-04 04:28:20', '2023-07-04 04:28:20'),
(381, 135, 10, 'https://www.linkedin.com/company/federal-ec/', NULL, '2023-07-04 04:28:42', '2023-07-04 04:28:42'),
(382, 136, 1, '0564144563', NULL, '2023-07-13 11:27:53', '2023-07-13 11:27:53'),
(383, 136, 11, 'talal@mpi.ae', NULL, '2023-07-13 11:27:53', '2023-07-13 11:27:53'),
(386, 138, 1, '01023424942', NULL, '2023-08-17 16:57:46', '2023-08-17 16:57:46'),
(387, 138, 11, 'etshhassan9@gmail.com', NULL, '2023-08-17 16:57:46', '2023-08-17 16:57:46'),
(388, 139, 1, '+201033987202', NULL, '2023-08-17 17:03:05', '2023-08-17 17:03:05'),
(389, 139, 11, 'mohamed.moussa.soli@gmail.com', NULL, '2023-08-17 17:03:05', '2023-08-17 17:03:05'),
(390, 140, 1, '1111111', NULL, '2023-09-02 00:34:44', '2023-09-02 00:34:44'),
(391, 140, 11, 'MOHAMMED202121@GMAIL.COM', NULL, '2023-09-02 00:34:44', '2023-09-02 00:34:44'),
(393, 141, 1, '0553502573', NULL, '2023-09-23 19:40:55', '2023-09-23 19:40:55'),
(394, 141, 11, 'ahmed_ibrahim2014@yahoo.com', NULL, '2023-09-23 19:40:55', '2023-09-23 19:40:55'),
(395, 142, 1, '0553502573', NULL, '2023-09-23 20:01:39', '2023-09-23 20:01:39'),
(396, 142, 11, 'ahmed_ibrahim2014@yahoo.com', NULL, '2023-09-23 20:01:39', '2023-09-23 20:01:39'),
(397, 142, 3, '00000000000000', NULL, '2023-09-23 20:05:40', '2023-09-23 20:05:40'),
(398, 143, 1, '0055', NULL, '2023-09-24 19:50:43', '2023-09-24 19:50:43'),
(399, 143, 11, 'ggg1@gmail.com', NULL, '2023-09-24 19:50:43', '2023-09-24 19:50:43'),
(400, 145, 11, 'info@voceuae.com', NULL, '2023-09-26 06:35:07', '2023-09-26 06:35:07'),
(401, 145, 1, '045838491', NULL, '2023-09-26 06:36:34', '2023-09-26 06:36:34'),
(402, 145, 3, '971585886044+', NULL, '2023-09-26 06:37:05', '2023-09-26 06:38:40'),
(403, 146, 11, 'naushimon@yahoo.com', NULL, '2023-10-05 03:47:28', '2023-10-05 03:47:28'),
(404, 147, 11, 'info@mysite.com', NULL, '2023-10-05 04:36:52', '2023-10-05 04:36:52'),
(405, 148, 1, '00971503991020', NULL, '2023-10-08 01:56:44', '2023-10-08 02:00:05'),
(409, 150, 11, 'saff@emirates.net.ae', NULL, '2023-10-08 02:39:43', '2023-10-08 02:39:43'),
(410, 150, 1, '0097142222002', NULL, '2023-10-08 02:41:32', '2023-10-08 02:41:32'),
(411, 150, 2, '0097142239902', NULL, '2023-10-08 02:42:32', '2023-10-08 02:42:32'),
(412, 151, 11, 'info@antcpl.com', NULL, '2023-10-08 02:56:50', '2023-10-08 02:56:50'),
(413, 151, 1, '0097142838490', NULL, '2023-10-08 02:57:50', '2023-10-08 02:57:50'),
(414, 151, 2, '0097142838408', NULL, '2023-10-08 02:58:16', '2023-10-08 02:58:54'),
(415, 152, 11, 'info@citynightscontracting.com', NULL, '2023-10-12 02:14:34', '2023-10-12 02:14:34'),
(416, 152, 1, '0097142632633', NULL, '2023-10-12 02:15:47', '2023-10-12 02:15:47'),
(417, 153, 11, 'belyoha@emirates.net.ae', NULL, '2023-10-12 02:58:23', '2023-10-12 02:58:23'),
(418, 153, 1, '0097142232311', NULL, '2023-10-12 02:59:30', '2023-10-12 02:59:30'),
(419, 154, 11, 'uncon369@eim.ae', NULL, '2023-10-12 03:06:45', '2023-10-12 03:06:45'),
(420, 154, 1, '0097142395666', NULL, '2023-10-12 03:07:49', '2023-10-12 03:07:49'),
(421, 154, 2, '0097142395777', NULL, '2023-10-12 03:08:55', '2023-10-12 03:08:55'),
(422, 155, 11, 'barjeelec@outlook.com', NULL, '2023-10-12 03:38:37', '2023-10-12 03:38:37'),
(423, 155, 1, '00971508641280', NULL, '2023-10-12 03:41:57', '2023-10-12 03:41:57'),
(424, 156, 11, 'akgc@eim.ae', NULL, '2023-10-12 03:48:00', '2023-10-12 03:48:00'),
(425, 156, 1, '3333377', NULL, '2023-10-12 03:48:34', '2023-10-12 03:48:34'),
(426, 156, 2, '3338047', NULL, '2023-10-12 03:49:06', '2023-10-12 03:49:06'),
(427, 157, 11, 'contact@archdome.net', NULL, '2023-10-12 03:58:32', '2023-10-12 03:58:32'),
(428, 157, 1, '0097143609990', NULL, '2023-10-12 03:59:20', '2023-10-12 03:59:20'),
(439, 161, 11, 'info@ostdubai.com', NULL, '2023-10-16 13:40:53', '2023-10-16 13:40:53'),
(440, 161, 1, '0097144571112', NULL, '2023-10-16 13:41:23', '2023-10-16 13:41:23'),
(456, 168, 11, 'majalamb@aim.ae', NULL, '2023-10-24 02:52:13', '2023-10-24 02:52:13'),
(457, 168, 1, '04 271 1222', NULL, '2023-10-24 02:53:00', '2023-10-24 02:53:00'),
(458, 168, 6, 'https://www.instagram.com/almajalconsultant/', NULL, '2023-10-24 02:53:24', '2023-10-24 02:53:24'),
(459, 168, 3, '0506500076', NULL, '2023-10-24 02:53:45', '2023-10-24 02:53:45'),
(464, 170, 11, 'info@poeconsultants.com', NULL, '2023-10-24 04:11:46', '2023-10-24 04:11:46'),
(465, 170, 1, '0097142832283', NULL, '2023-10-24 04:12:47', '2023-10-24 04:12:47'),
(467, 170, 6, 'https://www.instagram.com/poeconsultants/', NULL, '2023-10-24 04:14:42', '2023-10-24 04:14:42'),
(468, 170, 4, 'https://www.facebook.com/PioneersOfExpertsEngineeringConsultants', NULL, '2023-10-24 04:15:13', '2023-10-24 04:15:13'),
(469, 170, 5, 'https://twitter.com/Poeconsultants', NULL, '2023-10-24 04:15:32', '2023-10-24 04:15:32'),
(470, 171, 11, 'contact@tigergroup.ae', NULL, '2023-10-24 04:52:19', '2023-10-24 04:52:19'),
(471, 171, 1, '0097144281444', NULL, '2023-10-24 04:59:19', '2023-10-24 04:59:19'),
(472, 171, 4, 'https://www.facebook.com/tigergroupglobal', NULL, '2023-10-24 04:59:36', '2023-10-24 04:59:36'),
(473, 171, 5, 'https://twitter.com/TigerGroup_UAE', NULL, '2023-10-24 04:59:55', '2023-10-24 04:59:55'),
(474, 171, 6, 'https://www.instagram.com/tigergroupglobal', NULL, '2023-10-24 05:00:11', '2023-10-24 05:00:11'),
(475, 171, 3, '00971800300300', NULL, '2023-10-24 05:00:44', '2023-10-24 05:00:44'),
(476, 172, 11, 'info@landmarkae.com', NULL, '2023-10-24 05:10:17', '2023-10-24 05:10:17'),
(477, 172, 1, '0097145824545', NULL, '2023-10-24 05:11:04', '2023-10-24 05:11:04'),
(478, 172, 4, 'https://facebook.com/landmark.uae', NULL, '2023-10-24 05:11:28', '2023-10-24 05:11:28'),
(479, 172, 6, 'https://instagram.com/landmarkec', NULL, '2023-10-24 05:11:49', '2023-10-24 05:11:49'),
(480, 172, 5, 'https://twitter.com/@LANDMARKE', NULL, '2023-10-24 05:12:10', '2023-10-24 05:12:10'),
(481, 173, 11, 'info@iliyaacontrracting.com', NULL, '2023-10-24 05:23:01', '2023-10-24 05:23:01'),
(482, 173, 1, '00971653295356', NULL, '2023-10-24 05:26:04', '2023-10-24 05:26:04'),
(483, 174, 11, 'rec606@eim.ae', NULL, '2023-10-24 05:33:34', '2023-10-24 05:33:34'),
(484, 174, 1, '0097142578142', NULL, '2023-10-24 05:34:12', '2023-10-24 05:34:12'),
(485, 174, 4, 'http://facebook.com/', NULL, '2023-10-24 05:34:30', '2023-10-24 05:34:30'),
(486, 174, 6, 'https://www.instagram.com/', NULL, '2023-10-24 05:35:26', '2023-10-24 05:35:26'),
(487, 174, 5, 'https://twitter.com/', NULL, '2023-10-24 05:35:50', '2023-10-24 05:35:50'),
(488, 175, 11, 'info@albaraka-co.com', NULL, '2023-10-24 05:48:31', '2023-10-24 05:48:31'),
(489, 175, 1, '00971543333091', NULL, '2023-10-24 05:49:27', '2023-10-24 05:49:27'),
(490, 176, 11, 'info@ridgeconsult.com', NULL, '2023-10-28 05:09:26', '2023-10-28 05:09:26'),
(491, 176, 1, '0097142550804', NULL, '2023-10-28 05:10:15', '2023-10-28 05:10:15'),
(492, 177, 11, 'admin@turanbc.com', NULL, '2023-10-28 05:18:42', '2023-10-28 05:18:42'),
(493, 177, 1, '0097144520889', NULL, '2023-10-28 05:19:30', '2023-10-28 05:19:30'),
(494, 177, 4, 'https://www.turanbc.com/index.html#', NULL, '2023-10-28 05:20:18', '2023-10-28 05:20:18'),
(495, 178, 11, 'info@example.com', NULL, '2023-10-28 05:31:06', '2023-10-28 05:31:06'),
(496, 178, 1, '043580222', NULL, '2023-10-28 05:32:07', '2023-10-28 05:32:07'),
(497, 178, 2, '043580220', NULL, '2023-10-28 05:34:37', '2023-10-28 05:34:37'),
(498, 179, 11, 'info@adconc.com', NULL, '2023-10-28 05:45:28', '2023-10-28 05:45:28'),
(499, 179, 1, '02-6654765', NULL, '2023-10-28 05:47:01', '2023-10-28 05:47:01'),
(500, 180, 11, 'Office@barajeel.ae', NULL, '2023-10-28 05:53:16', '2023-10-28 05:53:16'),
(501, 181, 11, 'egyco@uae.com', NULL, '2023-10-30 12:16:30', '2023-10-30 12:16:30'),
(502, 181, 1, '0097124477514', NULL, '2023-10-30 12:18:40', '2023-10-30 12:18:40'),
(503, 181, 2, '0097126778496', NULL, '2023-10-30 12:19:22', '2023-10-30 12:19:22'),
(504, 182, 11, 'bainona1@emirates.net.ae', NULL, '2023-10-30 12:24:57', '2023-10-30 12:24:57'),
(505, 182, 1, '0097126329400', NULL, '2023-10-30 12:25:52', '2023-10-30 12:25:52'),
(506, 182, 4, 'https://web.facebook.com/photo/?fbid=753370089240754&set=a.753370062574090&__tn__=%3C', NULL, '2023-10-30 12:26:40', '2023-10-30 12:26:40'),
(507, 182, 2, '0097126329480', NULL, '2023-10-30 12:27:41', '2023-10-30 12:27:41'),
(508, 183, 11, 'info@mmbc.ae', NULL, '2023-10-30 12:34:16', '2023-10-30 12:34:16'),
(509, 183, 1, '0097142520447', NULL, '2023-10-30 12:36:46', '2023-10-30 12:36:46'),
(510, 184, 11, 'info@futureartdubai.ae', NULL, '2023-10-30 12:46:16', '2023-10-30 12:46:16'),
(511, 184, 1, '0097142366866', NULL, '2023-10-30 12:47:02', '2023-10-30 12:47:02'),
(512, 184, 4, 'https://l.facebook.com/l.php?u=http%3A%2F%2Fwww.futureartdubai.ae%2F&h=AT1XvbSNvRfNx3nrNdoH4k6KetxWAX3CZ9XuG6MrC3oYdy_52lnFr7xIhzGeESdo98uyBPhpQSLQQ0CBNLLszCV4UyOrerZWWDbFsPBaaIVe9hs7U_oXvI7HOItJhE_HUkBOAWxt5Qe1Q56b5hR_', NULL, '2023-10-30 12:47:28', '2023-10-30 12:47:28'),
(513, 185, 11, 'stromek@emirates.nt.ae', NULL, '2023-10-30 12:53:16', '2023-10-30 12:53:16'),
(514, 185, 1, '043979505', NULL, '2023-10-30 12:54:26', '2023-10-30 12:54:26'),
(515, 185, 2, '043979506', NULL, '2023-10-30 12:54:55', '2023-10-30 12:54:55'),
(516, 186, 11, 'alrehabb@gmail.com', NULL, '2023-10-30 13:16:37', '2023-10-30 13:16:37'),
(517, 186, 1, '0097167444572', NULL, '2023-10-30 13:17:58', '2023-10-30 13:17:58'),
(518, 186, 2, '0097167444573', NULL, '2023-10-30 13:18:36', '2023-10-30 13:18:36'),
(519, 186, 4, 'https://www.facebook.com/people/Alrehabgroupuae/100088411230693/', NULL, '2023-10-30 13:19:01', '2023-10-30 13:19:01'),
(520, 186, 11, 'alrehabalum@gmail.com', NULL, '2023-10-30 13:19:26', '2023-10-30 13:19:26'),
(521, 187, 11, 'dubai@internationalcon.com', NULL, '2023-10-30 13:26:51', '2023-10-30 13:26:51'),
(522, 187, 1, '0097142636560', NULL, '2023-10-30 13:27:35', '2023-10-30 13:27:35'),
(523, 188, 11, 'info@naresco.ae', NULL, '2023-10-31 12:30:50', '2023-10-31 12:30:50'),
(524, 188, 1, '0097143984545', NULL, '2023-10-31 12:31:55', '2023-10-31 12:31:55'),
(525, 188, 2, '0097143984242', NULL, '2023-10-31 12:32:25', '2023-10-31 12:32:25'),
(526, 188, 4, 'https://www.facebook.com/NarescoContractingllc/', NULL, '2023-10-31 12:32:49', '2023-10-31 12:32:49'),
(527, 188, 6, 'https://www.instagram.com/naresco.ae/', NULL, '2023-10-31 12:33:08', '2023-10-31 12:33:08'),
(528, 189, 11, 'of@h-aof.com', NULL, '2023-10-31 12:44:10', '2023-10-31 12:44:10'),
(529, 189, 1, '0097143586660', NULL, '2023-10-31 12:44:58', '2023-10-31 12:44:58'),
(530, 189, 4, 'https://web.facebook.com/HAOArchitects/about_contact_and_basic_info', NULL, '2023-10-31 12:46:00', '2023-10-31 12:46:00'),
(531, 190, 11, 'Info@poweraxes.com', NULL, '2023-10-31 13:03:16', '2023-10-31 13:03:16'),
(532, 190, 1, '0097145837002', NULL, '2023-10-31 13:04:09', '2023-10-31 13:04:09'),
(533, 190, 4, 'https://www.facebook.com/Power-Axes-Piling-and-Foundation-LLC-841915612663489/', NULL, '2023-10-31 13:04:36', '2023-10-31 13:04:36'),
(534, 190, 5, 'https://twitter.com/poweraxes', NULL, '2023-10-31 13:04:52', '2023-10-31 13:04:52'),
(535, 190, 10, 'https://www.linkedin.com/company/11472592/admin/updates/', NULL, '2023-10-31 13:05:07', '2023-10-31 13:05:07'),
(536, 191, 11, 'ashiyanacontracting@gmail.com', NULL, '2023-10-31 13:09:50', '2023-10-31 13:09:50'),
(537, 191, 1, '0097144508886', NULL, '2023-10-31 13:10:37', '2023-10-31 13:10:37'),
(539, 191, 4, 'https://web.facebook.com/photo/?fbid=157590870266125&set=a.157590840266128&__tn__=%3C', NULL, '2023-10-31 13:12:05', '2023-10-31 13:12:05'),
(540, 192, 11, 'info@orient-crown.com', NULL, '2023-10-31 13:22:07', '2023-10-31 13:22:07'),
(541, 192, 1, '0097145516712', NULL, '2023-10-31 13:24:39', '2023-10-31 13:24:39'),
(542, 192, 6, 'https://www.instagram.com/orient_crown/?hl=en', NULL, '2023-10-31 13:25:09', '2023-10-31 13:25:09'),
(544, 192, 10, 'https://ae.linkedin.com/company/orient-crown-architectural-engineering-consultancy', NULL, '2023-10-31 13:26:11', '2023-10-31 13:26:11'),
(545, 193, 11, 'info@mouhajerdesign.com', NULL, '2023-10-31 13:29:32', '2023-10-31 13:29:32'),
(546, 193, 1, '0097143466221', NULL, '2023-10-31 13:30:43', '2023-10-31 13:30:43'),
(547, 193, 4, 'https://web.facebook.com/photo/?fbid=525041079624819&set=a.525041039624823&__tn__=%3C', NULL, '2023-10-31 13:31:03', '2023-10-31 13:31:03'),
(548, 193, 10, 'https://www.linkedin.com/company/mouhajer-international-design', NULL, '2023-10-31 13:32:36', '2023-10-31 13:32:36'),
(549, 193, 3, 'https://wa.me/971523041482', NULL, '2023-10-31 13:34:53', '2023-10-31 13:34:53'),
(550, 194, 1, '555', NULL, '2023-11-04 04:35:25', '2023-11-04 04:35:25'),
(551, 194, 11, 'MMM@GMAIL.COM', NULL, '2023-11-04 04:35:25', '2023-11-04 04:35:25'),
(552, 195, 11, 'nextengn@emirates.net.ae', NULL, '2023-11-05 13:19:13', '2023-11-05 13:19:13'),
(553, 195, 1, '0097142668680', NULL, '2023-11-05 13:20:00', '2023-11-05 13:20:00'),
(556, 195, 4, 'https://www.facebook.com/NEXT.Engineering.Consultants/?locale=ar_AR', NULL, '2023-11-05 13:21:08', '2023-11-05 13:21:08'),
(557, 195, 10, 'https://ae.linkedin.com/company/next-engineering-consultants', NULL, '2023-11-05 13:21:24', '2023-11-05 13:21:24'),
(558, 195, 6, 'https://www.instagram.com/next.engineering.consultants/?hl=ar', NULL, '2023-11-05 13:22:02', '2023-11-05 13:22:02'),
(559, 196, 11, 'admin@decengineering.net', NULL, '2023-11-05 13:39:53', '2023-11-05 13:39:53'),
(560, 196, 1, '0097142989220', NULL, '2023-11-05 13:42:06', '2023-11-05 13:42:06'),
(561, 196, 2, '0097142989210', NULL, '2023-11-05 13:42:36', '2023-11-05 13:42:36'),
(563, 197, 1, '0097143416841', NULL, '2023-11-05 13:49:53', '2023-11-05 13:49:53'),
(565, 197, 11, 'info@alishrak.com', NULL, '2023-11-05 13:51:29', '2023-11-05 13:51:29'),
(566, 197, 2, '0097143416842', NULL, '2023-11-05 13:55:13', '2023-11-05 13:55:13'),
(567, 198, 11, 'info@globeco.ae', NULL, '2023-11-05 14:01:51', '2023-11-05 14:01:51'),
(568, 198, 1, '0097142970097', NULL, '2023-11-05 14:04:20', '2023-11-05 14:04:20'),
(569, 198, 2, '0097142970098', NULL, '2023-11-05 14:04:59', '2023-11-05 14:04:59'),
(570, 198, 10, 'https://ae.linkedin.com/company/globe-building-contracting', NULL, '2023-11-05 14:05:40', '2023-11-05 14:05:40'),
(571, 199, 11, 'info@lacasa.ae', NULL, '2023-11-05 14:09:28', '2023-11-05 14:09:28'),
(572, 199, 1, '0097144475444', NULL, '2023-11-05 14:10:08', '2023-11-05 14:10:08'),
(573, 199, 4, 'https://www.facebook.com/lacasamena/', NULL, '2023-11-05 14:11:14', '2023-11-05 14:11:14'),
(574, 199, 10, 'https://ae.linkedin.com/company/lacasa', NULL, '2023-11-05 14:11:35', '2023-11-05 14:11:35'),
(575, 200, 11, 'info@u-h.ae', NULL, '2023-11-05 14:27:31', '2023-11-05 14:27:31'),
(576, 200, 1, '009714274094', NULL, '2023-11-05 14:28:16', '2023-11-05 14:28:16'),
(577, 200, 2, '0097144274095', NULL, '2023-11-05 14:28:38', '2023-11-05 14:28:38'),
(578, 200, 10, 'https://ae.linkedin.com/company/urban-habitat-architectural-consultants', NULL, '2023-11-05 14:28:59', '2023-11-05 14:28:59'),
(579, 201, 11, 'davood@aqqgroup.com', NULL, '2023-11-05 15:02:06', '2023-11-05 15:02:06'),
(580, 201, 1, '0097143987337', NULL, '2023-11-05 15:03:05', '2023-11-05 15:03:05'),
(581, 201, 2, '0097143987557', NULL, '2023-11-05 15:03:33', '2023-11-05 15:03:33'),
(582, 202, 11, 'info@gsengint.com', NULL, '2023-11-10 15:18:05', '2023-11-10 15:18:05'),
(583, 202, 1, '0097143859882', NULL, '2023-11-10 15:18:57', '2023-11-10 15:18:57'),
(584, 202, 10, 'https://ae.linkedin.com/company/golden-square-engineering', NULL, '2023-11-10 15:19:25', '2023-11-10 15:19:25'),
(585, 202, 4, 'https://www.facebook.com/gsengineeringconsultants/', NULL, '2023-11-10 15:21:03', '2023-11-10 15:21:03'),
(586, 202, 6, 'https://www.instagram.com/golden.square.eng/', NULL, '2023-11-10 15:21:20', '2023-11-10 15:21:20'),
(587, 203, 11, 'info@mbcc.ae', NULL, '2023-11-10 15:31:09', '2023-11-10 15:31:09'),
(588, 203, 1, '0097167473322', NULL, '2023-11-10 15:33:14', '2023-11-10 15:33:14'),
(589, 203, 2, '0097167473355', NULL, '2023-11-10 15:35:09', '2023-11-10 15:35:09'),
(590, 203, 10, 'https://ae.linkedin.com/company/modern-building-contracting-company', NULL, '2023-11-10 15:36:08', '2023-11-10 15:36:08'),
(591, 204, 11, 'info@megatechcont.ae', NULL, '2023-11-10 16:25:39', '2023-11-10 16:25:39'),
(592, 204, 1, '0097142634300', NULL, '2023-11-10 16:26:16', '2023-11-10 16:26:53'),
(593, 204, 2, '0097142634304', NULL, '2023-11-10 16:27:24', '2023-11-10 16:27:24'),
(594, 205, 11, 'info@cvtec.ae', NULL, '2023-11-10 16:35:07', '2023-11-10 16:35:07'),
(595, 205, 1, '0097144425674', NULL, '2023-11-10 16:35:48', '2023-11-10 16:39:15'),
(596, 205, 2, '0097144225675', NULL, '2023-11-10 16:36:23', '2023-11-10 16:36:23'),
(597, 205, 10, 'https://www.linkedin.com/company/cvtec-consulting-engineers', NULL, '2023-11-10 16:36:52', '2023-11-10 16:36:52'),
(598, 206, 11, 'Shadidem@Eim.Ae', NULL, '2023-11-10 16:44:04', '2023-11-10 16:44:04'),
(599, 206, 1, '0097143263344', NULL, '2023-11-10 16:44:55', '2023-11-10 16:44:55'),
(600, 206, 10, 'https://ae.linkedin.com/company/shadid-engineering-consultants', NULL, '2023-11-10 16:47:01', '2023-11-10 16:47:01'),
(601, 206, 4, 'https://m.facebook.com/p/Shadid-Engineering-Consultants-Dubai-100064074340453/', NULL, '2023-11-10 16:47:51', '2023-11-10 16:47:51'),
(602, 207, 11, 'pcllc@eim.ae', NULL, '2023-11-10 16:52:52', '2023-11-10 16:52:52'),
(603, 207, 1, '0097143340033', NULL, '2023-11-10 16:53:37', '2023-11-10 16:53:37'),
(604, 207, 2, '0097143340433', NULL, '2023-11-10 16:54:12', '2023-11-10 16:54:12'),
(605, 207, 10, 'https://ae.linkedin.com/company/progress-constructions', NULL, '2023-11-10 16:54:41', '2023-11-10 16:54:41'),
(606, 207, 6, 'https://www.instagram.com/progress_constructions/?hl=en', NULL, '2023-11-10 16:54:58', '2023-11-10 16:54:58'),
(607, 207, 4, 'https://m.facebook.com/p/Progress-Constructions-100063472121805/', NULL, '2023-11-10 16:55:14', '2023-11-10 16:55:14'),
(608, 208, 1, '0558080556', NULL, '2023-11-13 04:33:10', '2023-11-13 04:33:10'),
(609, 208, 11, 'okzeela.star@gmail.com', NULL, '2023-11-13 04:33:10', '2023-11-13 04:33:10'),
(610, 209, 11, 'admin@arkiplan-me.com', NULL, '2023-11-13 19:02:57', '2023-11-13 19:02:57'),
(611, 209, 10, 'https://www.linkedin.com/company/arkiplandubai', NULL, '2023-11-13 19:04:10', '2023-11-13 19:04:10'),
(612, 209, 1, '0097143973553', NULL, '2023-11-13 19:04:51', '2023-11-13 19:04:51'),
(614, 210, 1, '3366222', NULL, '2023-11-13 19:19:52', '2023-11-13 19:19:52'),
(615, 210, 2, '3352010', NULL, '2023-11-13 19:20:12', '2023-11-13 19:20:12'),
(616, 210, 10, 'https://ae.linkedin.com/company/al-shafar-national-contracting-l.l.c.?trk=public_profile_experience-item_profile-section-card_image-click', NULL, '2023-11-13 19:20:50', '2023-11-13 19:20:50'),
(617, 210, 11, 'shafar98@emirates.net.ae', NULL, '2023-11-13 19:21:20', '2023-11-13 19:21:20'),
(618, 211, 11, 'mccdubai@eim.ae', NULL, '2023-11-13 19:31:18', '2023-11-13 19:31:18'),
(619, 211, 1, '3395090', NULL, '2023-11-13 19:31:48', '2023-11-13 19:31:48'),
(620, 211, 2, '3395080', NULL, '2023-11-13 19:32:08', '2023-11-13 19:32:08'),
(621, 212, 11, 'khaledrb@eim.ae', NULL, '2023-11-14 12:33:51', '2023-11-14 12:33:51'),
(622, 212, 1, '2675270', NULL, '2023-11-14 12:34:57', '2023-11-14 12:34:57'),
(623, 212, 2, '2675271', NULL, '2023-11-14 12:35:17', '2023-11-14 12:35:17'),
(624, 213, 11, 'contactus@aaagroup.ae', NULL, '2023-11-14 12:46:11', '2023-11-14 12:46:11'),
(625, 213, 1, '0097144401110', NULL, '2023-11-14 12:47:03', '2023-11-14 12:47:03'),
(626, 213, 10, 'https://ae.linkedin.com/company/arenco-abdullah-ahmed-al-moosa-architectural-&-engineering-consultants', NULL, '2023-11-14 12:47:59', '2023-11-14 12:47:59'),
(627, 213, 4, 'https://www.facebook.com/ArencoDubai/', NULL, '2023-11-14 12:48:18', '2023-11-14 12:48:18'),
(628, 214, 11, 'afgpd1@alahmadiah.ae', NULL, '2023-11-14 13:08:47', '2023-11-14 13:08:47'),
(629, 214, 1, '0097143522932', NULL, '2023-11-14 13:15:47', '2023-11-14 13:15:47'),
(630, 214, 1, '43981999', NULL, '2023-11-14 13:16:19', '2023-11-14 13:16:19'),
(631, 214, 2, '43981607', NULL, '2023-11-14 13:16:37', '2023-11-14 13:16:37'),
(632, 215, 11, 'info@modeleng.ae', NULL, '2023-11-14 13:23:31', '2023-11-14 13:23:31'),
(633, 215, 1, '0097143266625', NULL, '2023-11-14 13:24:05', '2023-11-14 13:24:05'),
(634, 215, 4, 'https://www.facebook.com/modelengineeringconsultants', NULL, '2023-11-14 13:24:27', '2023-11-14 13:24:27'),
(635, 215, 5, 'https://twitter.com/modelengdubai', NULL, '2023-11-14 13:24:40', '2023-11-14 13:24:40'),
(636, 215, 6, 'https://www.instagram.com/modelengineering/?hl=en', NULL, '2023-11-14 13:25:01', '2023-11-14 13:25:01'),
(637, 215, 10, 'https://www.linkedin.com/company/model-engineering-consultants', NULL, '2023-11-14 13:25:17', '2023-11-14 13:25:17'),
(638, 216, 11, 'frontoffice@al-ashram.com', NULL, '2023-11-14 13:30:42', '2023-11-14 13:30:42'),
(639, 216, 1, '0097145584000', NULL, '2023-11-14 13:31:38', '2023-11-14 13:31:38'),
(640, 216, 2, '0097145584004', NULL, '2023-11-14 13:32:14', '2023-11-14 13:32:14'),
(641, 216, 10, 'https://ae.linkedin.com/company/al-ashram-contracting-company', NULL, '2023-11-14 13:33:49', '2023-11-14 13:33:49'),
(642, 216, 4, 'https://www.facebook.com/AlAshramContracting/', NULL, '2023-11-14 13:34:08', '2023-11-14 13:34:08'),
(644, 217, 11, 'alsahelengineering@gmail.com', NULL, '2023-11-14 13:40:30', '2023-11-14 13:40:30'),
(645, 217, 1, '00971508412077', NULL, '2023-11-14 13:41:08', '2023-11-14 13:41:08'),
(647, 217, 4, 'https://www.facebook.com/sahilengineering.sahilengineering', NULL, '2023-11-14 13:42:18', '2023-11-14 13:42:18'),
(648, 217, 5, 'https://twitter.com/sahil_ec', NULL, '2023-11-14 13:42:50', '2023-11-14 13:42:50'),
(649, 217, 6, 'https://www.instagram.com/sahil_engineering/?hl=en', NULL, '2023-11-14 13:43:07', '2023-11-14 13:43:07');
INSERT INTO `communications` (`id`, `user_id`, `con_type`, `chanel`, `deleted_at`, `created_at`, `updated_at`) VALUES
(650, 217, 11, 'sahilec@yahoo.com', NULL, '2023-11-14 13:44:55', '2023-11-14 13:44:55'),
(651, 217, 1, '0097142511528', NULL, '2023-11-14 13:45:38', '2023-11-14 13:45:38'),
(652, 217, 2, '0097167464455', NULL, '2023-11-14 13:48:52', '2023-11-14 13:48:52'),
(653, 217, 1, '0097167462233', NULL, '2023-11-14 13:49:26', '2023-11-14 13:49:26'),
(654, 218, 11, 'sbcgroup2006@gmail.com', NULL, '2023-11-14 13:56:16', '2023-11-14 13:56:16'),
(655, 218, 1, '0097167478079', NULL, '2023-11-14 14:17:56', '2023-11-14 14:17:56'),
(656, 218, 4, 'https://www.facebook.com/SbcGroup2006/', NULL, '2023-11-14 14:18:35', '2023-11-14 14:18:35'),
(657, 219, 11, 'info@designec.net', NULL, '2023-11-16 12:59:30', '2023-11-16 12:59:30'),
(658, 219, 1, '00971504149794', NULL, '2023-11-16 13:00:31', '2023-11-16 13:00:31'),
(659, 219, 10, 'https://ae.linkedin.com/company/design-engineering-consultants', NULL, '2023-11-16 13:00:53', '2023-11-16 13:00:53'),
(660, 219, 6, 'https://www.instagram.com/design.engc/', NULL, '2023-11-16 13:01:17', '2023-11-16 13:01:17'),
(661, 219, 1, '00971524444044', NULL, '2023-11-16 13:02:14', '2023-11-16 13:02:14'),
(662, 220, 11, 'sarhalmurjan.bldgcont@gmail.com', NULL, '2023-11-16 13:10:27', '2023-11-16 13:10:27'),
(663, 220, 1, '00971553633446', NULL, '2023-11-16 13:11:08', '2023-11-16 13:11:08'),
(664, 220, 4, 'https://www.facebook.com/profile.php?id=100066812423109', NULL, '2023-11-16 13:11:49', '2023-11-16 13:11:49'),
(665, 220, 5, 'https://www.sarhalmurjan.com/#', NULL, '2023-11-16 13:12:11', '2023-11-16 13:12:11'),
(666, 220, 6, 'https://instagram.com/sarh.almurjan?igshid=YmMyMTA2M2Y=', NULL, '2023-11-16 13:12:27', '2023-11-16 13:12:27'),
(667, 221, 11, 'cecagm@emirates.net.ae', NULL, '2023-11-16 13:26:27', '2023-11-16 13:26:27'),
(668, 221, 1, '0097167418444', NULL, '2023-11-16 13:27:15', '2023-11-16 13:27:15'),
(669, 221, 10, 'https://www.linkedin.com/company/continental-engineering-consultants-limited', NULL, '2023-11-16 13:28:35', '2023-11-16 13:28:35'),
(670, 221, 4, 'https://m.facebook.com/p/CEC-Continental-Engineering-Consultant-100046588345939/?locale=ar_AR', NULL, '2023-11-16 13:28:53', '2023-11-16 13:28:53'),
(671, 222, 11, 'corporate@prestigegroup.me', NULL, '2023-11-16 13:42:27', '2023-11-16 13:42:27'),
(672, 222, 4, 'https://www.facebook.com/PrestigeConstructionsUAE/', NULL, '2023-11-16 13:43:04', '2023-11-16 13:43:04'),
(673, 222, 1, '0097142207539', NULL, '2023-11-16 13:43:48', '2023-11-16 13:43:48'),
(674, 222, 1, '0097167451389', NULL, '2023-11-16 13:44:22', '2023-11-16 13:44:22'),
(675, 222, 2, '0097142207529', NULL, '2023-11-16 13:45:35', '2023-11-16 13:45:35'),
(676, 222, 2, '0097167451388', NULL, '2023-11-16 13:46:08', '2023-11-16 13:46:08'),
(677, 223, 11, 'info@edmacconsulting.com', NULL, '2023-11-16 14:32:10', '2023-11-16 14:32:10'),
(678, 223, 1, '0097142247043', NULL, '2023-11-16 14:33:39', '2023-11-16 14:33:39'),
(679, 223, 2, '0097142247049', NULL, '2023-11-16 14:34:13', '2023-11-16 14:34:13'),
(680, 223, 1, '009712223344', NULL, '2023-11-16 14:34:46', '2023-11-16 14:34:46'),
(681, 223, 2, '0097192223340', NULL, '2023-11-16 14:35:29', '2023-11-16 14:35:29'),
(682, 223, 4, 'https://www.facebook.com/architects.dubai/', NULL, '2023-11-16 14:36:21', '2023-11-16 14:36:21'),
(683, 223, 6, 'https://www.instagram.com/edmacuae/', NULL, '2023-11-16 14:36:35', '2023-11-16 14:36:35'),
(684, 223, 10, 'https://ae.linkedin.com/company/edmac-engineering-consultant-uae', NULL, '2023-11-16 14:36:52', '2023-11-16 14:36:52'),
(685, 224, 11, 'teament@emirates.net.ae', NULL, '2023-11-20 04:51:05', '2023-11-20 04:51:05'),
(686, 224, 1, '0097165134444', NULL, '2023-11-20 04:52:19', '2023-11-20 04:52:19'),
(687, 224, 1, '0097142683145', NULL, '2023-11-20 04:53:15', '2023-11-20 04:53:15'),
(688, 224, 11, 'info@teamengineering.ae', NULL, '2023-11-20 04:53:51', '2023-11-20 04:53:51'),
(689, 224, 2, '0097165443000', NULL, '2023-11-20 04:54:43', '2023-11-20 04:54:43'),
(690, 224, 2, '0097142683240', NULL, '2023-11-20 04:55:18', '2023-11-20 04:55:18'),
(691, 224, 10, 'https://ae.linkedin.com/company/team-engineering-enterprises-ltd-', NULL, '2023-11-20 04:56:17', '2023-11-20 04:56:17'),
(692, 225, 11, 'info@skrbcont.com', NULL, '2023-11-20 05:02:18', '2023-11-20 05:02:18'),
(693, 225, 1, '0097142866014', NULL, '2023-11-20 05:02:52', '2023-11-20 05:02:52'),
(694, 225, 4, 'https://m.facebook.com/profile.php?id=347006699068996', NULL, '2023-11-20 05:03:18', '2023-11-20 05:03:18'),
(695, 225, 10, 'https://ae.linkedin.com/in/muralikrishnan-varadharajan-981737208', NULL, '2023-11-20 05:03:33', '2023-11-20 05:03:33'),
(696, 226, 11, 'dubai@naarchitects.net', NULL, '2023-11-20 05:16:37', '2023-11-20 05:16:37'),
(697, 226, 1, '0097145820061', NULL, '2023-11-20 05:17:26', '2023-11-20 05:17:26'),
(698, 226, 10, 'https://ae.linkedin.com/company/na-architects', NULL, '2023-11-20 05:18:31', '2023-11-20 05:18:31'),
(699, 226, 4, 'https://www.facebook.com/naarchitects/', NULL, '2023-11-20 05:19:09', '2023-11-20 05:19:09'),
(700, 227, 11, 'eece1959@eim.ae', NULL, '2023-11-20 05:31:30', '2023-11-20 05:31:30'),
(701, 227, 1, '0097142969211', NULL, '2023-11-20 05:32:18', '2023-11-20 05:32:18'),
(702, 227, 4, 'https://www.facebook.com/p/Emirates-Engineer-Consulting-Engineering-100068943354552/', NULL, '2023-11-20 05:32:41', '2023-11-20 05:32:41'),
(703, 227, 10, 'https://www.linkedin.com/company/emirates-engineer-consulting-engineering', NULL, '2023-11-20 05:33:04', '2023-11-20 05:33:04'),
(704, 228, 11, 'info@alsayeghgroup.ae', NULL, '2023-11-20 05:40:49', '2023-11-20 05:40:49'),
(705, 228, 1, '0097126664443', NULL, '2023-11-20 05:41:32', '2023-11-20 05:41:32'),
(706, 228, 4, 'https://www.facebook.com/p/Al-Sayegh-Contracting-LLC-ASCC-100085078074087/', NULL, '2023-11-20 05:43:21', '2023-11-20 05:43:21'),
(707, 228, 10, 'https://ae.linkedin.com/in/kirolos-f-b68342155?trk=public_profile_similar-profiles_profile-result-card_result-card_full-click', NULL, '2023-11-20 05:43:39', '2023-11-20 05:43:39'),
(708, 229, 11, 'info@prolineconsult.com', NULL, '2023-11-23 06:19:00', '2023-11-23 06:19:00'),
(709, 229, 4, 'https://www.facebook.com/ProlineEngineering/', NULL, '2023-11-23 06:19:52', '2023-11-23 06:19:52'),
(710, 229, 10, 'https://ae.linkedin.com/in/proline-engineering-consultants-proline2-19308211', NULL, '2023-11-23 06:20:12', '2023-11-23 06:20:12'),
(711, 229, 1, '0097143960055', NULL, '2023-11-23 06:21:19', '2023-11-23 06:21:19'),
(712, 229, 2, '0097143960056', NULL, '2023-11-23 06:22:10', '2023-11-23 06:22:10'),
(713, 230, 11, 'mail@ntjg.com', NULL, '2023-11-23 06:31:23', '2023-11-23 06:31:23'),
(714, 230, 1, '0097143261088', NULL, '2023-11-23 06:32:12', '2023-11-23 06:32:12'),
(715, 230, 10, 'https://www.linkedin.com/company/nantong-contructing-llc', NULL, '2023-11-23 06:32:49', '2023-11-23 06:32:49'),
(716, 230, 4, 'https://m.facebook.com/p/Nantong-Construction-Group-Co-Ltd-100083378472940/', NULL, '2023-11-23 06:33:13', '2023-11-23 06:33:13'),
(717, 231, 11, 'admin@nooraconsultancy.com', NULL, '2023-11-23 06:49:55', '2023-11-23 06:49:55'),
(718, 231, 1, '00971521294257', NULL, '2023-11-23 06:50:56', '2023-11-23 06:50:56'),
(719, 231, 10, 'https://ae.linkedin.com/in/noora-engineering-090161210', NULL, '2023-11-23 06:51:51', '2023-11-23 06:51:51'),
(720, 231, 4, 'https://m.facebook.com/p/Noora-Engineering-Consultant-100065120426428/', NULL, '2023-11-23 06:52:09', '2023-11-23 06:52:09'),
(721, 231, 6, 'https://www.instagram.com/nooraengineering/?hl=ar', NULL, '2023-11-23 06:52:23', '2023-11-23 06:52:23'),
(722, 232, 11, 'luzancom@emirates.ae', NULL, '2023-11-30 04:45:00', '2023-11-30 04:45:00'),
(723, 232, 1, '0097143477488', NULL, '2023-11-30 04:45:42', '2023-11-30 04:45:42'),
(724, 232, 2, '0097143477070', NULL, '2023-11-30 04:46:09', '2023-11-30 04:46:09'),
(725, 232, 10, 'https://sa.linkedin.com/company/%D9%85%D8%AC%D9%85%D9%88%D8%B9%D8%A9-%D8%B9%D9%86%D9%88%D8%A7%D9%86-%D8%A7%D9%84%D8%AE%D9%84%D9%8A%D8%AC-%D9%84%D9%84%D8%A7%D8%B3%D8%AA%D8%AB%D9%85%D8%A7%D8%B1-%D8%A7%D9%84%D8%B9%D9%82%D8%A7%D8%B1%D9%8A', NULL, '2023-11-30 04:46:34', '2023-11-30 04:46:34'),
(726, 232, 4, 'https://www.hassanalamirgroup.com/contactus.php#', NULL, '2023-11-30 04:50:06', '2023-11-30 04:50:06'),
(728, 232, 11, 'info@hagalamir.com', NULL, '2023-11-30 04:51:01', '2023-11-30 04:51:01'),
(729, 233, 11, 'alummah1@emirates.net.ae', NULL, '2023-11-30 05:08:29', '2023-11-30 05:08:29'),
(730, 233, 10, 'https://ae.linkedin.com/in/mirna-wasef-67b48164', NULL, '2023-11-30 05:09:07', '2023-11-30 05:09:07'),
(731, 233, 1, '00971.4.227.7712', NULL, '2023-11-30 05:09:44', '2023-11-30 05:09:44'),
(732, 233, 2, '00971.4.222.2416', NULL, '2023-11-30 05:10:13', '2023-11-30 05:10:13'),
(733, 234, 11, 'info@julfarcontracting.com', NULL, '2023-11-30 05:24:35', '2023-11-30 05:24:35'),
(734, 234, 1, '0097143977746', NULL, '2023-11-30 05:25:35', '2023-11-30 05:25:35'),
(735, 234, 4, 'https://www.facebook.com/julfarbuildingcontracting/', NULL, '2023-11-30 05:30:31', '2023-11-30 05:30:31'),
(736, 234, 10, 'https://ae.linkedin.com/in/julfar-contracting-3118b613b', NULL, '2023-11-30 05:30:44', '2023-11-30 05:30:44'),
(737, 235, 11, 'arrakha@emirates.net.ae', NULL, '2023-11-30 05:37:17', '2023-11-30 05:37:17'),
(738, 235, 1, '0097143268252', NULL, '2023-11-30 05:38:52', '2023-11-30 05:38:52'),
(739, 235, 2, '0097143268263', NULL, '2023-11-30 05:39:19', '2023-11-30 05:39:19'),
(740, 235, 1, '00971-2-6771624', NULL, '2023-11-30 05:40:47', '2023-11-30 05:40:47'),
(741, 235, 1, '00971-4-5837054', NULL, '2023-11-30 05:41:16', '2023-11-30 05:41:16'),
(742, 235, 4, 'https://www.alrakha.com/#', NULL, '2023-11-30 05:43:22', '2023-11-30 05:43:22'),
(743, 236, 1, '0512345678', NULL, '2024-01-26 14:37:01', '2024-01-26 14:37:01'),
(744, 236, 11, 'mdmd@gmail.com', NULL, '2024-01-26 14:37:01', '2024-01-26 14:37:01'),
(745, 239, 1, '0545385283', NULL, '2024-03-11 08:14:34', '2024-03-11 08:14:34'),
(746, 239, 11, 'javed1234.j11@gmail.com', NULL, '2024-03-11 08:14:34', '2024-03-11 08:14:34'),
(747, 240, 1, '0545385283', NULL, '2024-03-11 08:15:22', '2024-03-11 08:15:22'),
(748, 240, 11, 'javed1234.j11@gmail.com', NULL, '2024-03-11 08:15:22', '2024-03-11 08:15:22'),
(749, 241, 1, '05555', NULL, '2024-03-26 04:35:08', '2024-03-26 04:35:08'),
(750, 241, 11, 'adamm@gmail.com', NULL, '2024-03-26 04:35:08', '2024-03-26 04:35:08'),
(751, 242, 1, '0555', NULL, '2024-03-26 04:45:09', '2024-03-26 04:45:09'),
(752, 242, 11, 'nnnn@gmail.com', NULL, '2024-03-26 04:45:09', '2024-03-26 04:45:09'),
(753, 243, 1, '0588370984', NULL, '2024-07-04 15:27:28', '2024-07-04 15:27:28'),
(754, 243, 11, 'mouraddaoud916@gmail.com', NULL, '2024-07-04 15:27:28', '2024-07-04 15:27:28'),
(755, 244, 1, '4444444444444444', NULL, '2024-07-16 19:11:05', '2024-07-16 19:11:05'),
(756, 244, 11, 'admin@gmail.com', NULL, '2024-07-16 19:11:05', '2024-07-16 19:11:05'),
(757, 245, 1, '0589283409', NULL, '2024-08-03 07:52:46', '2024-08-03 07:52:46'),
(758, 245, 11, 'mahmoudgamal3369m@gmail.com', NULL, '2024-08-03 07:52:46', '2024-08-03 07:52:46'),
(759, 246, 1, '01278123996', NULL, '2024-08-17 14:02:44', '2024-08-17 14:02:44'),
(760, 246, 11, 'companyapp@gmail.com', NULL, '2024-08-17 14:02:44', '2024-08-17 14:02:44'),
(761, 247, 11, 'almaali.eng@gmail.com', NULL, '2024-08-19 11:53:49', '2024-08-19 11:53:49'),
(762, 247, 1, '0097143306840', NULL, '2024-08-19 11:54:59', '2024-08-19 11:54:59'),
(763, 247, 2, '0097143306850', NULL, '2024-08-19 11:59:20', '2024-08-19 11:59:20'),
(764, 248, 11, 'info@esands-uae.com', NULL, '2024-08-19 12:06:25', '2024-08-19 12:06:25'),
(765, 248, 1, '0097143412444', NULL, '2024-08-19 12:07:16', '2024-08-19 12:07:16'),
(767, 248, 4, 'https://web.facebook.com/emiratesands/about_profile_transparency', NULL, '2024-08-19 12:09:00', '2024-08-19 12:09:00'),
(768, 249, 11, 'dar@engdar.com', NULL, '2024-08-19 12:28:46', '2024-08-19 12:28:46'),
(769, 249, 10, 'https://ae.linkedin.com/company/bait-al-imarah-engineering-consultancy', NULL, '2024-08-19 12:29:11', '2024-08-19 12:29:11'),
(770, 249, 6, 'https://www.instagram.com/archhouse_/', NULL, '2024-08-19 12:29:38', '2024-08-19 12:29:38'),
(771, 249, 1, '00971506264615', NULL, '2024-08-19 12:30:19', '2024-08-19 12:30:19'),
(772, 250, 11, 'cochindx@eim.ae', NULL, '2024-08-19 12:39:25', '2024-08-19 12:39:25'),
(773, 250, 1, '00971565158008', NULL, '2024-08-19 12:40:20', '2024-08-19 12:40:20'),
(774, 250, 4, 'https://www.facebook.com/p/Cochin-Building-Contracting-LLC-100063608710535/', NULL, '2024-08-19 12:40:49', '2024-08-19 12:40:49'),
(775, 251, 11, 'info@alt3mer.com', NULL, '2024-08-19 13:00:05', '2024-08-19 13:00:05'),
(776, 251, 1, '0097167421844', NULL, '2024-08-19 13:00:53', '2024-08-19 13:00:53'),
(777, 251, 6, 'https://www.instagram.com/alt3mer/?hl=ar', NULL, '2024-08-19 13:01:12', '2024-08-19 13:01:12'),
(779, 253, 11, 'info@unionig.com', NULL, '2024-08-21 01:41:11', '2024-08-21 01:41:11'),
(780, 253, 1, '0097142395666', NULL, '2024-08-21 01:42:13', '2024-08-21 01:42:13'),
(781, 253, 2, '0097142395777', NULL, '2024-08-21 01:42:41', '2024-08-21 01:42:41'),
(782, 254, 11, 'murtaza.sakbcont@gmail.com', NULL, '2024-08-21 01:58:49', '2024-08-21 01:58:49'),
(783, 254, 1, '00971566547729', NULL, '2024-08-21 01:59:55', '2024-08-21 01:59:55'),
(784, 254, 4, 'https://www.facebook.com/p/Sarh-Al-Khaleej-Building-Contracting-LLC-100023082078507/?locale=ar_AR', NULL, '2024-08-21 02:01:32', '2024-08-21 02:01:32'),
(785, 254, 8, 'https://www.tiktok.com/@sakbldgcontllc', NULL, '2024-08-21 02:01:57', '2024-08-21 02:01:57'),
(786, 254, 10, 'https://www.linkedin.com/company/al-sarh-contracting-l-l-c-', NULL, '2024-08-21 02:02:25', '2024-08-21 02:02:25'),
(787, 255, 11, 'info@shinesquarebuilders.com', NULL, '2024-08-21 02:18:15', '2024-08-21 02:18:15'),
(788, 255, 4, 'https://www.facebook.com/shinesbcdxb/', NULL, '2024-08-21 02:19:17', '2024-08-21 02:19:17'),
(789, 255, 10, 'https://www.linkedin.com/hp', NULL, '2024-08-21 02:19:34', '2024-08-21 02:19:34'),
(790, 255, 6, 'https://www.instagram.com/_shinesbc_/', NULL, '2024-08-21 02:19:49', '2024-08-21 02:19:49'),
(791, 255, 1, '00971526751852', NULL, '2024-08-21 02:20:34', '2024-08-21 02:20:34'),
(795, 257, 11, 'alajmi.consultant@gmail.com', NULL, '2024-08-22 01:23:59', '2024-08-22 01:23:59'),
(796, 257, 1, '0097142349494', NULL, '2024-08-22 01:31:01', '2024-08-22 01:31:01'),
(797, 257, 4, 'https://www.facebook.com/Al-Ajmi-Engineering-Consultants-AEC-194727047290715', NULL, '2024-08-22 01:31:32', '2024-08-22 01:31:32'),
(798, 257, 6, 'https://www.instagram.com/alajmiengineeringconsultants/', NULL, '2024-08-22 01:32:37', '2024-08-22 01:32:37'),
(799, 258, 1, '01278123996', NULL, '2024-08-22 06:50:54', '2024-08-22 06:50:54'),
(800, 258, 11, 'ahmed@example.com', NULL, '2024-08-22 06:50:54', '2024-08-22 06:50:54'),
(801, 259, 11, 'nfo@bh-ns.com', NULL, '2024-08-22 13:06:20', '2024-08-22 13:06:20'),
(802, 259, 1, '0097143344777', NULL, '2024-08-22 13:07:52', '2024-08-22 13:07:52'),
(803, 259, 2, '0097143344255', NULL, '2024-08-22 13:08:31', '2024-08-22 13:08:31'),
(804, 259, 4, 'https://www.facebook.com/BHNS-Engineering-Consultants-343546949372912/?ref=page_internal', NULL, '2024-08-22 13:08:56', '2024-08-22 13:08:56'),
(805, 259, 10, 'https://www.linkedin.com/feed/', NULL, '2024-08-22 13:09:14', '2024-08-22 13:09:14'),
(806, 259, 5, 'https://twitter.com/BHNSENGINEERIN1', NULL, '2024-08-22 13:09:30', '2024-08-22 13:09:30'),
(807, 260, 11, 'mimarad@mimar-group.com', NULL, '2024-08-22 13:33:56', '2024-08-22 13:33:56'),
(808, 260, 1, '0097165549922', NULL, '2024-08-22 13:34:48', '2024-08-22 13:34:48'),
(809, 260, 4, 'https://www.facebook.com/mimargroup.consultant', NULL, '2024-08-22 13:36:18', '2024-08-22 13:36:18'),
(810, 260, 10, 'https://www.linkedin.com/company/mimar-group/', NULL, '2024-08-22 13:36:34', '2024-08-22 13:36:34'),
(811, 260, 6, 'https://instagram.com/mimargroup', NULL, '2024-08-22 13:36:51', '2024-08-22 13:36:51'),
(812, 261, 11, 'designcn@emirates.net.ae', NULL, '2024-08-22 13:50:39', '2024-08-22 13:50:39'),
(813, 261, 1, '0097142944443', NULL, '2024-08-22 13:51:40', '2024-08-22 13:51:40'),
(814, 261, 2, '0097142944439', NULL, '2024-08-22 13:52:10', '2024-08-22 13:52:10'),
(815, 261, 4, 'https://www.facebook.com/designcenter.dubai', NULL, '2024-08-22 13:52:42', '2024-08-22 13:52:42'),
(816, 261, 6, 'https://www.instagram.com/designcentre.dubai/', NULL, '2024-08-22 13:53:10', '2024-08-22 13:53:10'),
(817, 262, 11, 'sayed@bssgi.com', NULL, '2024-08-23 23:59:14', '2024-08-23 23:59:14'),
(818, 262, 1, '0097143332630', NULL, '2024-08-24 00:00:16', '2024-08-24 00:00:16'),
(819, 262, 2, '0097143332404', NULL, '2024-08-24 00:00:52', '2024-08-24 00:00:52'),
(820, 262, 10, 'https://ae.linkedin.com/company/zfc2005', NULL, '2024-08-24 00:01:30', '2024-08-24 00:01:30'),
(821, 263, 11, 'mms@mms.engineering', NULL, '2024-08-24 00:16:30', '2024-08-24 00:16:30'),
(822, 263, 1, '0097144344416', NULL, '2024-08-24 00:18:33', '2024-08-24 00:18:33'),
(823, 263, 1, '0097144380604', NULL, '2024-08-24 00:20:09', '2024-08-24 00:20:09'),
(825, 263, 10, 'https://www.linkedin.com/company/mms-&-associates-architectural-and-engineering-consultants', NULL, '2024-08-24 00:20:44', '2024-08-24 00:20:44'),
(826, 264, 11, 'Tender@geofoundationdxb.com', NULL, '2024-08-24 00:34:50', '2024-08-24 00:34:50'),
(827, 264, 1, '0097142636100', NULL, '2024-08-24 00:38:26', '2024-08-24 00:38:26'),
(828, 264, 2, '0097142636101', NULL, '2024-08-24 00:39:15', '2024-08-24 00:39:15'),
(829, 264, 4, 'https://www.geofoundationgroup.com/contact/#', NULL, '2024-08-24 00:44:44', '2024-08-24 00:44:44'),
(830, 264, 5, 'https://www.geofoundationgroup.com/contact/#', NULL, '2024-08-24 00:45:12', '2024-08-24 00:45:12'),
(831, 265, 11, 'info@omnium.com', NULL, '2024-08-24 01:11:27', '2024-08-24 01:11:27'),
(832, 266, 11, 'info@smehboob.com', NULL, '2024-08-24 01:44:29', '2024-08-24 01:44:29'),
(833, 266, 4, 'https://smehboob.com/#', NULL, '2024-08-24 01:46:34', '2024-08-24 01:46:34'),
(834, 267, 11, 'nahdaeng@emirates.ne', NULL, '2024-08-24 01:56:48', '2024-08-24 01:56:48'),
(835, 267, 1, '0097165595666', NULL, '2024-08-24 01:57:47', '2024-08-24 01:57:47'),
(836, 267, 2, '0097165595566', NULL, '2024-08-24 01:58:18', '2024-08-24 01:58:18'),
(837, 268, 11, 'info@alwathba.com', NULL, '2024-08-24 02:19:18', '2024-08-24 02:19:18'),
(838, 268, 1, '0097165726770', NULL, '2024-08-24 02:20:05', '2024-08-24 02:21:27'),
(839, 268, 2, '0097165726244', NULL, '2024-08-24 02:20:47', '2024-08-24 02:20:47'),
(840, 269, 11, 'info@gccuae.com', NULL, '2024-08-25 12:40:05', '2024-08-25 12:40:05'),
(841, 269, 1, '0097142806889', NULL, '2024-08-25 12:41:36', '2024-08-25 12:41:36'),
(842, 269, 2, '0097142806210', NULL, '2024-08-25 12:42:24', '2024-08-25 12:42:24'),
(843, 270, 11, 'shafar97@emirates.net.ae', NULL, '2024-08-25 13:02:22', '2024-08-25 13:02:22'),
(844, 270, 1, '0097143352888', NULL, '2024-08-25 13:03:36', '2024-08-25 13:03:36'),
(845, 270, 1, '0097146996433', NULL, '2024-08-25 13:05:00', '2024-08-25 13:05:00'),
(846, 270, 2, '00971-4-3345115', NULL, '2024-08-25 13:05:53', '2024-08-25 13:05:53'),
(847, 271, 11, 'sales@althuriah.com', NULL, '2024-08-25 13:34:11', '2024-08-25 13:34:11'),
(848, 271, 1, '0097165911111', NULL, '2024-08-25 13:35:02', '2024-08-25 13:35:02'),
(849, 271, 2, '0097165302220', NULL, '2024-08-25 13:35:52', '2024-08-25 13:35:52'),
(850, 271, 4, 'https://www.facebook.com/althuriahgroup/', NULL, '2024-08-25 13:36:07', '2024-08-25 13:36:07'),
(851, 271, 6, 'https://www.instagram.com/althuriahgroup/', NULL, '2024-08-25 13:36:23', '2024-08-25 13:36:23'),
(852, 271, 3, '0097165911111', NULL, '2024-08-25 13:38:13', '2024-08-25 13:38:13'),
(853, 272, 11, 'enquiry@merakidevelopers.com', NULL, '2024-08-25 14:10:57', '2024-08-25 14:10:57'),
(854, 272, 1, '0097142423967', NULL, '2024-08-25 14:11:58', '2024-08-25 14:11:58'),
(855, 272, 10, 'https://ae.linkedin.com/in/shijo-joseph-b7725177', NULL, '2024-08-25 14:14:39', '2024-08-25 14:14:39'),
(857, 273, 1, '0097142423967', NULL, '2024-08-25 14:24:04', '2024-08-25 14:24:04'),
(858, 273, 10, 'https://ae.linkedin.com/company/merakiglobalme', NULL, '2024-08-25 14:24:57', '2024-08-25 14:24:57'),
(859, 273, 11, 'enquiry@merakidevelopers.com', NULL, '2024-08-25 14:25:37', '2024-08-25 14:25:37'),
(860, 273, 4, 'https://www.facebook.com/MerakiDevelopers/?ref=br_rs', NULL, '2024-08-25 14:26:19', '2024-08-25 14:26:19'),
(861, 273, 6, 'https://www.instagram.com/meraki_developers', NULL, '2024-08-25 14:26:33', '2024-08-25 14:26:33'),
(862, 274, 11, 'info@wmeglobal.com', NULL, '2024-08-25 14:36:28', '2024-08-25 14:36:28'),
(863, 274, 1, '0097143881616', NULL, '2024-08-25 14:37:47', '2024-08-25 14:37:47'),
(864, 274, 2, '0097143806161', NULL, '2024-08-25 14:38:24', '2024-08-25 14:38:24'),
(865, 275, 11, 'press@ua-intl.com', NULL, '2024-08-25 15:03:01', '2024-08-25 15:03:01'),
(866, 275, 1, '0097143999700', NULL, '2024-08-25 15:04:56', '2024-08-25 15:04:56'),
(867, 275, 10, 'https://ca.linkedin.com/company/u-a-consultants', NULL, '2024-08-25 15:05:14', '2024-08-25 15:05:14'),
(868, 276, 11, 'Info@gmc-co.com', NULL, '2024-08-25 15:09:57', '2024-08-25 15:09:57'),
(869, 276, 1, '0097144277706', NULL, '2024-08-25 15:10:55', '2024-08-25 15:10:55'),
(871, 276, 4, 'https://ar-ar.facebook.com/Gulf-Modern-Contracting-846529705368172/', NULL, '2024-08-25 15:11:51', '2024-08-25 15:11:51'),
(872, 276, 10, 'https://ae.linkedin.com/company/gulf-modern-contracting', NULL, '2024-08-25 15:12:27', '2024-08-25 15:12:27'),
(873, 277, 1, '971504763777', NULL, '2024-08-30 19:01:57', '2024-08-30 19:01:57'),
(874, 277, 11, 'ayhacouae@gmail.com', NULL, '2024-08-30 19:01:57', '2024-08-30 19:01:57'),
(875, 277, 4, 'https://www.facebook.com/ayhaco.uae', NULL, '2024-08-30 19:06:26', '2024-08-30 19:06:26'),
(876, 277, 10, 'https://www.linkedin.com/company/ayhaco', NULL, '2024-08-30 19:06:56', '2024-08-30 19:06:56'),
(877, 277, 6, 'https://www.instagram.com/ayhaco.co/', NULL, '2024-08-30 19:07:25', '2024-08-30 19:07:25'),
(878, 277, 3, '971504763777', NULL, '2024-08-30 19:08:10', '2024-08-30 19:08:10'),
(879, 278, 1, '01278123996', NULL, '2024-09-07 07:23:19', '2024-09-07 07:23:19'),
(880, 278, 11, 'ahmed21@gmail.com', NULL, '2024-09-07 07:23:19', '2024-09-07 07:23:19'),
(881, 279, 1, '01278123996', NULL, '2024-09-07 07:24:23', '2024-09-07 07:24:23'),
(882, 279, 11, 'ahmed12@gmail.com', NULL, '2024-09-07 07:24:23', '2024-09-07 07:24:23'),
(883, 280, 1, '01278123996', NULL, '2024-09-12 18:16:35', '2024-09-12 18:16:35'),
(884, 280, 11, 'Ahmed123@gmail.com', NULL, '2024-09-12 18:16:35', '2024-09-12 18:16:35');

-- --------------------------------------------------------

--
-- Table structure for table `companies`
--

CREATE TABLE `companies` (
  `id` bigint(20) UNSIGNED NOT NULL,
  `user_id` bigint(20) UNSIGNED DEFAULT NULL,
  `package_id` bigint(20) UNSIGNED DEFAULT NULL,
  `section_id` bigint(20) UNSIGNED DEFAULT NULL,
  `city_id` bigint(20) UNSIGNED DEFAULT NULL,
  `name_en` varchar(255) NOT NULL,
  `name_ar` varchar(255) NOT NULL,
  `responsible_name` varchar(255) DEFAULT NULL,
  `position` varchar(255) DEFAULT NULL,
  `license` varchar(255) DEFAULT NULL,
  `bio_ar` text DEFAULT NULL,
  `bio_en` text DEFAULT NULL,
  `address` text DEFAULT NULL,
  `lat` varchar(255) DEFAULT NULL,
  `lng` varchar(255) DEFAULT NULL,
  `views` smallint(6) NOT NULL DEFAULT 0,
  `register_by` smallint(6) NOT NULL DEFAULT 0 COMMENT '0=>system,1=>user',
  `status` smallint(6) NOT NULL DEFAULT 0 COMMENT '0=>Inactive,1=>Active',
  `featured` smallint(6) NOT NULL DEFAULT 0 COMMENT '0=>normal,1=>featured',
  `deleted_at` timestamp NULL DEFAULT NULL,
  `created_at` timestamp NULL DEFAULT NULL,
  `updated_at` timestamp NULL DEFAULT NULL
) ENGINE=InnoDB DEFAULT CHARSET=utf8mb4 COLLATE=utf8mb4_unicode_ci;

--
-- Dumping data for table `companies`
--

INSERT INTO `companies` (`id`, `user_id`, `package_id`, `section_id`, `city_id`, `name_en`, `name_ar`, `responsible_name`, `position`, `license`, `bio_ar`, `bio_en`, `address`, `lat`, `lng`, `views`, `register_by`, `status`, `featured`, `deleted_at`, `created_at`, `updated_at`) VALUES
(1, 3, 1, 1, 3, 'test', 'تجريبي', 'md', 'manger', '1456573731.pdf', 'good company g+1 \r\nmmmmmmmmmmmmmmm\r\nmmmmmmmmmmmmmmmm', 'good company g+1 \r\nmmmmmmmmmmmmmmm\r\nmmmmmmmmmmmmmmmm', 'أبحث هنا', NULL, NULL, 0, 0, 1, 1, '2023-05-25 03:45:14', '2023-04-06 15:32:34', '2023-05-25 03:45:14'),
(2, 4, 1, 1, 3, 'Sharjah Engineering Consultants', 'الشارقة للإستشارات الهندسية', 'md', 'manger', NULL, NULL, NULL, 'Sharjah Engineering Consultants الشارقة للاستشارات الهندسية - شارع الكورنيش - إمارة الشارقةّ - الإمارات العربية المتحدة', '25.33614919999999', '55.3755302', 4343, 0, 1, 1, NULL, '2023-04-08 16:08:37', '2024-09-14 14:05:24'),
(3, 5, 1, 1, 3, 'test tt', 'تجربة تجربة', 'MD', 'enginnnnnn', NULL, NULL, NULL, 'أبحث هنا', NULL, NULL, 0, 0, 1, 1, '2023-05-25 03:45:23', '2023-04-09 01:03:14', '2023-05-25 03:45:23'),
(4, 6, 1, 1, 1, 'testttt', 'تجربه ة', 'MD', 'MANGER', NULL, NULL, NULL, 'أبحث هنا', NULL, NULL, 0, 0, 1, 1, '2023-05-25 03:46:14', '2023-04-09 01:05:48', '2023-05-25 03:46:14'),
(5, 7, 1, 1, 3, 'new', 'جديده', 'MD', 'MANGER', NULL, NULL, NULL, 'أبحث هنا', NULL, NULL, 0, 0, 1, 1, '2023-05-25 03:46:27', '2023-04-09 01:09:43', '2023-05-25 03:46:27'),
(6, 8, 1, 1, 9, 'Neww', 'تجربه ةخ', 'MD', 'MANGER', NULL, NULL, NULL, 'أبحث هنا', NULL, NULL, 0, 0, 1, 0, '2023-05-25 03:45:30', '2023-04-09 01:11:12', '2023-05-25 03:45:30'),
(7, 9, 1, 2, 8, 'Newww', 'جديدهه', 'MD', 'MANGER', NULL, NULL, NULL, 'أبحث هنا', NULL, NULL, 0, 0, 1, 1, '2023-05-25 03:59:37', '2023-04-09 01:12:49', '2023-05-25 03:59:37'),
(8, 10, 1, 7, 17, 'CONSULTANTS', 'جديدههه', 'MD', 'MANGER', NULL, NULL, NULL, 'أبحث هنا', NULL, NULL, 0, 0, 0, 1, '2023-05-25 03:45:40', '2023-04-09 01:15:30', '2023-05-25 03:45:40'),
(9, 11, 1, 1, 1, 'CONTRACTORS', 'g+4', 'MD', 'MANGER', NULL, NULL, NULL, 'أبحث هنا', NULL, NULL, 0, 0, 1, 1, '2023-05-25 03:46:38', '2023-04-13 01:10:03', '2023-05-25 03:46:38'),
(10, 12, 1, 3, 3, 'equipments', 'المعدات والآلات', 'MD', 'MANGER', '983464577.pdf', 'ccccccccccccccccccccccccccccccccccc', 'cccccccccccccccccccccccccccccccccccccccc', 'حي, 8138 خولة بنت حكيم، 4963، النموذجية، الرياض 12734، السعودية', NULL, NULL, 0, 0, 1, 1, '2023-05-25 03:46:04', '2023-04-17 05:51:57', '2023-05-25 03:46:04'),
(11, 13, 1, 1, 3, 'sharjah engineering consu company', 'sharjah engineering consu company', 'MD', 'MANGER', NULL, 'ffffffffffffffffffffffffffffffffffff', 'ffffffffffffffffffffffff', 'أبحث هنا', NULL, NULL, 0, 0, 1, 1, '2023-05-25 03:45:51', '2023-04-19 05:25:48', '2023-05-25 03:45:51'),
(12, 14, 3, 6, 5, 'Al Shaheen Real-estate', 'الشاهين للعقارات', 'MD', 'MANGER', NULL, 'شريكك الموثوق به لتأجير أو بيع أو شراء عقار', 'YOUR TRUSTED PARTNER TO RENT, SELL OR BUY A PROPERTY', 'بنايه الشاهين 1 النعيميه - عجمان - الإمارات العربية المتحدة', '25.3881475', '55.44867719999999', 4713, 0, 1, 1, NULL, '2023-04-23 15:13:06', '2024-09-14 14:05:26'),
(13, 15, 1, 6, 1, 'AL Rayess Real Estate LLC', 'الريس للعقارات والمقاولات', 'MD', 'MANGER', NULL, 'شريكك الموثوق به لتأجير أو بيع أو شراء عقار', 'YOUR TRUSTED PARTNER TO RENT, SELL OR BUY A PROPERTY', '9FV7+99P - Al Rashidiya 1 - عجمان - الإمارات العربية المتحدة', '25.393559400166474', '55.46346382372515', 2335, 0, 1, 0, NULL, '2023-04-23 15:27:25', '2024-09-14 14:05:55'),
(14, 16, 1, 6, 1, 'AQUA Properties', 'اى كيو يو اى للعقارات', 'MD', 'MANGER', NULL, 'شريكك الموثوق به لتأجير أو بيع أو شراء عقار', 'YOUR TRUSTED PARTNER TO RENT, SELL OR BUY A PROPERTY', 'Aqua Properties, PO Box 112985 - شارع الشيخ زايد - دبي - الإمارات العربية المتحدة', '25.1283089', '55.209109', 4901, 0, 1, 1, NULL, '2023-04-23 15:59:03', '2024-09-14 14:05:26'),
(15, 17, 1, 6, 1, 'Enlighten Properties', 'Enlighten Properties', 'MD', 'MANGER', NULL, 'شريكك الموثوق به لتأجير أو بيع أو شراء عقار', 'YOUR TRUSTED PARTNER TO RENT, SELL OR BUY A PROPERTY', 'ENLIGHTEN PROPERTIES - دبي - الإمارات العربية المتحدة', '25.0491805', '55.214701', 4838, 0, 1, 0, NULL, '2023-04-23 16:15:31', '2024-09-14 14:05:56'),
(16, 18, 1, 6, 1, 'Azco Real Estate', 'ازكو العقارية', 'MD', 'MANGER', NULL, 'شريكك الموثوق به لتأجير أو بيع أو شراء عقار', 'YOUR TRUSTED PARTNER TO RENT, SELL OR BUY A PROPERTY', 'Azco Real Estate Brokers LLC - Business Bay Branch - دبي - الإمارات العربية المتحدة', '25.1883521', '55.2640048', 4987, 0, 1, 1, NULL, '2023-04-23 16:21:46', '2024-09-14 14:05:26'),
(17, 19, 1, 6, 1, 'Union Square House Real Estate', 'يونيون سكوير', 'MD', 'MANGER', NULL, 'شريكك الموثوق به لتأجير أو بيع أو شراء عقار', 'YOUR TRUSTED PARTNER TO RENT, SELL OR BUY A PROPERTY', 'Union Square House Real Estate - دبي - الإمارات العربية المتحدة', '25.1855406', '55.280069', 4220, 0, 1, 0, NULL, '2023-04-23 16:29:04', '2024-09-14 14:05:56'),
(18, 20, 1, 6, 3, 'Tilal Properties', 'تلال العقارية', 'MD', 'MANGER', NULL, 'شريكك الموثوق به لتأجير أو بيع أو شراء عقار', 'YOUR TRUSTED PARTNER TO RENT, SELL OR BUY A PROPERTY', 'Tilal Properties تلال العقارية, برج البطحاء Office #1701 - شارع الكورنيش - إمارة الشارقةّ - الإمارات العربية المتحدة', '25.3341022', '55.3888526', 4525, 0, 1, 0, NULL, '2023-04-23 16:40:37', '2024-09-14 14:05:56'),
(19, 21, 1, 6, 1, 'Dacha Real Estate', 'Dacha Real Estate', 'MD', 'MANGER', NULL, 'تأسست Dacha في 2004 ، وهي وكالة عقارية رائدة في دبي\r\n توفر عقارات عالية الجودة للبيع والتأجير في دبي وشاملة', 'Founded in 2004, Dacha is a top property agency in Dubai\r\n that provides high-quality real estate for sale and lease in Dubai and comprehensive', 'Dacha Real Estate - Buy, Sell and Rent a Property in Dubai | Real Estate Companies in Dubai - دبي - الإمارات العربية المتحدة', '25.0753976', '55.1398252', 4692, 0, 1, 0, NULL, '2023-04-23 17:37:03', '2024-09-14 14:05:56'),
(20, 22, 1, 6, 5, 'AJ Real Estate', 'اى جى للعقارات', 'MD', 'MANGER', NULL, 'تقديم مجموعة متنوعة من الحلول العقارية في إمارة عجمان', 'Providing a variety of real estate solutions in the emirate of Ajman', 'AJ Real Estate Investment - عجمان - الإمارات العربية المتحدة', '25.40311140000001', '55.4397514', 5017, 0, 1, 0, NULL, '2023-04-23 18:03:22', '2024-09-14 14:05:31'),
(21, 23, 1, 6, 1, 'Real Choice', 'الاختيار الحقيقي', 'MD', 'MANGER', NULL, 'شركة وساطة تجارية من أفضل الشركات المنتجة تأسست عام 2007 في الإمارات العربية المتحدة.', 'A top-producing boutique brokerage established in 2007 in the UAE.', 'Real Choice Real Estate Brokers LLC - دبي - الإمارات العربية المتحدة', '25.225449', '55.2837314', 2215, 0, 1, 0, NULL, '2023-04-23 18:13:53', '2024-09-14 14:05:56'),
(22, 24, 1, 6, 5, 'Aqaar', 'عقار', 'MD', 'MANGER', NULL, 'عقار هي مؤسسة حكومية عامة ، تأسست عام 2016 بموجب مرسوم أميري رقم (9) \r\nمن رؤية صاحب السمو الشيخ حميد بن راشد النعيمي عضو المجلس الأعلى حاكم عجمان.', 'Aqaar is a Government Public Corporation, founded in 2016 by an Emiri Decree No. (9)\r\n from the vision of His Highness Sheikh Humaid bin Rashid Al Nuami Supreme Council Member and Ruler of Ajman.', 'AQAAR - Ajman Properties Corporation - شارع الشيخ خليفة بن زايد - عجمان - الإمارات العربية المتحدة', '25.3924655', '55.4389495', 2206, 0, 1, 0, NULL, '2023-04-23 18:26:02', '2024-09-14 14:05:55'),
(23, 25, 1, 7, 1, 'Al Gurg office furniture', 'Al Gurg office furniture', 'MD', 'MANGER', NULL, 'منذ إنشائها قبل 33 عامًا ، عملت OFIS بشكل وثيق مع المهندسين المعماريين\r\n ومصممي الديكور الداخلي في الإمارات العربية المتحدة.', 'Since its establishment 33 year ago, OFIS has been working closely \r\nwith architects and interior designers in the UAE', 'AL GURG OFFICE FURNITURE L.L.C - دبي - الإمارات العربية المتحدة', '24.48203', '54.35174000000001', 5466, 0, 1, 0, NULL, '2023-04-23 18:39:40', '2024-09-14 14:05:33'),
(24, 26, 1, 7, 1, 'Trevi Design', 'Trevi Design', 'MD', 'MANGER', NULL, 'إن شركة التصميم الداخلي والتجهيز لدينا مكرسة لتقديم \r\nحلول مخصصة ومخصصة لجميع احتياجاتك الداخلية.', 'Our interior design and fitout company is dedicated to delivering personalized\r\n and customized solutions for all your interior needs', 'Trevi WARDE Abu Dhabi interior design company, Park - شارع الخَلِيج العَرَبي - opposite Khalidiyah - أبو ظبي - الإمارات العربية المتحدة', '24.4705727', '54.3439154', 5240, 0, 1, 1, NULL, '2023-04-23 19:05:14', '2024-09-14 14:05:27'),
(25, 27, 1, 7, 1, 'Modern Emirates Furniture', 'مفروشات الامارات الحديثة', 'MD', 'MANGER', NULL, 'منذ أكثر من عقد من الزمان في سوق الإمارات العربية المتحدة للأثاث الحديث \r\nمتخصصون في توريد الأثاث المكتبي في الإمارات العربية المتحدة', 'Modern Emirates Furniture has been more than a decade in the United Arab Emirates\r\n market, specializing in office furniture suppliers in UAE', 'Modern Emirates Furniture & Office Equipment L.LC - دبي - الإمارات العربية المتحدة', '25.2682524', '55.33980829999999', 4538, 0, 1, 0, NULL, '2023-04-23 19:14:14', '2024-09-14 14:05:58'),
(26, 28, 1, 7, 3, 'Royal Furniture', 'مفروشات رويال', 'MD', 'MANGER', NULL, 'مع 30 عامًا من الخبرة ، تعتبر رويال بائع تجزئة موثوق به يقدم مجموعة \r\nمتنوعة من تصاميم الأثاث الراقية ووحدات التصنيع الخاصة به.', 'With 30 years of experience, Royal Furniture is a trusted retailer offering a diverse portfolio \r\nof high-end furniture designs and its own manufacturing units', 'Royal Furniture - الشارقة - الإمارات العربية المتحدة', '25.3343251', '55.40291509999999', 4348, 0, 1, 0, NULL, '2023-04-23 19:21:00', '2024-09-14 14:05:58'),
(27, 29, 1, 7, 1, 'High Moon', 'هاي مون', 'MD', 'MANGER', NULL, NULL, NULL, 'high moon furniture - دبي - الإمارات العربية المتحدة', '25.1347894', '55.2369693', 4617, 0, 1, 1, NULL, '2023-04-23 19:29:47', '2024-09-14 14:05:27'),
(28, 30, 1, 7, 1, 'United Furniture', 'المتحدة للاساس', 'MD', 'MANGER', NULL, 'تأسست الشركة المتحدة للمفروشات في عام 1975 ، وأصبحت واحدة من العلامات التجارية \r\nالرائدة في مجال الأثاث والمفروشات في الإمارات العربية المتحدة.', 'Established in 1975, United Furniture has become one among the leading\r\n furniture and furnishings brand in the UAE', 'United Furniture - Mega Store - 26th Street - دبي - الإمارات العربية المتحدة', '25.168691', '55.240264', 4370, 0, 1, 0, NULL, '2023-04-23 19:34:32', '2024-09-14 14:05:58'),
(29, 31, 1, 7, 3, 'GDM Interiors', 'جى دى ام', 'MD', 'MANGER', NULL, 'تم تأسيس GDM Interiors كواحدة من أبرز شركات المقاولات الداخلية للتجهيزات الداخلية\r\n ومصنعي النجارة المتخصصين في دبي لأكثر من 40 عامًا.', 'GDM Interiors has been established as one of the premier interior fit-out contracting companies\r\n and specialist joinery manufacturers in Dubai for over 40 years', 'GDM Interiors - Interior Design & Fit Out Company Sharjah - الشارقة - الإمارات العربية المتحدة', '25.3369023', '55.48488069999999', 5184, 0, 1, 1, NULL, '2023-04-23 20:53:57', '2024-09-14 14:05:27'),
(30, 32, 1, 7, 1, 'AUJAN', 'اوجان', 'MD', 'MANGER', NULL, NULL, NULL, 'Aujan interiors llc - دبي - الإمارات العربية المتحدة', '25.2981935', '55.3879861', 4610, 0, 1, 0, NULL, '2023-04-23 20:59:57', '2024-09-14 14:05:58'),
(31, 33, 1, 4, 1, 'CEMEX', 'سيمكس', 'MD', 'MANGER', NULL, 'نحن شركة رائدة في مجال تصنيع مواد البناء، نقدم منتجات فائقة الجودة وخدمات بأعلى مستوى \r\nلكل من العملاء والمجتمعات التي نعمل فيها. إن هدفنا هو تلبية احتياجات عملائنا \r\nووضع قيمة لأصحاب العلاقة لدينا بأن نصبح الشركة الأكثر فاعليةً وابتكاراً في مجال تصنيع مواد البناء.', 'We are a leading manufacturer of building materials that provides quality products and reliable service \r\nto both customers and the communities in which we operate. We aim to meet the needs of our customers\r\n and create value for our stakeholders by becoming the most efficient and innovative building materials company', 'CEMEX Topmix LLC (Ready Mix Concrete, Building Solution, Decorative & Paving Solution) - دبي - الإمارات العربية المتحدة', '25.13426439999999', '55.2211005', 6608, 0, 1, 1, NULL, '2023-04-23 21:15:59', '2024-09-14 14:05:25'),
(32, 34, 1, 5, 1, 'Maybrox Building Materials', 'ميبروكس لمواد البناء', 'MD', 'MANGER', NULL, NULL, NULL, 'Dubai - دبي - الإمارات العربية المتحدة', '25.2048493', '55.2707828', 3873, 0, 1, 1, NULL, '2023-04-23 21:23:03', '2024-09-14 14:05:26'),
(33, 35, 1, 1, 14, 'sh', 'sh', 'MD', 'MANGER', NULL, NULL, NULL, 'Sharjah Engineering Consultants الشارقة للاستشارات الهندسية - شارع الكورنيش - إمارة الشارقةّ - الإمارات العربية المتحدة', '25.336255843027903', '55.37553019488762', 0, 0, 1, 0, '2023-05-25 03:44:58', '2023-04-24 22:21:06', '2023-05-25 03:44:58'),
(34, 36, 1, 1, 2, 'Abu Dhabi', 'adu', 'MD', 'MANGER', NULL, 'ffffffffffffffffffffffffffff', 'ffffffffffffffffffffffffffffffffff', 'Abu Dhabi - أبو ظبي - الإمارات العربية المتحدة', '24.463997813884244', '54.41708892927439', 0, 0, 1, 0, '2023-05-25 03:44:52', '2023-04-28 02:34:39', '2023-05-25 03:44:52'),
(35, 37, 1, 1, 2, 'towers', 'towers', 'adam', 'engineer', NULL, NULL, NULL, 'Al Buhairarh Corniche, Al Dhurra Office Tower 404 - المجاز - Al Majaz 3 - إمارة الشارقةّ - الإمارات العربية المتحدة', '25.324031823613936', '55.382742914204364', 0, 1, 1, 0, '2023-05-25 03:44:45', '2023-04-30 16:20:35', '2023-05-25 03:44:45'),
(36, 38, 2, 1, 2, 'towersuae', 'towersuae', 'sajed', 'civil engineer', NULL, NULL, NULL, '89FR+6FC - المنطقة الصناعية - النهضة - إمارة الشارقةّ', '25.323140011450636', '55.391129842819886', 0, 1, 1, 0, '2023-05-25 03:44:39', '2023-05-03 00:32:05', '2023-05-25 03:44:39'),
(37, 39, NULL, NULL, NULL, 'mmmewowo kkwkwi', 'mmmewowo kkwkwi', 'MOHAMED IBRAHIM', 'gm', NULL, NULL, NULL, NULL, NULL, NULL, 0, 1, 1, 0, '2023-05-25 03:44:33', '2023-05-07 11:39:54', '2023-05-25 03:44:33'),
(38, 40, NULL, NULL, NULL, 'test', 'test', 'test', 'gm', NULL, NULL, NULL, NULL, NULL, NULL, 0, 1, 1, 0, '2023-05-25 03:44:27', '2023-05-07 19:39:28', '2023-05-25 03:44:27'),
(39, 42, 1, 6, 3, 'city center', 'city center', 'MD', 'MANGER', NULL, 'city center city center city center city center city center city center city center', 'city center city center city center city center city center city center city center', 'City Centre Mirdif - شارع الشيخ محمد بن زايد - دبي - الإمارات العربية المتحدة', NULL, NULL, 0, 0, 1, 1, '2023-05-25 03:44:21', '2023-05-19 15:20:29', '2023-05-25 03:44:21'),
(40, 43, 1, 1, 1, 'city merdf', 'city merdf', 'MD', 'MANGER', NULL, NULL, NULL, 'City Centre Mirdif - شارع الشيخ محمد بن زايد - دبي - الإمارات العربية المتحدة', NULL, NULL, 0, 0, 1, 0, '2023-05-23 20:11:14', '2023-05-23 16:36:55', '2023-05-23 20:11:14'),
(41, 44, 1, 1, 3, 'caribo', 'caribo', 'MD', 'MANGER', NULL, NULL, NULL, 'Caribou Coffee - Sharjah - إمارة الشارقةّ - الإمارات العربية المتحدة', NULL, NULL, 0, 0, 1, 0, '2023-05-25 03:44:15', '2023-05-23 20:19:23', '2023-05-25 03:44:15'),
(42, 45, NULL, NULL, NULL, 'caribo12', 'caribo12', 'caribo12', 'MANGER', NULL, NULL, NULL, NULL, NULL, NULL, 0, 1, 0, 0, '2023-05-25 03:44:08', '2023-05-23 20:24:36', '2023-05-25 03:44:08'),
(43, 46, 1, 1, 5, 'car25', 'car25', 'car25', 'MANGER', NULL, NULL, NULL, 'City Centre Ajman - Al Ittihad Street - Ajman - United Arab Emirates', NULL, NULL, 0, 1, 1, 0, '2023-05-25 03:44:02', '2023-05-23 20:26:41', '2023-05-25 03:44:02'),
(44, 51, 1, 1, 5, 'infinty', 'infinty', 'mdkhhhh', 'MANGER', NULL, NULL, NULL, 'Escape Tower, Ajman - Sheikh Rashid Bin Humeed Street - Ajman - United Arab Emirates', NULL, NULL, 0, 1, 1, 0, '2023-05-26 17:50:16', '2023-05-26 16:43:37', '2023-05-26 17:50:16'),
(45, 53, 1, 1, 5, 'infinity', 'infinity', 'infinity', 'infinity', NULL, NULL, NULL, 'Escape Tower, Ajman - Sheikh Rashid Bin Humeed Street - Ajman - United Arab Emirates', NULL, NULL, 225, 1, 1, 0, '2023-06-03 00:17:29', '2023-05-27 02:15:05', '2023-06-03 00:17:29'),
(46, 54, NULL, NULL, NULL, 'new comp', 'new comp', 'mohamed', 'gm', NULL, NULL, NULL, NULL, NULL, NULL, 0, 1, 0, 0, '2023-06-02 17:54:11', '2023-05-27 18:11:19', '2023-06-02 17:54:11'),
(47, 55, NULL, NULL, NULL, 'AREEJ AL AHLAM TECHNICAL SERVICE LLC', 'AREEJ AL AHLAM TECHNICAL SERVICE LLC', 'Mahmud Didar', 'Painting contracting', NULL, NULL, NULL, NULL, NULL, NULL, 1510, 1, 1, 0, NULL, '2023-05-31 01:27:22', '2024-09-14 13:53:31'),
(48, 58, NULL, NULL, NULL, 'SAMAHH', 'SAMAHH', 'SAMAH', 'ENG', NULL, NULL, NULL, NULL, NULL, NULL, 0, 1, 0, 0, '2023-06-02 17:49:25', '2023-05-31 21:12:02', '2023-06-02 17:49:25'),
(49, 60, NULL, NULL, NULL, 'nnnnnnnn', 'nnnnnnnn', 'bbbbbbbb', 'bbbbbbbbbbbbbbbbbbb', NULL, NULL, NULL, NULL, NULL, NULL, 0, 1, 0, 0, '2023-06-02 17:49:02', '2023-06-01 18:26:32', '2023-06-02 17:49:02'),
(50, 61, 1, 1, 1, 'Em Square Engineering Consultants', 'Em Square Engineering Consultants', 'MD', 'MANGER', NULL, 'Emsquare Engineering Consultants is a consultancy firm established in 2007', 'Emsquare Engineering Consultants is a consultancy firm established in 2007', 'Em Square Engineering Consultants - Al Mustaqbal Street - دبي - الإمارات العربية المتحدة', '25.1863091', '55.26007079999999', 5048, 0, 1, 1, NULL, '2023-06-01 19:05:59', '2024-09-14 13:53:27'),
(51, 62, 1, 2, 1, 'Venco Imtiaz Contracting Co L.L.C', 'Venco Imtiaz Contracting Co L.L.C', 'MD', 'MANGER', NULL, 'تأسست شركة Venco Imtiaz Construction Co. في 1993 ، وهي شركة متعددة الجنسيات تعمل بشكل كبير في الشرق الأوسط وجنوب آسيا وأمريكا الشمالية. تشمل خبراتنا ؛ الخدمات الهندسية وحلول البناء الجاهزة وتطوير البنية التحتية والمنشآت الصناعية والمباني سابقة الهندسة', 'Established in 1993, Venco Imtiaz Construction Co. is a multinational corporation significantly operating in the Middle East, south Asia and North America. Our expertise include; Engineering Services, Turnkey Construction Solutions, Infrastructure Development, Industrial Facilities and K-Span Pre -Engineered Buildings.', 'Venco Imtiaz Contracting Co L.L.C - دبي - الإمارات العربية المتحدة', '25.1810996', '55.2696918', 6919, 0, 1, 1, NULL, '2023-06-01 19:18:11', '2024-09-14 14:05:24'),
(52, 63, 1, 3, 1, 'Cosmos Piling L.L.C', 'Cosmos Piling L.L.C', 'MD', 'MANGER', NULL, NULL, NULL, 'Cosmos Piling L.L.C. - دبي - الإمارات العربية المتحدة', '25.18639139999999', '55.2603963', 6154, 0, 1, 1, NULL, '2023-06-01 19:36:22', '2024-09-14 14:05:25'),
(53, 67, NULL, NULL, NULL, 'nnnnnnnnn', 'nnnnnnnnn', 'nnnnnnnnnnn', 'nnnnnnnnnnnnnnnnnnn', NULL, NULL, NULL, NULL, NULL, NULL, 0, 1, 0, 0, '2023-06-02 17:48:51', '2023-06-01 22:13:45', '2023-06-02 17:48:51'),
(54, 68, NULL, NULL, NULL, 'nnnnnnnnnnnnnnnnn', 'nnnnnnnnnnnnnnnnn', 'nnnnnnn', 'nnnnnnnnnnnnnnnnnnnnnnnnn', NULL, NULL, NULL, NULL, NULL, NULL, 0, 1, 0, 0, '2023-06-02 17:48:43', '2023-06-01 22:16:14', '2023-06-02 17:48:43'),
(55, 71, 1, 1, 1, 'towers', 'towers', 'mddddd', 'infinity', NULL, NULL, NULL, 'Ajman City Centre - شارع الاتحاد - عجمان - الإمارات العربية المتحدة', '25.3995441', '55.47922039999999', 1047, 1, 0, 0, NULL, '2023-06-02 20:47:50', '2024-09-12 16:31:18'),
(56, 73, 1, 1, 5, 'villa', 'villa', 'infooo', 'villa', NULL, NULL, NULL, 'City Centre Sharjah - Al Wahda St - Sharjah - United Arab Emirates', NULL, NULL, 30, 1, 1, 0, '2023-06-04 16:40:33', '2023-06-02 23:03:48', '2023-06-04 16:40:33'),
(57, 74, NULL, NULL, NULL, 'khatab20', 'khatab20', 'khatab20', 'khatab20', NULL, NULL, NULL, NULL, NULL, NULL, 0, 1, 0, 0, '2023-06-04 16:36:34', '2023-06-02 23:22:14', '2023-06-04 16:36:34'),
(58, 80, 1, 1, 12, 'adam consaltant', 'adam consaltant', 'adam khatab', 'engineer', NULL, NULL, NULL, 'أبحث هنا', NULL, NULL, 25, 1, 1, 0, '2023-06-04 16:36:26', '2023-06-03 02:39:00', '2023-06-04 16:36:26'),
(59, 81, 1, 1, 1, 'Arif & Bintoak Consulting Architects & Engineers', 'عارف & بن طوق للإستشارات الهدسية', 'MOHAMED', NULL, NULL, 'رندة الأسعد هي الرئيس التنفيذي لشركة Arif & Bintoak ، وهي شركة معمارية وهندسية تأسست عام 1975', 'Randa El Assaad is the CEO of Arif & Bintoak, an architectural and engineering firm founded in 1975', 'Arif & Bintoak Consulting Architects & Engineers - شارع زعبيل - دبي - الإمارات العربية المتحدة', '25.23819139999999', '55.30483510000001', 4555, 0, 1, 1, NULL, '2023-06-04 14:15:33', '2024-09-14 13:53:27'),
(60, 82, 1, 1, 3, 'Gulf Consultants', 'استشاريو الخليج', 'MOHAMED', NULL, NULL, 'استشاريو الخليج', 'Gulf Consultants and Emirates Design Consortium were established in the U.A.E since 1982 and for over three decades had successfully accomplished numerous illustrious projects throughout the Middle East region.\r\nTo enrich our communities and maintain our reputation as one of the leading and respected architectural consulting firms offering the highest level of architectural and engineering solutions to our clients.', 'Gulf Consultants - الشارقة - الإمارات العربية المتحدة', '25.3387841', '55.3917471', 1343, 0, 1, 0, NULL, '2023-06-04 14:36:29', '2024-09-13 21:32:06'),
(61, 83, 1, 1, 5, 'AJ Design Consultant', 'اى جى ديزاين', 'MOHAMED', NULL, NULL, 'اى جى ديزاين', 'With over 120 years of combined experience, our team of Emirati and expat architects and engineers has been offering our clients a total design and supervision solutions since 2006.\r\nCombining creativity and technical know-how to provide Inspiring, Timeless and Sustainable total design and supervision solutions that fulfil the Client’s use requirements, are sensible to the economic parameters of the Client’s brief, and are Clear, transparent, and accessible to the Client and the contractor.', 'AJ Design Consultant - عجمان - الإمارات العربية المتحدة', '25.4030799', '55.4395651', 3182, 0, 1, 0, NULL, '2023-06-04 14:46:30', '2024-09-14 14:05:31'),
(62, 84, 1, 1, 3, 'Khatib & Alami', 'خطيب وعلمى للإستشارات الهندسية', 'MOHAMED', NULL, NULL, NULL, NULL, 'Khatib & Alami - Consolidated Engineering Company - دبي - الإمارات العربية المتحدة', '25.0970752', '55.18062090000001', 3877, 0, 1, 1, NULL, '2023-06-04 14:55:54', '2024-09-14 14:05:24'),
(63, 85, 1, 1, 1, 'Art Consultants - Architects and Engineers', 'أرت للإستشارات الهندسية', 'MOHAMED', NULL, NULL, 'أرت للإستشارات الهندسية', 'ABOUT\r\nArt Consultants was established in Dubai, United Arab Emirates in 1992. It grew to become a highly reputed architecture and engineering consulting firm classified with Dubai Municipality’s (Grade-A) classification, the highest for Engineering Consulting Firms, allowing an unlimited size of projects.', 'Art Consultants - Architects and Engineers - شارع ٢ - دبي - الإمارات العربية المتحدة', '25.2499636', '55.3384759', 4587, 0, 1, 1, NULL, '2023-06-06 13:35:33', '2024-09-14 13:52:50'),
(64, 86, 1, 1, 1, 'Al Ajmi Engineering Consultants', 'العجمى لللإستشارات الهندسية', 'MOHAMED', NULL, NULL, 'العجمى للإستشارات الهندسية', 'Al Ajmi Engineering Consultants sustained its presence in the local and global market throughout the worst economic downturns due to having a reputable track record of providing professional consultancy services, excellent workmanship, integrity, sound principles, highly qualified staff and being at the forefront of adopting the latest designs and construction technique', 'Al Ajmi Engineering Consultants - دبي - الإمارات العربية المتحدة', '25.265229', '55.32124139999999', 3214, 0, 1, 0, NULL, '2023-06-06 13:57:50', '2024-09-14 14:05:32'),
(65, 87, 1, 1, 3, 'Cubic Engineering Consultanc', 'المكعب الفضى للإستشارات الهندسية', 'MOHAMED', NULL, NULL, 'تأسست شركة Cubic للاستشارات الهندسية (CEC) في دبي ووسعت خدماتها في جميع أنحاء المنطقة', 'Cubic Engineering Consultancy (CEC) was founded in Dubai and expanded its services throughout region', 'Cubic Engineering Consultancy - الشارقة - الإمارات العربية المتحدة', '25.313506', '55.3735128', 1077, 0, 1, 0, NULL, '2023-06-06 14:08:15', '2024-09-14 05:51:39'),
(66, 88, 1, 1, 1, 'Al Gurg Consultants', 'القرق للإستشارات الهندسية', 'MOHAMED', NULL, NULL, NULL, NULL, 'Al Gurg Consultants - طريق عود ميثاء - دبي - الإمارات العربية المتحدة', '25.2405801', '55.3095612', 2948, 0, 1, 0, NULL, '2023-06-06 14:18:09', '2024-09-14 14:05:33'),
(67, 89, 1, 2, 3, 'Sarco Building Contracting LLC', 'ساركو لمقاولات البناء', 'md', 'manger', NULL, 'تأسست Sarco في 1983 ، وهي مقاول متميز متخصص في تحسينات المستأجر الوطني ، ومرافق سوق التجزئة ، والعقارات التجارية.\r\nلأكثر من 30 عامًا ، كرسنا جهودنا لتقديم أعمال عالية الجودة وبناء علاقات ناجحة لتلبية احتياجات البناء لعملائنا من خلال العمل الجيد والعلاقات الناجحة.', 'Established in 1983, Sarco is a premium contractor specializing in national tenant improvements, retail market facilities, and commercial properties.\r\nFor over 30 years, we have been dedicated to delivering quality work and building successful relationships to meet our customer\'s construction needs through quality work and successful relationships.', 'Sarco Building - عجمان - الإمارات العربية المتحدة', '25.3709154', '55.48719089999999', 5905, 0, 1, 1, NULL, '2023-06-07 20:22:32', '2024-09-14 14:05:24'),
(68, 90, 1, 2, 3, 'Investor building contracting', 'المستثمر لمقاولات البناء', 'md', 'manger', NULL, NULL, NULL, 'Investor building contracting - شارع الكورنيش - إمارة الشارقةّ - الإمارات العربية المتحدة', '25.3426965', '55.3856726', 6124, 0, 1, 1, NULL, '2023-06-07 20:54:55', '2024-09-14 13:52:51'),
(69, 91, 1, 3, 1, 'TMF Euro Foundations L.L.C', 'تى ام اف الاروبية للاساسات', 'md', 'manger', NULL, NULL, NULL, 'TMF Euro Foundations L.L.C - شارع ١٣ - دبي - الإمارات العربية المتحدة', '25.2449993', '55.33971589999999', 6085, 0, 1, 1, NULL, '2023-06-07 21:02:11', '2024-09-14 14:05:25'),
(70, 92, 1, 3, 1, 'National Piling and National Dewatering', 'الوطنية للأساسات ونزح المياه', 'md', 'manger', NULL, NULL, NULL, 'National Piling and National Dewatering & Land Draining Co LLC - دبي - الإمارات العربية المتحدة', '25.1749846', '55.3596567', 5960, 0, 1, 1, NULL, '2023-06-07 21:15:25', '2024-09-14 14:05:24'),
(71, 93, 1, 3, 2, 'Birch Wood Industries LLC', 'Birch Wood Industries LLC', 'Azmath Ullah Khan', 'Manager', NULL, NULL, NULL, 'BIRCH WOOD INDUSTRIES L.L.C - دبي - الإمارات العربية المتحدة', '25.2333575', '55.5573859', 1645, 1, 0, 0, NULL, '2023-06-08 11:08:34', '2024-09-13 17:48:41'),
(72, 94, 1, 1, 1, 'Killa Design', 'كيلا للتصميم', 'MOHAMED', NULL, NULL, 'كيلا للتصميم', 'Killa Design is dedicated to creating innovative buildings that are timeless, environmentally sustainable, and contextually inspired\r\nWe specialise in mixed-use, high rise, hospitality, office, and residential projects. We also have significant experience in retail, theatre, museum, urban design, and master planning projects.\r\nWith value led building solutions, cutting edge and creative thinking, we strive to build strong relationships with our clients by going beyond the brief to help transform their project vision into viable, liveable spaces.\r\nOur people are passionate about responsible design and the impact it has on the lives we touch every day.', 'Killa Design - دبي - الإمارات العربية المتحدة', '25.2296793', '55.28650469999999', 399, 0, 1, 0, NULL, '2023-06-08 12:28:28', '2024-09-13 14:55:41'),
(73, 95, 1, 1, 1, 'Abdul Rahim Architectural Consultants', 'عبدالرحيم للإستشارات الهندسية', 'MOHAMED', NULL, NULL, NULL, NULL, 'Abdul Rahim Architectural Consultants - شارع الشيخ زايد - دبي - الإمارات العربية المتحدة', '25.2216985', '55.2812446', 5760, 0, 1, 1, NULL, '2023-06-08 12:42:03', '2024-09-14 14:05:12'),
(74, 96, 1, 1, 2, 'Bainona Engineering Consultancy', 'بينونة للإستشارات الهندسية', 'MOHAMED', NULL, NULL, NULL, NULL, 'Bainona Engineering Consultancy - LLC - أبو ظبي - الإمارات العربية المتحدة', '24.4548125', '54.33856249999999', 410, 0, 1, 0, NULL, '2023-06-08 13:14:08', '2024-09-14 09:08:06'),
(75, 97, 1, 1, 6, 'Arjan Engineering Consultants', 'أرجان للإستشارات الهندسية', 'MOHAMED', NULL, NULL, NULL, NULL, 'Arjan Engineering Consultants - شارع الخور - رأس الخيمة - الإمارات العربية المتحدة', '25.7830412', '55.9422442', 1631, 0, 1, 0, NULL, '2023-06-08 13:21:15', '2024-09-14 13:54:15'),
(76, 98, 1, 1, 1, 'AL-ASRI ENGINEERING CONSULTANT', 'العصرى للإستشارات الهدسية', 'MOHAMED', NULL, NULL, NULL, NULL, 'Al Maktab Al Asri Engineering Consultant - دبي - الإمارات العربية المتحدة', '25.0489438', '55.2308198', 2873, 0, 1, 0, NULL, '2023-06-08 13:31:08', '2024-09-14 14:05:41'),
(77, 99, 1, 1, 3, 'ATI Consultants, Architects, Engineers', 'أى تى أى للإستشارات الهندسية', 'MOHAMED', NULL, NULL, NULL, NULL, 'ATI Consultants, Architects, Engineers - Sharjah - Buheira Corniche Road - إمارة الشارقةّ - الإمارات العربية المتحدة', '25.3371705', '55.3755462', 1567, 0, 1, 0, NULL, '2023-06-08 13:36:16', '2024-09-13 21:32:05'),
(78, 100, 1, 3, 2, 'Matee Ul haq Carpentry  Workshop', 'Matee Ul haq Carpentry  Workshop', 'Matee ul Haq', 'estimator cum accountant cum Purchaser', NULL, NULL, NULL, 'Abu Dhabi - أبو ظبي - الإمارات العربية المتحدة', '24.453884', '54.3773438', 3559, 1, 0, 1, NULL, '2023-06-10 12:42:47', '2024-09-14 13:48:21'),
(79, 101, 1, 2, 3, 'SEVEN STARS CONTRACTING', 'النجـــوم السبـــع للمقــاولات', 'MD', 'MANGER', NULL, NULL, NULL, 'Seven stars contracting- النجوم السبع للمقاولات - S119 - إمارة الشارقةّ - الإمارات العربية المتحدة', '25.3143111', '55.4245493', 6000, 0, 1, 1, NULL, '2023-06-11 00:05:28', '2024-09-14 14:05:24'),
(80, 102, 1, 1, 1, 'Al Gafry Consulting Architects Engineers', 'الغافرى للإستشارات الهندسية', 'MOHAMED', NULL, NULL, 'الغافرى للإستشارات الهندسية', 'Al Gafry Architecture Engineering Consultancy was founded in 2006 by a team of talented architects, engineers, designers, construction inspectors and support personnel, whose goal is to consistently provide high quality services and meet client schedule objectives. As Engineers, we make our design ideas tangible in distinctive place and create sophisticated design with clear value. Efficient concept planning is the backbone of our firm to transform an imagination into a reachable reality.', '79HP+8G Dubai - United Arab Emirates', '25.2783125', '55.3863125', 3014, 0, 1, 0, NULL, '2023-06-12 12:57:59', '2024-09-14 14:05:33'),
(81, 103, 1, 1, 3, 'ENMAA ENGINEERING CONSULTANT', 'إنماء للإستشارات الهندسية', 'MOHAMED', NULL, NULL, NULL, NULL, 'ENMAA ENGINEERING CONSULTANT إنماء للإستشارات الهندسية - شارع مليحة - إمارة الشارقةّ - الإمارات العربية المتحدة', '25.2575379', '55.51380640000001', 1698, 0, 1, 0, NULL, '2023-06-12 13:01:19', '2024-09-13 23:10:53'),
(82, 104, 1, 1, 1, 'Datum Engineering Consultants', 'داتوم للإستشارات الهندسية', 'MOHAMED', NULL, NULL, NULL, NULL, 'Datum Engineering Consultants - دبي - الإمارات العربية المتحدة', '25.25126729999999', '55.3395916', 336, 0, 1, 0, NULL, '2023-06-12 13:07:31', '2024-09-13 02:38:06'),
(83, 105, 1, 1, 2, 'Altorath International Engineering Consultants', 'التراث انترناشونال للاستشارات الهندسية', 'MOHAMED', NULL, NULL, 'التراث انترناشومال للإستشارات الهندسية', 'Since the formation in 1989 Altorath International Engineering Consultants L.L.C have become one of the largest and most respected providers of architectural, engineering design and project management services in the GCC region.\r\nOver the years we have approximately +700 employees in 7 offices across the Middle East. We are a recognized industry leader in our specialist fields and pride ourselves in being a 100% UAE National company.\r\nIn pursuit of excellence AIC delivers a fully integrated range of professional services that combine to make a real difference to our clients and the communities in which we work.\r\nAIC is organised to encourage the creative process, to cross-pollinate ideas and talents across offices and deliver quality at all levels, in all places. Our passionate pursuit of excellence, the application of our creativity to solve our clients’ challenges, our technical expertise and our collaborative spirit are\r\nmeasures of our success.\r\nEach of us is charged with nurturing the firm’s next generation by demonstrating excellence.\r\nAIC has created a culture that embraces diversity, inspires innovation with a purpose to create, enhance and sustain the world’s built, natural and social environments.', 'ALTORATH INTERNATIONAL ENGINEERING CONSULTANTS L.L.C. - Al A\'sam Street - أبو ظبي - الإمارات العربية المتحدة', '24.4727505', '54.37787300000001', 3382, 0, 1, 0, NULL, '2023-06-12 13:21:19', '2024-09-14 14:01:11'),
(84, 106, 1, 1, 3, 'sharjahhhhh', 'sharjahhhhh', 'MD', 'civil engineer', NULL, NULL, NULL, 'Sharjah Engineering Consultants الشارقة للاستشارات الهندسية - Corniche Street - Sharjah - United Arab Emirates', '25.33614919999999', '55.3755302', 150, 0, 1, 0, '2023-06-13 00:59:24', '2023-06-13 00:21:42', '2023-06-13 00:59:24'),
(85, 107, 1, 5, 5, 'Lotus Building material trading', 'لوتس لتجارة مواد البناء', 'MD', 'MANGER', NULL, NULL, NULL, '9FJ9+93 عجمان - الإمارات العربية المتحدة', '25.3809375', '55.4676875', 6360, 0, 1, 1, NULL, '2023-06-13 02:07:37', '2024-09-14 14:05:26'),
(86, 108, 1, 4, 5, 'DSS Steel LLC AJMAN', 'دى اس اس للحديد', 'MD', 'MANGER', NULL, NULL, NULL, '9FMJ+59 عجمان - الإمارات العربية المتحدة', '25.3829375', '55.4809375', 6388, 0, 1, 1, NULL, '2023-06-13 02:29:33', '2024-09-14 14:05:25'),
(87, 109, 1, 5, 5, 'AlJessour Building Materials Trading Llc.', 'الجسور لتجارة مواد البناء', 'MD', 'MANGER', NULL, 'الجسور لمواد البناء هي واحدة من الموزعين الرائدين وتجار التجزئة لمواد البناء', 'Al Jessour Building Materials is one among the leading distributor and retailer of Building Material', '9FRV+MM8 - عجمان الصاعية 1 - عجمان - الإمارات العربية المتحدة', '25.391722057354574', '55.49418568611145', 6359, 0, 1, 1, NULL, '2023-06-13 02:37:28', '2024-09-14 14:05:26'),
(88, 110, 1, 5, 5, 'Delmon Building Tools & Hardware Trading', 'دلمون لتجارة عدد و أدوات البناء', 'MD', 'MANGER', NULL, NULL, NULL, '9FG6+M7 عجمان - الإمارات العربية المتحدة', '25.3766875', '55.4606875', 6298, 0, 1, 1, NULL, '2023-06-13 02:52:19', '2024-09-14 14:05:26'),
(89, 111, 1, 4, 5, 'Royal Brass Steel Trading LLC', 'رويال براس لتجارة الحديد', 'MD', 'MANGER', NULL, NULL, NULL, '9FG7+P2 عجمان - الإمارات العربية المتحدة', '25.3768125', '55.4625625', 6512, 0, 1, 1, NULL, '2023-06-13 03:33:05', '2024-09-14 14:05:25'),
(90, 112, 1, 1, 3, 'Next Engineering Consultants', 'نيكست للإستشارات الهندسية', 'MOHAMED', NULL, NULL, NULL, NULL, '89MQ+HH Sharjah - United Arab Emirates', '25.3339375', '55.3889375', 354, 0, 0, 0, NULL, '2023-06-13 12:57:33', '2024-09-13 16:56:17'),
(91, 113, 1, 1, 1, 'Sidra Architectural and Engineering Consultancy', 'سيدرا للإستشارات الهندسية', 'MOHAMED', NULL, NULL, NULL, NULL, '782R+H2 Dubai - United Arab Emirates', '25.2514375', '55.34006249999999', 391, 0, 1, 0, NULL, '2023-06-13 13:03:21', '2024-09-13 13:26:39'),
(92, 114, 1, 1, 1, 'SBK Architectural Design Consultancy', 'اس بى كى للإستشارات الهندسية', 'MOHAMED', NULL, NULL, NULL, NULL, '785M+64 Dubai - United Arab Emirates', '25.2580625', '55.3328125', 1396, 0, 1, 0, NULL, '2023-06-13 13:06:42', '2024-09-14 13:58:20'),
(93, 115, 1, 1, 3, 'QHC Architects & Engineers, Sharjah', 'كيو اتش سى للإستشارات الهندسية', 'MOHAMED', NULL, NULL, NULL, NULL, '89MQ+JH Sharjah - United Arab Emirates', '25.3340625', '55.3889375', 439, 0, 1, 0, NULL, '2023-06-13 13:10:43', '2024-09-14 11:51:28'),
(94, 116, 1, 1, 1, 'Al Suweidi Engineering Consultants L.L.C', 'السويدى للإستشارات الهندسية', 'MOHAMED', NULL, NULL, NULL, NULL, '787M+3C Dubai - United Arab Emirates', '25.2626875', '55.3335625', 2850, 0, 1, 0, NULL, '2023-06-13 13:19:37', '2024-09-14 14:05:41'),
(95, 117, 1, 1, 1, 'Al Khawaja Engineering Consultants [KWEC]', 'الخواجة للإستشارات الهندسية', 'MOHAMED', NULL, NULL, NULL, NULL, '7878+P9 Dubai - United Arab Emirates', '25.2643125', '55.3159375', 3424, 0, 1, 0, NULL, '2023-06-13 13:22:46', '2024-09-14 14:05:40'),
(96, 118, 1, 1, 1, 'Canadian Consultants', 'الكندى للإستشارات الهندسية', 'MOHAMED', NULL, NULL, NULL, NULL, 'https://goo.gl/maps/k8TxKqbhrF8dTqgT6', NULL, NULL, 518, 0, 1, 0, NULL, '2023-06-13 13:32:20', '2024-09-14 13:28:44'),
(97, 119, 1, 1, 1, 'John R Harris', 'جون أر هاريس', 'MOHAMED', NULL, NULL, NULL, NULL, '455H+5H Dubai - United Arab Emirates', '25.1079375', '55.1789375', 447, 0, 1, 0, NULL, '2023-06-13 13:51:18', '2024-09-14 07:23:05'),
(98, 120, 1, 1, 3, 'Afkar Engineering Consultant', 'أفكار للإستشارات الهندسية', 'MOHAMED', NULL, NULL, NULL, NULL, NULL, NULL, NULL, 4174, 0, 1, 0, NULL, '2023-06-15 13:27:39', '2024-09-14 14:05:31'),
(99, 121, 1, 1, 1, 'Klick Engineering consultants', 'كليك للإستشارات الهندسية', 'MOHAMED', NULL, NULL, NULL, NULL, '79Q8+53 Dubai - United Arab Emirates', '25.2879375', '55.3651875', 557, 0, 1, 0, NULL, '2023-06-15 13:47:17', '2024-09-14 06:35:08'),
(100, 122, 1, 1, 1, 'Tijan Engineering Group', 'مجموعة تيجان الهندسية', 'MOHAMED', NULL, NULL, NULL, NULL, '57PF+F5 Dubai - United Arab Emirates', '25.1861875', '55.2729375', 522, 0, 1, 0, NULL, '2023-06-15 13:54:25', '2024-09-14 12:48:51'),
(101, 123, 1, 1, 4, 'engiii', 'engiii', 'mohaaaaa', 'engiiii', NULL, NULL, NULL, 'City Centre Deira - 8th Street - Dubai - United Arab Emirates', '25.2519659', '55.3328027', 0, 1, 1, 0, '2023-06-18 20:27:28', '2023-06-18 20:20:23', '2023-06-18 20:27:28'),
(102, 124, NULL, NULL, NULL, 'mmmmmmmmmmmmmmmmmmm', 'mmmmmmmmmmmmmmmmmmm', 'mmmmmmmmmmm', 'mmmmmmmmmmm', NULL, NULL, NULL, NULL, NULL, NULL, 0, 1, 0, 0, '2023-06-20 15:22:11', '2023-06-18 20:55:46', '2023-06-20 15:22:11'),
(103, 125, 1, 1, 1, 'Al Shandagha Architects and Engineering Consultants', 'الشندغة للاستشارات الهندسية', 'MOHAMED', NULL, NULL, NULL, NULL, '57HC+WM Dubai - United Arab Emirates', '25.1798125', '55.2716875', 2841, 0, 1, 0, NULL, '2023-06-19 15:34:56', '2024-09-14 14:05:41'),
(104, 126, 1, 1, 5, 'Al Diwan Consulting Engineers', 'الديوان للإستشارات الهندسية', 'MOHAMED', NULL, NULL, NULL, NULL, 'أبحث هنا', NULL, NULL, 3108, 0, 1, 0, NULL, '2023-06-19 15:51:20', '2024-09-14 14:05:32'),
(105, 127, 1, 1, 6, 'Dubai Engineering Consultants', 'دبى للاستشارات الهندسية', 'MOHAMED', NULL, NULL, NULL, NULL, 'أبحث هنا', NULL, NULL, 474, 0, 1, 0, NULL, '2023-06-19 15:58:58', '2024-09-14 08:07:31'),
(106, 128, 1, 3, 1, 'AluFix Metal Industries L.L.C', 'AluFix Metal Industries L.L.C', 'Hafsa Basheer`', 'Civil Engineer', NULL, NULL, NULL, 'warehouse number 16 - 7 13A Street - Ras Al Khor Industrial Area - Ras Al Khor Industrial Area 2 - Dubai', NULL, NULL, 3615, 1, 0, 1, NULL, '2023-06-19 17:42:25', '2024-09-14 14:16:43'),
(107, 129, 1, 1, 21, 'National Engineering Bureau', 'المكتب الوطني للهندسة', 'MD', 'MANGER', NULL, 'Architectural, Structural, MEP, Urban Design, Master Planning, Civil, Environmental, Interior Design', 'Architectural, Structural, MEP, Urban Design, Master Planning, Civil, Environmental, Interior Design', 'National Engineering Bureau, Oud Metha Offices - دبي - الإمارات العربية المتحدة', '25.2269442', '55.3223067', 4029, 0, 1, 1, NULL, '2023-07-04 03:17:47', '2024-09-14 14:05:24'),
(108, 130, 1, 2, 19, 'GULF ASIA CONTRACTING', 'شركة الخليج اسيا للمقاولات', 'MD', 'MANGER', NULL, 'شركة الخليج الآسيوية للمقاولات ذ م م (GAC) هي مقاول عام مشهور في دول مجلس التعاون الخليجي مع خبرة واسعة في الصناعة ولديها عمليات مستمرة في المملكة العربية السعودية وقطر والإمارات العربية المتحدة. ساهمت شركة GAC - مقاول عام مدني وصناعي ذو كفاءة عالية ، بشكل كبير في نمو دول مجلس التعاون الخليجي من خلال مشاريعها التي تشمل مصانع البتروكيماويات ومصافي النفط والغاز والطاقة والمشاريع ذات الصلة بالبنية التحتية مثل المباني التجارية والصناعية والعالية المرافق نهاية. تتفوق الشركة أيضًا في خدمات التشغيل والصيانة والدعم الفني حيث تم توظيف الآلاف من المتخصصين والقوى العاملة الماهرة في دول مجلس التعاون الخليجي. تشتهر GAC أيضًا بخبرتها الواسعة في المجالات التالية من المقاولات العامة: المدنية ، وتشييد المباني ، والأنابيب ، وتصنيع السفن وتركيبها ، وتركيب المعدات ، وأعمال E&I ، والعمليات والصيانة ، والتشغيل المسبق للمحطة ، وإدارة المشاريع. تقدم الشركة أيضًا خدمات الدعم الفني بما في ذلك توريد المهندسين وموظفي إدارة البناء والمتخصصين الفنيين وخاصة من تكنولوجيا المعلومات وكذلك الحرفيين ذوي المهارات العالية لجميع وظائف البناء. بالإضافة إلى ذلك ، تقدم GAC خدمات السقالات الكاملة بما في ذلك التوريد والتركيب. مع وجود قوة عاملة تتجاوز 5800 موظف ، أصبحت GAC لاعباً قوياً في دول مجلس التعاون الخليجي مما مكنها من التفوق باستمرار على منافسيها خاصة في مجالات السلامة والجودة والجدول الزمني', 'GULF ASIA CONTRACTING COMPANY LLC (GAC) is a renowned General Contractor in the GCC with extensive industry experience and having on-going operations in Saudi Arabia, Qatar & UAE. GAC - a highly capable Civil & Industrial General Contractor, has contributed immensely to the growth of the GCC by way of its projects that include Petrochemical Plants, Oil Refineries, Gas & Power, and Infrastructure related projects such as Commercial & Industrial Buildings and High-end utilities. The company also excels in Operations & Maintenance and Technical support services whereby thousands of specialists & skilled manpower have been employed in the GCC. GAC is also renowned for having extensive expertise in the following areas of General Contracting: Civil, Building Erection, Piping, Vessel Fabrication & Erection, Equipment Erection, E&I works, Operations & Maintenance, Plant Pre-commissioning, and Project Management. The company also provides Technical Support Services including supply of Engineers, Construction Management Staff, and Technical Specialists especially from IT as also highly skilled craftsmen for all construction jobs. Additionally, GAC offers full Scaffolding Services including both Supply and Installation. With an employee workforce strength exceeding 5,800 in number, GAC has become a powerful player in the GCC enabling it to consistently out-perform its competitors especially in the areas of SAFETY, QUALITY and SCHEDULE', 'GULF ASIA CONTRACTING CO.L.L.C - طريق الحمرية - عجمان - الإمارات العربية المتحدة', '25.4391734', '55.5544367', 6192, 0, 1, 1, NULL, '2023-07-04 03:34:53', '2024-09-14 14:05:24'),
(109, 131, 1, 3, 19, 'Delta Foundations Co.', 'دلتا للاساسات', 'MD', 'MANGER', NULL, 'شركة متخصصة في المجال الجيوتقني تأسست في مصر منذ عام 1998. الجدير بالذكر أن مؤسسي دلتا لديهم خبرة في مجال الأعمال المدنية والمؤسسات منذ عام 1987.\r\nشركة دلتا للاساسات هي واحدة من الشركات الرائدة وذات الخبرة والاحترام في المجال الجيوتقني من خلال مجموعة متنوعة من المباني ومشاريع البناء في جميع أنحاء الشرق الأوسط.\r\nنظرًا لأن دلتا تهدف إلى النمو والتوسع المستمر في عملياتها ، فقد أنشأت فرعها في الإمارات العربية المتحدة في عام 2004 مما أدى إلى اعتبار دلتا واحدة من أنجح الشركات الجيوتقنية في الإمارات العربية المتحدة ، تلاها إنشاء فرع المملكة العربية السعودية في عام 2007 وحالياً شركة دلتا فاونديشنز. . تسعى إلى مزيد من التوسعات.', 'A specialized corporation in the geotechnical field that has been established in Egypt since the year of 1998. It’s worth mentioning that Delta’s founders have an expertise in the field of civil work and foundations since 1987.\r\nDelta Foundations Co. is one of the leading, experienced and respected companies in the geotechnical field through a diverse range of buildings and construction projects across the Middle East.\r\nSince Delta aims at continuous growth and expansion of its operations, it established its branch in UAE in 2004 leading to Delta being considered one of the most successful geotechnical corporations in the UAE, followed by the establishment of KSA branch in 2007 and currently Delta Foundations Co. is seeking further expansions.', 'Delta Foundation Co - إمارة الشارقةّ - الإمارات العربية المتحدة', '25.3218806', '55.6463037', 3072, 0, 1, 0, NULL, '2023-07-04 03:45:25', '2024-09-14 14:05:50'),
(110, 132, 1, 2, 20, 'HIGH STAR CONTRACTING', 'هاي ستار للمقاولات', 'MD', 'MANGER', NULL, 'شركة هاي ستار للمقاولات (ذ م م) من أكثر الأسماء شهرة في مجال البنية التحتية في الشرق الأوسط. منذ ما يقرب من عقدين من الزمن ، أضافت الشركة طابعها للجودة على مجموعة واسعة من المباني - السكنية والتجارية والصناعية وغيرها. إن أهم ما يميز كل مشروع من مشاريعنا هو أننا ندمج التعقيد بشكل فعال في البساطة ، وهو نهج أكسبنا احترام وإعجاب العديد من العملاء والمهنيين.', 'High Star Contracting Co. (LLC) is among the most reputed names in infrastructure in the Middle East. For close to two decades, the company has added its stamp of quality on a wide range of buildings – residential, commercial, industrial and more. The highlight of each of our projects is that we effectively integrate complexity to simplicity, an approach that has earned us the respect and admiration of several clients and professionals.', 'HIGH STAR CONTRACTING (L.L.C.) - دبي - الإمارات العربية المتحدة', '25.27954630000001', '55.3444698', 699, 0, 1, 0, NULL, '2023-07-04 03:55:41', '2024-09-14 11:34:13'),
(111, 133, 1, 1, 19, 'Mazaya Consulting Engineers', 'مزايا للاستشارات الهندسية', 'MD', 'MANGER', NULL, 'تأسست شركة مزايا للاستشارات الهندسية في عام 1996 ، كمستشار من الدرجة الأولى بهدف تزويد عملائها بأكثر التصاميم ابتكارًا وموثوقية وحداثة لمشاريع فريدة من نوعها. منذ ذلك الحين ، أسست مزايا دورًا بارزًا في مجال التصميم والهندسة مع مشاريع في 8 دول مختلفة من مكاتبنا في جميع أنحاء العالم', 'Mazaya Consulting Engineers was established in 1996, as first class consultant with aim of providing its clients with the most innovative, reliable and modern designs for unique projects. Mazaya have since then established a prominent role in the design and engineering field with projects in 8 different countries from our offices worldwide', 'Mazaya Consulting Engineers, Al MajazAl - شارع الكورنيش - الشارقة - الإمارات العربية المتحدة', '25.3296715', '55.39127999999999', 4554, 0, 1, 1, NULL, '2023-07-04 04:02:53', '2024-09-14 14:05:23'),
(112, 134, 1, 1, 1, 'Al Wasl Al Jadeed Consultants', 'الوصل الجديد للاستشارات', 'MD', 'MANGER', NULL, 'تأسست شركة الوصل الجديد للاستشارات (AWAJ) في عام 1981 ، وهي شركة رائدة في مجال المهندسين المعماريين الاستشاريين ذوي الخبرة الخاصة في تصميم العقارات التجارية والصناعية والسكنية.\r\n\r\nكانت رؤية مؤسسينا هي ملء مكانة مهمة في مجال الهندسة المعمارية وتشكيل ممارسة تصميم محلية لتلبية احتياجات العملاء الفردية في الشرق الأوسط. سرعان ما تطورت ممارستنا إلى شركة متكاملة ، مع إضافة تخصصات محددة مثل الهندسة ، لتكمل خبرتنا المعمارية.\r\n\r\nبصفتنا مؤسسة محلية 100٪ ، فإننا نحتفظ بكادر كامل من المهندسين المعماريين والمخططين مع تقديم الخدمات الاستشارية أيضًا. تشمل حزمة الخدمات التي نقدمها معظم جوانب المشاريع الهندسية ، وهي الهندسة المعمارية وتخطيط المدن والهندسة المدنية والهيكلية والكهربائية والميكانيكية.\r\nهدفنا الرئيسي هو جعل مبانينا جذابة ومستدامة ومبنية لتستمر. نحن نفخر بأنفسنا بقدرتنا على تقديم حلول إبداعية لأي تحدي تصميم يأتي في طريقنا ونقدم دائمًا أفضل تجربة يمكن أن تقدمها شركتنا.\r\n\r\nنحن معروفون بكوننا واحدة من الشركات المعمارية الرائدة في دولة الإمارات العربية المتحدة اليوم ، مع ثلاثة عقود من الخبرة وأكثر من 250 عميل خدمنا. لقد تطورت كفاءتنا وإمكاناتنا بشكل كبير ونحن الآن نلبي احتياجات العملاء في الشرق الأوسط وآسيا وأفريقيا.', 'Founded in 1981, Al Wasl Al Jadeed Consultants (AWAJ) is a leading firm of consulting architects with special expertise in the design of commercial, industrial and residential properties. \r\n\r\nOur founders vision was to fill an important niche in the field of architecture and formed a local design practice to meet individual client needs within the Middle East. Our practice soon developed into an integrated firm, with the addition of specific disciplines like engineering, to compliment our architectural expertise. \r\n\r\nAs a 100% local establishment, we retain a full staff of architects and planners while also providing consulting services. The service package we provide embraces most aspects of engineering projects, namely architectural, town planning, civil, structural, electrical and mechanical engineering.\r\n\r\nOur prime objective is to make our buildings attractive, sustainable and built to last. We pride ourselves with the ability to bring creative solutions to any design challenge that comes our way and always deliver the best experience our firm can offer. \r\nWe are recognized as being one of the leading architectural firms in the UAE today, with three decades of experience and over 250 clients served. Our efficiency and potential has significantly evolved and we now cater to clients in the Middle East, Asia and Africa.', 'Al Wasl Al Jadeed Consultants - دبي - الإمارات العربية المتحدة', '25.18888200000001', '55.26961099999999', 3075, 0, 1, 0, NULL, '2023-07-04 04:16:10', '2024-09-14 14:05:41'),
(113, 135, 1, 1, 1, 'Federal Engineering Consultants', 'Federal Engineering Consultants', 'MD', 'MANGER', NULL, NULL, NULL, 'Federal Engineering Consultants - 57th Street - دبي - الإمارات العربية المتحدة', '25.2508773', '55.34086789999999', 2526, 0, 1, 0, NULL, '2023-07-04 04:25:33', '2024-09-14 13:53:32'),
(114, 137, 1, 7, 5, 'mmmmmmmmmmmmmmmmmm', 'mmmmmmmmmmmmmmmmmm', 'mddddddddddd', 'ddddddddddddddddd', NULL, NULL, NULL, 'ajman', '25.403534', '55.439098', 99, 1, 0, 0, '2023-10-25 02:40:51', '2023-07-16 13:49:28', '2023-10-25 02:40:51'),
(115, 142, 1, 1, 5, 'ahmed', 'ahmed', 'ahmed', 'engineer', NULL, NULL, NULL, 'ajman', NULL, NULL, 75, 1, 0, 0, NULL, '2023-09-23 20:01:39', '2024-09-01 22:18:03'),
(116, 143, 1, 2, 2, 'md cc', 'md cc', 'mh cccccc', 'cccc', NULL, NULL, NULL, '255 شارع لبيد بن ربيعة - Al Nekhailat - Al Heerah Suburb - Sharjah - United Arab Emirates', '25.38453578156067', '55.42903626723379', 66, 1, 0, 0, NULL, '2023-09-24 19:50:43', '2024-09-02 18:31:09'),
(117, 145, 1, 2, 1, 'VOCE INTERNATIONAL CONSTRUCTIONS', 'في او سي اى انتارناشونال للانشاءات', 'md', 'eng', NULL, 'VOCE International هي علامة تجارية متعددة الجنسيات تأسست في عام 2008، وفي فترة قصيرة لا تزيد عن عقد من الزمان تقريبًا، \r\nأصبحت الشركة واحدة من أكثر شركات المقاولات الهندسية والبناء جدارة بالثقة والمؤهلين في الإمارات العربية المتحدة والهند وتنزانيا وإيطاليا.', 'VOCE International is a multinational brand founded in 2008, in short span of almost a decade the company became one of the most trustable and qualified engineering\r\n and construction contractors in the United Arab Emirates, India, Tanzania, and Italy.', 'VOCE INTERNATIONAL CONSTRUCTIONS LLC - دبي - الإمارات العربية المتحدة', '25.1117614', '55.3842473', 498, 0, 1, 0, NULL, '2023-09-26 06:35:07', '2024-09-14 05:54:26'),
(118, 146, 1, 2, 1, 'ALSERH ALKABEER CONSTRUCTION LLC', 'شركه الصرح الكبير للانشاءات ذ م م', 'Samar', 'Admin', NULL, NULL, NULL, 'Al Serh Al Kabeer - إمارة الشارقةّ - الإمارات العربية المتحدة', '25.3236837', '55.3828915', 2754, 0, 1, 0, NULL, '2023-10-05 03:47:28', '2024-09-14 14:24:44'),
(119, 147, 1, 1, 3, 'Orchid Engineering Consultant', 'اوركيد للاستشارات الهندسية', 'Samar', 'Admin', NULL, NULL, NULL, 'Orchid Engineering Consultant - شارع مليحة - إمارة الشارقةّ - الإمارات العربية المتحدة', '25.2574055', '55.514146', 459, 0, 1, 0, NULL, '2023-10-05 04:36:52', '2024-09-13 16:52:29');
INSERT INTO `companies` (`id`, `user_id`, `package_id`, `section_id`, `city_id`, `name_en`, `name_ar`, `responsible_name`, `position`, `license`, `bio_ar`, `bio_en`, `address`, `lat`, `lng`, `views`, `register_by`, `status`, `featured`, `deleted_at`, `created_at`, `updated_at`) VALUES
(120, 148, 1, 1, 5, 'AL ASRI Engineering Consultants', 'المكتب العصري للاستشارات الهندسية', 'Samar', 'Admin', NULL, NULL, NULL, 'AL-ASRI ENGINEERING CONSULTANT - عجمان - الإمارات العربية المتحدة', '25.40903419999999', '55.4471162', 3015, 0, 1, 0, NULL, '2023-10-08 01:56:44', '2024-09-14 14:05:32'),
(121, 149, 1, 2, 1, 'High Star Contracting', 'هاى ستار للمقاولات', 'Samar', 'Admin', NULL, NULL, NULL, 'Abu Hail - Dubai - دبي - الإمارات العربية المتحدة', '25.2858687', '55.3281742', 0, 0, 0, 0, '2023-10-10 19:13:54', '2023-10-08 02:21:26', '2023-10-10 19:13:54'),
(122, 150, 1, 1, 1, 'Eng. Adnan Saffarini Office', 'مكتب المهندس عدنان سفاريني', 'Samar', 'Admin', NULL, NULL, NULL, 'Eng. Adnan Saffarini Office - 9 - دبي - الإمارات العربية المتحدة', '25.26712500000001', '55.3198155', 1884, 0, 1, 0, NULL, '2023-10-08 02:39:43', '2024-09-14 13:53:29'),
(123, 151, 1, 1, 1, 'A N T Engineering Consultants', 'ايه إن تي للإستشارات الهندسية', 'Samar', 'Admin', NULL, NULL, NULL, 'A N T Engineering Consultants - 1st Street - دبي - الإمارات العربية المتحدة', '25.2775744', '55.3857142', 3108, 0, 1, 0, NULL, '2023-10-08 02:56:50', '2024-09-14 14:05:30'),
(124, 152, 1, 2, 1, 'CITY NIGHTS CONTRACTING (L.L.C)', 'ليالي المدينة للمقاولات (ش.ذ.م.م)', 'Samar', 'Admin', NULL, NULL, NULL, 'City Nights Contracting LLC - شارع بغداد - دبي - الإمارات العربية المتحدة', '25.2875566', '55.3689507', 2331, 0, 1, 0, NULL, '2023-10-12 02:14:34', '2024-09-14 13:45:15'),
(125, 153, 1, 1, 1, 'Bel Yoahah Architects & Engineering Consultants', 'باليوحة للاستشارات المعمارية والهندسية', 'Samar', 'Admin', NULL, NULL, NULL, 'Single Business Tower - Sheikh Zayed Road - دبي - الإمارات العربية المتحدة', '25.188095', '55.25846899999999', 708, 0, 1, 0, NULL, '2023-10-12 02:58:23', '2024-09-14 14:20:13'),
(126, 154, 1, 2, 1, 'Union Contracting Company', 'شركه يونيون للمقاولات  (ش.ذ.م.م)', 'Samar', 'Admin', NULL, NULL, NULL, 'Union Contracting Co - دبي - الإمارات العربية المتحدة', '24.9676478', '55.2046235', 435, 0, 1, 0, NULL, '2023-10-12 03:06:45', '2024-09-14 13:21:06'),
(127, 155, 1, 1, 3, 'Albarajeel engineering consultants', 'براجيل للاستشارات الهندسية', 'Samar', 'Admin', NULL, NULL, NULL, 'Barajeel Engineering Consultants - دبي - الإمارات العربية المتحدة', '25.1100739', '55.37753069999999', 2433, 0, 1, 0, NULL, '2023-10-12 03:38:37', '2024-09-14 12:19:34'),
(128, 156, 1, 2, 1, 'AL KHARBASH CONTRACTING', 'الخرباش للمقاولات', 'Samar', 'Admin', NULL, NULL, NULL, 'Al Kharbash Contracting Co - دبي - الإمارات العربية المتحدة', '25.1809871', '55.3341866', 3723, 0, 1, 0, NULL, '2023-10-12 03:48:00', '2024-09-14 14:05:45'),
(129, 157, 1, 1, 1, 'Archdome Consulting Engineers', 'آرتش دوم للاستشارات الهندسية', 'Samar', 'Admin', NULL, NULL, NULL, 'ArchDome Consulting Engineers, Office @ 2304 - مراسي درايف - دبي - الإمارات العربية المتحدة', '25.188887', '55.26964899999999', 3681, 0, 1, 0, NULL, '2023-10-12 03:58:32', '2024-09-13 21:32:04'),
(130, 158, 1, 2, 3, 'Investor Building Contracting', 'المستثمر لمقاولات البناء', 'Samar', 'Admin', NULL, NULL, NULL, 'برج بالرشيد 1 - شارع الكورنيش - إمارة الشارقةّ - الإمارات العربية المتحدة', '25.3428151', '55.3857692', 0, 0, 0, 0, '2023-10-31 17:15:09', '2023-10-16 12:25:59', '2023-10-31 17:15:09'),
(131, 159, 1, 1, 19, 'Canadian Engineering Consultant', 'المكتب الكندى للإستشارات الهندسية', 'Samar', 'Admin', NULL, NULL, NULL, 'الإمارات - دبي - الإمارات العربية المتحدة', '25.2275804', '55.1750121', 0, 0, 0, 0, '2023-10-31 17:14:24', '2023-10-16 13:12:43', '2023-10-31 17:14:24'),
(132, 160, 1, 2, 5, 'DELTA FOUNDATION', 'شركة دلتا للاساسات', 'Samar', 'Admin', NULL, NULL, NULL, 'AL JURF - Industrial Area - Al Jerf Industrial 1 - Ajman - United Arab Emirates', '25.4248395', '55.49669340000001', 0, 0, 0, 0, '2023-10-31 17:16:55', '2023-10-16 13:23:30', '2023-10-31 17:16:55'),
(133, 161, 1, 2, 1, 'OST Constructional', 'اوست للمشاريع الانشائية', 'Samar', 'Admin', NULL, NULL, NULL, 'Office#1811 - Clover Bay Tower - 6a مراسي درايف - الخليج التجاري - دبي - الإمارات العربية المتحدة', '25.1885679', '55.27000880000001', 939, 0, 1, 0, NULL, '2023-10-16 13:40:53', '2024-09-13 11:20:15'),
(134, 162, 1, 1, 1, 'Federal Engineering Consultants', 'فيدرال للإستشارات الهندسية', 'Samar', 'Admin', NULL, NULL, NULL, 'Red Avenue Building - 57th Street - Al Garhoud - دبي - الإمارات العربية المتحدة', '25.2509429', '55.3408695', 0, 0, 0, 0, '2023-10-31 17:16:35', '2023-10-21 10:49:58', '2023-10-31 17:16:35'),
(135, 163, 1, 2, 1, 'T.M.F. EURO FOUNDATIONS', 'تى ام اف الاوروبية للاساسات', 'Samar', 'Admin', NULL, NULL, NULL, 'القرهود‎ - دبي - الإمارات العربية المتحدة', '25.2436289', '55.3474236', 0, 0, 0, 0, '2023-10-31 17:16:22', '2023-10-21 11:10:30', '2023-10-31 17:16:22'),
(136, 164, 1, 1, 1, 'Emsquare Engineering Consultants', 'إمسكوير للاستشارات الهندسية', 'Samar', 'Admin', NULL, NULL, NULL, 'شارع عمر بن الخطاب - دبي - الإمارات العربية المتحدة', '25.2718153', '55.3160661', 0, 0, 0, 0, '2023-10-31 17:14:09', '2023-10-21 11:37:57', '2023-10-31 17:14:09'),
(137, 165, 1, 1, 1, 'Cosmos Piling', 'Cosmos Piling', 'Samar', 'Admin', NULL, NULL, NULL, 'Business Bay - Dubai - دبي - United Arab Emirates', '25.1831647', '55.272887', 0, 0, 0, 0, '2023-10-31 17:16:15', '2023-10-21 11:50:15', '2023-10-31 17:16:15'),
(138, 166, 1, 2, 19, 'GULF ASIA CONTRACTING (L.L.C)', 'شركة الخليج اسيا للمقاولات', 'Samar', 'Admin', NULL, 'شركة الخليج آسيا للمقاولات ذ.م.م (GAC) هي شركة مقاولات عامة مشهورة في دول مجلس التعاون الخليجي ولها خبرة واسعة في', 'GULF ASIA CONTRACTING COMPANY LLC (GAC) is a renowned General Contractor in the GCC with extensive i', 'عجمان - الإمارات العربية المتحدة', '25.4052165', '55.5136433', 0, 0, 0, 0, '2023-10-31 17:16:07', '2023-10-24 02:36:03', '2023-10-31 17:16:07'),
(139, 167, 1, 2, 1, 'Venco Imtiaz Contracting Co L.L.C', 'شركة فينكو امتياز للمقاولات ذ.م.م', 'Samar', 'Admin', NULL, NULL, NULL, 'الخليج التجاري - دبي - الإمارات العربية المتحدة', '25.1831647', '55.272887', 0, 0, 0, 0, '2023-10-31 17:14:01', '2023-10-24 02:51:34', '2023-10-31 17:14:01'),
(140, 168, 1, 1, 1, 'al majal engineering consultants', 'المجال للاستشارات الهندسية', 'MD', 'MANGER', NULL, 'التصميم المعماري والإنشائي\r\nالإشراف على الموقع\r\nتصميم داخلي', 'Architectural and Structural Design\r\nSite Supervision\r\nInterior Design', 'Al Majal Engineering Consultants - شارع الخوانيج - دبي - الإمارات العربية المتحدة', '25.2327886', '55.4345637', 2757, 0, 1, 0, NULL, '2023-10-24 02:52:13', '2024-09-14 14:05:40'),
(141, 169, 1, 2, 3, 'INVESTOR CONTRACTING', 'شركه المستثمر للمقاولات', 'Samar', 'Admin', NULL, NULL, NULL, 'Bell Rashid Towers - شارع الكورنيش - المجاز 1 - المجاز - إمارة الشارقةّ - الإمارات العربية المتحدة', '25.3428772', '55.3858747', 0, 0, 0, 0, '2023-10-31 17:13:53', '2023-10-24 03:18:35', '2023-10-31 17:13:53'),
(142, 170, 1, 1, 1, 'PEO Architects Engineering', 'شركة بو اى او للهندسه المعمارية', 'Samar', 'Admin', NULL, 'رواد الخبراء للاستشارات الهندسية (POE) هي منظمة ديناميكية وتقدمية نمت لتصبح واحدة من الشركات الرائدة في مجال الاستشارات الهندسية واستشارات التصميم في دولة الإمارات العربية المتحدة.\r\nنحن نقدم تصميمات باستخدام أحدث التقنيات ونقدم حلولاً فعالة من حيث التكلفة لعملائنا من خلال موظفينا المؤهلين وذوي الخبرة. نحن نفهم سيكولوجية الأعمال في قطاع السوق الإماراتي، مما يجعلنا أكثر منطقية من منافسينا.', 'Pioneers of Experts Engineering Consultants (POE) is a dynamic & progressive organization that has grown to become one of the leading Engineering consultancy & Design consultancy firms in the UAE.\r\nWe provide designs using state of the art technology and provide cost effective solutions to our clients with our qualified and experienced staff. We understand the business psychology of the UAE market sector, thus making us more rationale from our competitors.', 'Pioneers of Experts Engineering Consultants - دبي - الإمارات العربية المتحدة', '25.2511386', '55.3445091', 432, 0, 1, 0, NULL, '2023-10-24 04:11:46', '2024-09-13 18:14:08'),
(143, 171, 1, 2, 20, 'Tiger contracting company', 'شركة تايغر للمقاولات', 'Samar', 'Admin', NULL, 'تأسست مجموعة النمر في عام 1976 برؤية ملهمة للمؤسسين للمشاركة الفعالة في بناء دولة الإمارات العربية المتحدة من خلال تقديم مشاريع بارزة بأعلى معايير الجودة الممكنة التي تتجاوز توقعات عملائنا.\r\n\r\nطوال رحلة نجاحنا، قمنا بتوسيع أعمالنا لتشمل، بالإضافة إلى مشروع البناء والتطوير العقاري، إدارة المرافق والضيافة والتصنيع والتعليم والرعاية الصحية وقمنا بتوسيع منطقتنا الجغرافية التشغيلية لتغطية منطقة الخليج والشرق الأوسط وتركيا.', ']]]]TIGER GROUP was founded in the year 1976 with an inspiring vision of the founders to effectively participate in the building of the United Arab Emirates through delivering landmark projects to the highest possible quality standard that exceed our customers’ expectations.\r\n\r\nThroughout our success journey, we expanded our businesses to include in addition to the Project Construction and Real Estate Development the Facilities Management, Hospitality, Manufacturing, Education and Health Care and extended our operational geographical zone to cover the Gulf Region, Middle East and Turkey.]]]]]]]]]]]]]]]]]]]]]]]]]]]]]]]]]]]]]]]]]', 'Tiger Contracting Co LLC - إمارة الشارقةّ - الإمارات العربية المتحدة', '25.3148894', '55.3756395', 528, 0, 1, 0, NULL, '2023-10-24 04:52:19', '2024-09-13 15:27:38'),
(144, 172, 1, 1, 1, 'landmark consulting architects and engineers', 'لاند مارك للاستشارات الهندسية', 'Samar', 'Admin', NULL, 'منذ تأسيسها في عام 2007 في مدينة دبي، الإمارات العربية المتحدة، قدمت لاندمارك خدمات احترافية في مجالها حيث تقدم الهندسة المعمارية الشاملة والهندسة الإنشائية والهندسة المدنية وأنظمة البناء - الهندسة الكهربائية والميكانيكية والتصميم الداخلي وتقييم المرافق وإدارة المشاريع وأكثر من ذلك بكثير بما يتجاوز توقعات عملائنا. .\r\n\r\nمع \"ترخيص غير محدود\" من بلدية دبي لتنفيذ جميع أنواع وأحجام تصميمات المباني، أصبحت لاندمارك واحدة من الشركات المعروفة في دبي واكتسبت سمعة طيبة بسبب الإنجازات التي حققتها خلال السنوات الماضية.\r\n\r\nيقدم فريق الإدارة التنفيذية للشركة عقودًا من الخبرة في مجال صناعة الإلكترونيات المتقدمة مع مجموعة قوية من المشاريع المتنوعة في الحجم والتعقيد المقدمة للعملاء البارزين في دولة الإمارات العربية المتحدة.', 'Since established in 2007 in the city of Dubai, UAE, LANDMARK performed a professional services in its feild offering comprehensive architectural, structural engineering, civil engineering, building systems - MEP, interior design, facilities assessment, project management and much more beyond our customer expectations.\r\n\r\nWith an ‘Unlimited License’ by Dubai Municipality to carry out all types and sizes of buildings designs, LANDMARK became one of the well known firms in Dubai and gained a respectful reputation due to the acheivements during the past years.\r\n\r\nThe firm’s executive management team offers decades of experience in the AEC industry with solid portfolio of projects varying in size and complexity delivered for high profile clients in  UAE.', 'LANDMARK ENGINEERING CONSULTANT, Office C1202 - دبي - الإمارات العربية المتحدة', '25.1854433', '55.2618246', 486, 0, 1, 0, NULL, '2023-10-24 05:10:17', '2024-09-12 15:09:56'),
(145, 173, 1, 2, 19, 'Eliya Building Contracting LLC', 'شركة ايليا لمقاولات البناء', 'Samar', 'Admin', NULL, NULL, NULL, 'ELIYA building contracting llc - شارع مؤتة - عجمان - الإمارات العربية المتحدة', '25.395871', '55.4935456', 2367, 0, 1, 0, NULL, '2023-10-24 05:23:01', '2024-09-13 10:57:23'),
(146, 174, 1, 1, 1, 'RENAISSANCE ENGINEERING CONSULTANT', 'النهضـــة للإستشارات الهندسية', 'Samar', 'Admin', NULL, 'يسعد شركة النهضة للاستشارات الهندسية (REC) الموجودة في دبي، مشاركة نجاحنا مع عملائنا الكرام. نحن نفخر بقدرتنا على تطوير علاقات قوية وطويلة الأمد مع عملائنا. تعتمد فلسفتنا على النهج التعاوني، والعمل بشكل وثيق مع العملاء لتحقيق أقصى قدر من نتائج المشروع. نحن نؤمن بالتفاني والاهتمام الخاص بالإبداع في مجال التصميم والمتابعة والتنفيذ، والوفاء الكامل بالتزاماتنا، والهيكل التنظيمي المرن القادر على التكيف مع المشاريع ذات المعايير المتنوعة. الاستغلال الأمثل للمشاريع في حدود الميزانية بما يحقق الانسجام بين عنصري الجمالية والجودة.', 'Renaissance Engineering Consultants  (REC)  located in Dubai, are happy to share our success with our valued clients. We pride ourselves on our ability to develop strong and long-lasting relationships with our clients. Our philosophy is based on a collaborative approach, working closely with clients to maximize project outcomes. We believe in dedication and special attention to creativeness in the field of design, follow-up and execution, complete fulfillment of our obligations, flexible organizational structure which is able to adapt to projects of diversified criteria. Optimum exploitation of projects within budget in order to achieve harmony between both elements of aesthetics and quality.', 'Renaissance Engineering Consultants - شارع الرشيد - دبي - الإمارات العربية المتحدة', '25.2951019', '55.3510351', 462, 0, 0, 0, NULL, '2023-10-24 05:33:34', '2024-09-14 13:55:29'),
(147, 175, 1, 2, 1, 'Al Baraka Construction Co. L.L.C', 'شركة البركة للانشاءات المحدودة', 'Samar', 'Admin', NULL, NULL, NULL, 'Al Baraka Construction L.L.C شركة البركة للإنشاءات ذ.م.م - دبي - الإمارات العربية المتحدة', '25.0916732', '55.3159195', 3051, 0, 1, 0, NULL, '2023-10-24 05:48:31', '2024-09-14 14:05:32'),
(148, 176, 1, 1, 1, 'Ridge Engineering Consultants', 'ريدج للاستشارات الهندسية', 'Samar', 'Admin', NULL, 'حققت شركة ريدج للاستشارات الهندسية (REC) مكانة خاصة بها في سوق الإمارات العربية المتحدة، وأصبحت رائدة في تصميم البناء والتطوير والإدارة. منذ إنشائها، سعت شركة REC جاهدة إلى تجاوز توقعات العملاء وتوقعاتها الخاصة ورفع معايير الاستشارات المهنية والهندسة من خلال وجود فريق متزايد من المتخصصين في الصناعة الموهوبين والمؤهلين وذوي الخبرة الذين يتمتعون بالقدرة والشخصية اللازمة للفهم والتغلب. تحديات بناء وصيانة المشاريع الحديثة. تنتشر بصمة نجاح REC بشكل جيد في مختلف قطاعات الصناعة. إن النجاح والدعم هما نتيجة الإيمان المطلق بفريقنا وخبرته، وقدرته على رؤية كل مشروع حتى اكتماله المنشود.', 'Ridge Engineering Consultants (REC) has carved a niche for itself in the UAE market, and become a leader in construction design, development and management. Ever since inception, REC has strived to continually exceed customers’ and its own expectations and raise the benchmarks of professional consulting and engineering by having a growing team of supremely talented, qualified, and experienced industry professionals who have the caliber and character to understand and overcome the challenges of modern project building and maintenance. REC success footprint is well-spread across different industry sectors. The success and sustenance are the outcome of sheer belief in our team and their expertise, and their ability to see through each project to its desired completion.', 'Ridge Engineering Consultants - دبي - الإمارات العربية المتحدة', '25.2466672', '55.34256869999999', 321, 0, 1, 0, NULL, '2023-10-28 05:09:26', '2024-09-14 14:12:12'),
(149, 177, 1, 2, 1, 'Turan Building Contracting LLC', 'توران لمقاولات البناء ذ.م.م', 'Samar', 'Admin', NULL, 'توران لتشييد المباني هي شركة إنشاءات مرموقة وراسخة ولها سجل حافل في تقديم مشاريع عالية الجودة في مختلف القطاعات. تأسست الشركة بهدف تقديم حلول بناء موثوقة ومبتكرة تتجاوز توقعات العملاء.', 'Turan Building Construction is a reputable and established construction company with a proven track record of delivering high-quality projects across various sectors. The company was founded with a mission to provide reliable and innovative construction solutions that exceed client expectations.', 'Square Tower by Tiger Properties - دبي - الإمارات العربية المتحدة', '25.0465176', '55.2060796', 456, 0, 1, 0, NULL, '2023-10-28 05:18:42', '2024-09-12 18:42:42'),
(150, 178, 1, 2, 1, 'Al Fursan Contracting', 'الفرسان للمقاولات', 'Samar', 'Admin', NULL, 'تلتزم شركة الفرسان بمساعيها لتنفيذ العقد بما يرضي جميع أصحاب المصلحة خلال الفترة المحددة وضمان أفضل معايير الجودة والسلامة. إظهار الالتزام بالجودة لأول مرة وفي الوقت المحدد وفي كل مرة.', 'Al Fursan stands committed in its endeavors to execute the contract to the entire satisfaction of its stakeholders within the stipulated period and assuring the best quality and safety standards. demonstrate commitment to quality first time, on time and every time.', 'AL FURSAN CONTRACTING LLC، Al Diyafa Building - Al Mankhool Road - دبي - الإمارات العربية المتحدة', '25.2375621', '55.2791213', 3681, 0, 1, 0, NULL, '2023-10-28 05:31:06', '2024-09-14 14:05:32'),
(151, 179, 1, 1, 21, 'Adcon Consultants Engineers', 'ادكون للاستشارات الهندسية', 'Samar', 'Admin', NULL, 'تأسست شركة أدكون للاستشارات الهندسية في عام 1995 كشركة هندسية استشارية متخصصة في الخدمات الهندسية. منذ إنشائها وهي متخصصة في تصميم الفلل والمباني العامة والتجارية والسكنية.\r\nلقد شارك مهندسو Adcon Consultants في عملية التطوير في الدولة لأكثر من 10 سنوات وسيظلون شريكًا نشطًا وأحد الاستشاريين الرائدين في دولة الإمارات العربية المتحدة.\r\nالهدف الأساسي لمهندسي Adcon Consultants هو جعلها متاحة على المستوى الدولي، وتنتشر الخدمات عبر سلسلة كاملة من التصميم والإدارة والبناء.', 'Adcon Consultant engineers was founded in 1995 as a consulting engineering firm specializing in engineering services.Since inception it has been specializing in the design of villas and public,commercial and residential buildings.\r\nAdcon Consultant engineers have been part if the development process in the country for more than 10 years and will continue to be an active partner and one of the leading Consultants in United Arab Emirates.\r\nThe primary objective Adcon Consultant engineers  is to make it available at the international level, the services spread over the gamut of design, management and construction.', 'Adcon Consultants Engineers LLC. - أبو ظبي - الإمارات العربية المتحدة', '24.4710474', '54.3393032', 3999, 0, 1, 0, NULL, '2023-10-28 05:45:28', '2024-09-14 14:05:31'),
(152, 180, 1, 1, 1, 'Albarajeel engineering consultants', 'البراجيل للاستشارات الهندسية', 'Samar', 'Admin', NULL, NULL, NULL, 'Barajeel Engineering, Lynx tower - واحة دبي السيليكون - دبي - الإمارات العربية المتحدة', '25.1100739', '55.37753069999999', 3315, 0, 1, 0, NULL, '2023-10-28 05:53:16', '2024-09-14 14:06:57'),
(153, 181, 1, 2, 21, 'Emirates & Al Nasr Building & Construction LLC', 'الامارات والنصر للمبانى والانشاءات ذ.م.م', 'Samar', 'Admin', NULL, NULL, NULL, 'Emirates & Al Nasr Building & Contracting Co - Sheikh Hamdan Bin Mohammed Street (Hamdan Street) - أبو ظبي - الإمارات العربية المتحدة', '24.4949063', '54.3698609', 2943, 0, 1, 0, NULL, '2023-10-30 12:16:30', '2024-09-14 08:54:24'),
(154, 182, 1, 1, 21, 'Bainona Engineering Consultancy', 'بينونة للاستشارات الهندسية', 'Samar', 'Admin', NULL, 'تأسست شركة بينونة للاستشارات الهندسية ذ.م.م في عام 1994. (BEC) مصنفة كمستشار من الدرجة \"الخاصة\" في مجالات التصميم والإشراف على البناء.\r\n\r\nسمحت لنا قيمنا وتاريخنا وخبرتنا الواسعة بالحصول على اعتراف المطورين المرموقين من مختلف الصناعات. في BEC، هدفنا هو إلهام أفق الغد من خلال وضع معايير للخدمات الهندسية اليوم.', 'stablished in 1994, Bainona Engineering Consultancy L.L.C. (BEC) is classified as a “Special” grade consultant in the fields of Design & Construction Supervision.\r\n\r\nOur values, history & wide expertise allowed us to earn the recognition of highly regarded developers from various industries.At BEC, our aim is to inspire the skylines of tomorrow by setting the standard for engineering services today.', 'Bainona Engineering Consultancy - LLC - أبو ظبي - الإمارات العربية المتحدة', '24.4548125', '54.33856249999999', 330, 0, 1, 0, NULL, '2023-10-30 12:24:57', '2024-09-13 17:47:54'),
(155, 183, 1, 2, 1, 'Majestic Mountains Building Contracting LLC', 'شركة الجبال الشامخة لمقاولات البناء ذ.م.م', 'Samar', 'Admin', NULL, 'L.L.C (MMBC) هي شركة مرموقة في الإمارات العربية المتحدة. صناعة البناء والتشييد. تشكلت في عام 2006.\r\n\r\nشركة MMBC هي مقاول رئيسي معتمد G+12 وهي واحدة من شركات المقاولات الرائدة في دبي، الإمارات العربية المتحدة.\r\n\r\nإنجاز مشاريع مثيرة للإعجاب باستخدام أساليب متطورة، وقياس معايير الجودة العالية والسلامة والأداء الوظيفي والجماليات.\r\n\r\nتتكون شركة MMBC من أكثر من 200 من المهندسين الخبراء والمهنيين المتخصصين في مشاريع البناء السكنية والتجارية والصناعية من مختلف المناطق في دبي، والمعترف بها من قبل جميع المطورين الرئيسيين والسلطات المحلية.', 'L.L.C (MMBC) is a reputed company in The U.A.E. construction industry. Formed in 2006.\r\n\r\nMMBC is a certified G+12 Main Contractor and is one of the leading contractors in Dubai, United Arab Emirates.\r\n\r\nAccomplishing impressive projects using high-end methods, measuring up to superior standards for quality, safety, functionality, and aesthetics.\r\n\r\nMMBC consists of over 200 expert engineers & professionals specialized in residential, commercial, and industrial construction projects from various areas in Dubai, Recognized by all master developers and local authorities.', 'Majestic Mountains Building Contracting LLC - 2nd - behind NMC Hospital - دبي - الإمارات العربية المتحدة', '25.2875712', '55.36892789999999', 288, 0, 1, 0, NULL, '2023-10-30 12:34:16', '2024-09-14 09:30:40'),
(156, 184, 1, 1, 1, 'FUTURE ART ENGINEERING CONSULTANCY', 'فيوتشر ارت للاستشارات الهندسية', 'Samar', 'Admin', NULL, NULL, NULL, 'Future Art engineering consultancy - شارع الأصايل - دبي - الإمارات العربية المتحدة', '25.192112', '55.2849471', 336, 0, 1, 0, NULL, '2023-10-30 12:46:16', '2024-09-14 09:32:17'),
(157, 185, 1, 3, 1, 'STROMEK EMIRATES FOUNDATIONS (L.L.C)', 'ستروميك الامارات للاساسات (ش.ذ.م.م)', 'Samar', 'Admin', NULL, 'تعمل شركه (ستروميك الامارات للاساسات (ش.ذ.م.م فى – اعمال حفر الاساسات  وتثبيت  الركائز', 'Stromic Emirates Foundations Company (L.L.C) is engaged in the work of digging foundations and installing pillars.', 'Stromek Emirates Foundations LLC, Deira - دبي - الإمارات العربية المتحدة', '25.2598037', '55.3362137', 2451, 0, 1, 0, NULL, '2023-10-30 12:53:16', '2024-09-14 14:05:50'),
(158, 186, 1, 2, 5, 'AL REHAB BUILDING CONTRACTING LLC', 'شركه شركة الرحاب العربي لمقاولات البناء ش ذ م م', 'Samar', 'Admin', NULL, 'تقوم مجموعة الرحاب بإنشاء وبناء والإشراف وإدارة المشاريع التي من شأنها أن تصنع في نهاية المطاف مجتمعًا أفضل ومستقبل أكثر إشراقًا.\r\n\r\nوباعتبارنا إحدى شركات البناء الرائدة في دولة الإمارات العربية المتحدة، فإننا نتوسع في قدراتنا المتعددة التخصصات ونقدم إدارة واستشارات شاملة في مجال الهندسة والبناء.\r\n\r\nتركز شركة الرحاب للإنشاءات على نقل الترتيبات الإبداعية التي تلبي احتياجات العملاء الحقيقية.\r\n\r\nمع خلفية تتميز بالإنجازات والعلاقة القوية مع المنظمات الشقيقة، فإننا نزود عملائنا بطريقة مدمجة لبناء نقل المشاريع في عالم العولمة المتقدم.\r\n\r\nاستباقيًا بدلًا من الاستجابة، نحن في الخط الأمامي للشراكات الجديدة والمفيدة.', 'Al Rehab group creates, builds, supervises and manages projects that will eventually make a better society and a brighter future.\r\n\r\nAs one of the leading construction companies in the UAE, we expand on our demonstrated multidisciplinary capablility and offer comprehensive engineering and building management and consultaion.\r\n\r\nAl Rehab construction concentrates on conveying creative arrangements that meet customer\'s genuine needs.\r\n\r\nWith a background marked by achievement and a solid relationship with sister organizations, we furnish our customers with an incorporated way to build venture conveyance in the advancing globalized world.\r\n\r\nProactive instead of responsive, we are at the front line of new forte and beneficial partnerships.', 'Al Rehab Building Contracting - alshaikh rashid binhamed st - عجمان - الإمارات العربية المتحدة', '25.396989', '55.4310387', 2739, 0, 1, 0, NULL, '2023-10-30 13:16:37', '2024-09-14 14:10:55'),
(159, 187, 1, 1, 1, 'OSUS INTERNATIONAL ENGINEERING CONSULTANTS', 'شركة أوسيس العالمية للاستشارات الهندسية', 'Samar', 'Admin', NULL, 'الدولية للاستشارات الهندسية هي شركة رائدة في مجال الاستشارات الهندسية والإدارية تأسست في الشارقة، الإمارات العربية المتحدة في عام 2006، وتكرس نفسها للتميز في تقديم الخدمات المهنية في أربعة مجالات رئيسية: الهندسة والإدارة والتدريب وبناء القدرات، وتكنولوجيا المعلومات.', 'INTERNATIONAL Engineering Consultants is a leading Engineering and Management consultancy firm established in Sharjah, UAE in 2006, devoting itself to excellence in providing professional services in four major areas: Engineering, Management, Training and Capacity Building, and Information Technology.', 'OSUS INTERNATIONAL ENGINEERING CONSULTANT - دبي - الإمارات العربية المتحدة', '25.2869478', '55.358322', 411, 0, 1, 0, NULL, '2023-10-30 13:26:51', '2024-09-14 13:23:41'),
(160, 188, 1, 2, 1, '. Naresco Contracting LLC', 'نارسكو للمقاولات', 'Samar', 'Admin', NULL, 'تتمتع شركة ناريسكو للمقاولات بخبرة واسعة في بناء وتشغيل وحدات تجارية متعددة الطوابق', 'Naresco Contracting has the vast experience of constructing and commissioning multi- storeyed Commer', 'Naresco Contracting LLC - 3B Street - دبي - الإمارات العربية المتحدة', '25.1454777', '55.24273509999999', 3027, 0, 1, 0, NULL, '2023-10-31 12:30:50', '2024-09-14 14:05:30'),
(161, 189, 1, 1, 1, 'HAO architects', 'اتش اى او المعمارية', 'Samar', 'Admin', NULL, 'HAO Architects هو استوديو تصميم متعدد التخصصات مقره في دبي، أسسه مانوج إتش راثود. إيماننا الأساسي بالشركة هو \"الابتكار والبساطة\".', 'HAO Architects is multi-disciplinary design studio based in Dubai founded by Manoj H Rathod. Our Fundamental belief of the firm is “innovation & simplicity”.', 'HAO Architects - شارع الميناء - دبي - الإمارات العربية المتحدة', '25.2592233', '55.2851527', 1482, 0, 1, 0, NULL, '2023-10-31 12:44:10', '2024-09-14 13:28:00'),
(162, 190, 1, 3, 1, 'PAI POWER AXES INTERNATIONAL FOUNDATION', 'باور أكسس العالمية', 'Samar', 'Admin', NULL, 'باور اكسس هي إحدى شركات مقاولات الأساسات الرائدة في الإمارات العربية المتحدة ومصر، مسجلة كشركة مقاولات في مجال إنشاء الأساسات والأعمال المدنية.', 'Power Axes is one of the leading foundation contracting companies in U.A.E and Egypt, registered as a contracting firm in the field of foundation and civil work construction.', 'Power Axes piling and foundation, Office 2301 - شارع الأعمال - دبي - الإمارات العربية المتحدة', '25.1858744', '55.2622604', 2520, 0, 1, 0, NULL, '2023-10-31 13:03:16', '2024-09-14 14:05:50'),
(163, 191, 1, 2, 1, 'Ashiyana Contracting LLC', 'اشيانا للمقاولات', 'Samar', 'Admin', NULL, 'تعمل شركه (اشيانا للمقاولات (ش.ذ.م.م فى – مقاولات البناء – مقاولات تشييد الانشاءات المعدنية', 'Ashiana Contracting Company (L.L.C) works in - building contracting - metal construction construction contracting', 'أبحث هنا', NULL, NULL, 3486, 0, 1, 0, NULL, '2023-10-31 13:09:50', '2024-09-14 14:05:46'),
(164, 192, 1, 1, 1, 'ORIENT CROWN ARCHITECTURAL', 'أورينت كراون للهندسة المعمارية', 'Samar', 'Admin', NULL, 'أورينت كراون هي شركة استشارات معمارية وهندسية مقرها في دبي، الإمارات العربية المتحدة. تأسست في عام 2014 من قبل رضا كمران وهي مسجلة في بلدية دبي، تراخيص، تيكوم، اتصالات، DCD، RAT، ديوا.\r\n\r\nأورينت كراون هي شركة رائدة في مجال الاستشارات الهندسية في التصميم والإشراف وإدارة المشاريع، وتغطي أورينت كراون عددًا من التطورات الناجحة، بما في ذلك المباني السكنية والفلل والمباني التجارية والمستشفيات والمشاريع الصناعية.', 'Orient Crown is an architecture and engineering consultancy based in Dubai, United Arab Emirates. It’s established in the year of 2014 by Reza Kamran and It’s registered in Dubai municipality (DM), Trakhees ,TECOM , Etisalat , DCD , RAT, DEWA .\r\n\r\nOrient Crown is a leading Engineering Consultants in design, supervision and project management, Orient Crown covers a number of successful developments, including residential buildings and villas, commercial buildings, hospitals, and industrial projects.', 'ORIENT CROWN ARCHITECTURAL - مراسي درايف - دبي - الإمارات العربية المتحدة', '25.1842421', '55.2597031', 1569, 0, 1, 0, NULL, '2023-10-31 13:22:07', '2024-09-14 13:46:31'),
(165, 193, 1, 2, 1, 'Mouhajer international design and contracting', 'المهاجر الدولية للتصميم والمقاولات', 'Samar', 'Admin', NULL, 'مهاجر الدولية للتصميم والمقاولات\r\nنبض التصاميم الفاخرة والأثاث الإيطالي', 'Mouhajer International Design & Contracting\r\nThe pulse of luxurious designs & Italian furniture', 'Mouhajer International Design and Contracting - بوليفارد الشيخ محمد بن راشد - دبي - الإمارات العربية المتحدة', '25.1984429', '55.27075769999999', 1161, 0, 1, 0, NULL, '2023-10-31 13:29:32', '2024-09-14 08:54:25'),
(166, 194, 1, 7, 5, 'MMM', 'MMM', 'MMM', 'MMM', NULL, NULL, NULL, 'Ajman - United Arab Emirates', '25.4052165', '55.5136433', 855, 1, 0, 0, NULL, '2023-11-04 04:35:25', '2024-09-13 05:13:06'),
(167, 195, 1, 1, 1, 'NEXT Engineering Consultants', 'نكست للاستشارات الهندسية', 'Samar', 'Admin', NULL, 'في شركة NEXT للاستشارات الهندسية، نشارك المعرفة ونتخيل طرقًا جديدة لحل تحديات البيئة المبنية.\r\n\r\nنحن نقدم تغطية كاملة لخدمات مستشارينا التي تشمل الخدمات المعمارية والإنشائية والكهربائية والميكانيكية للتصميمات.\r\n\r\nيتمتع فريقنا في شركة نكست للاستشارات الهندسية بخبرة واسعة وأشخاص موهوبين في قلب نجاحنا. نحن متخصصون في تصميم جميع أنواع المباني.\r\nسيكون فريق NEXT خطوة بخطوة دائمًا عند حاجة العميل وسيختبر تحديثات مهمة ومفصلة تهدف إلى الوصول إلى نتيجة المشروع من أجل الاستجابة لأفضل تجربة للعميل.\r\n\r\nهدفنا الأساسي هو التواجد في السوق المحلي والدولي في تصميم وإدارة وبناء المجالات.\r\n\r\nفي شركة NEXT للاستشارات الهندسية، مهمتنا هي تحويل رؤية عملائنا إلى واقع ملموس.\r\n\r\nنحن نفخر بتقديم أفكار وحلول تصميمية استثنائية لعملائنا من خلال المزج المبتكر بين الاحتياجات البشرية والتطورات الحضرية.', 'In NEXT engineering consultants, we share knowledge and imagine new ways to solve the challenges of the built environment.\r\n\r\nWe provide full coverage of our consultant\'s services that include the architectural, structural, electrical, and mechanical services of the designs.\r\n\r\nOur team at next engineering consultants has wide experience and talented people at the heart of our success, .we are specialized in designing all kinds of buildings.\r\nNEXT team step by step, will always be at the client\'s need that will experience significant and detailed updates aimed at reaching the project result in order to respond to the client\'s best experience.\r\n\r\nOur primary goal is our presence in the domestic and international market in designing, managing and building fields.\r\n\r\nAt NEXT engineering consultants, our mission is to shape our client\'s vision into reality.\r\n\r\nWe proudly deliver exceptional design ideas and solutions for our client\'s through the innovative blending of human needs and urban developments.', 'Next Engineering Consultants, Next Engineering Consultants - دبي - الإمارات العربية المتحدة', '25.1118785', '55.3843578', 444, 0, 1, 0, NULL, '2023-11-05 13:19:13', '2024-09-14 14:04:53'),
(168, 196, 1, 1, 1, 'DEC Dynamic Engineering Consultants', 'دي إي سي للاستشارات الهندسية', 'Samar', 'Admin', NULL, 'نحن شركة استشارية إقليمية للتصميم الهندسي تعمل في منطقة الشرق الأوسط، ولدينا سجل حافل في تقديم الحلول الإبداعية لأكثر المشاريع تحديًا.\r\n\r\nكما يشير اسمنا، دي إي سي للاستشارات الهندسية الديناميكية، نحن شركة ديناميكية ومتنامية، تركز على تلبية الاحتياجات المتغيرة لعملائنا.\r\n\r\nموظفونا هم سر نجاحنا. ومن خلال تسخير خبراتهم، فإننا نقدم باستمرار قيمة للعملاء في المشاريع حول العالم.', 'We are an established regional Engineering Design consultant operating in the Middle East region, with a strong track record of providing creative solutions for the most challenging of projects.\r\n\r\nAs our name, DEC Dynamic Engineering Consultants suggests, we are a dynamic and growing business, focused on meeting the changing needs of our Clients.\r\n\r\nOur people are the secret of our success. By harnessing their expertise, we are consistently delivering value for Clients on projects around the world.', 'DEC • Dynamic Design Studio LLC - دبي - الإمارات العربية المتحدة', '25.0979671', '55.15618509999999', 435, 0, 1, 0, NULL, '2023-11-05 13:39:53', '2024-09-14 14:19:48'),
(169, 197, 1, 2, 1, 'Al Ishrak Contracting Co. LLC', 'شركة الإشراق للمقاولات ذ.م.م', 'Samar', 'Admin', NULL, 'تأسست شركة الإشراق للمقاولات (ذ.م.م) أعمالها في إمارة دبي عام 1975 ونجحت في تنفيذ أعمال البناء في مجموعة متنوعة من المستودعات الصناعية والسقائف ومساكن العمال والمباني السكنية والتجارية والفلل والمساجد وما إلى ذلك إلى جانب وظائف الهندسة المدنية. على أساس تسليم المفتاح.', 'Al Ishrak Contracting Company (L.L.C.) established business in the Emirates of Dubai in 1975 and has been successfully carried out Construction works in variety of Industrial Warehouses, Sheds, Labour Accommodations, Residential & Commercial buildings, Villas, mosques etc. along with Civil Engineering jobs on turnkey basis.', 'Al Ishrak Contracting Co. LLC - دبي - الإمارات العربية المتحدة', '25.1700063', '55.3427313', 3015, 0, 1, 0, NULL, '2023-11-05 13:48:31', '2024-09-14 14:05:45'),
(170, 198, 1, 2, 1, 'Globe Building Contracting', 'جلوب لمقاولات البناء', 'Samar', 'Admin', NULL, 'تأسست شركة غلوب لمقاولات البناء في عام 1990 وتقدم حلولاً من الدرجة الأولى في التصميم والهندسة والبناء لكبار العملاء في صناعة البناء والتشييد في دولة الإمارات العربية المتحدة. مع سنوات من الخبرة تحت حزامنا، قمنا ببناء سمعة طيبة من التميز والجودة التي لا مثيل لها في هذه الصناعة. نحن فخورون بوجود فريق من المهنيين الفنيين والهندسيين ذوي الخبرة الذين يكرسون جهودهم لضمان الأداء المتفوق في كل ما نقوم به.', 'Globe Building Contracting Founded in 1990 and has been delivering top notch design, engineering and construction solutions to major clients of the construction industry in the United Arab Emirates. With years of experience under our belt, we have built a reputation for excellence and quality that is unmatched in the industry. We are proud to have a team of experienced technical and engineering professionals who are dedicated to ensuring superior performance in everything we do.', 'Globe Building Contracting LLC - دبي - الإمارات العربية المتحدة', '25.2898067', '55.35406509999999', 1617, 0, 1, 0, NULL, '2023-11-05 14:01:51', '2024-09-14 08:58:52'),
(171, 199, 1, 1, 1, 'LACASA Architects & Engineering Consultants', 'لاكاسا للهندسة المعمارية والاستشارات الهندسية', 'Samar', 'Admin', NULL, 'تأسست لاكاسا منذ أكثر من عقد من الزمن على يد عماد جابر ونبيل الخاجة، وأصبحت واحدة من أكثر شركات التصميم المعماري متعددة التخصصات إنجازًا في المنطقة مع محفظة متنوعة تغطي جميع أنواع التطويرات.\r\n\r\nبفضل فريق موهوب من المهندسين المعماريين والمهندسين ذوي الخلفيات المهنية المتنوعة، قمنا بتصميم أكثر من 250 مشروعًا يتكون من مشاريع سكنية وتجارية وضيافة ومتعددة الاستخدامات بالإضافة إلى المخططات الرئيسية والتصميمات الداخلية.\r\n\r\nونحن نسعى جاهدين لتزويد عملائنا بأعلى جودة التصاميم والخدمات. بينما يقال أنه لا يوجد شيء مثالي، فإننا نؤمن أنه يمكن تحقيق الكمال في التصميم من خلال تنمية المواهب الاستثنائية والمتنوعة. تقوم إدارتنا بذلك من خلال دعم فريق المهندسين المعماريين أثناء تعلمهم وابتكارهم وتطورهم.\r\n\r\nلا يقتصر هدفنا على مواكبة الاتجاهات المتغيرة في الصناعة فحسب، بل نطمح أيضًا إلى التأثير عليها والمساهمة في تقدم الهندسة المعمارية في المنطقة.', 'Founded over a decade ago by Emad Jaber & Nabil Al Khaja, LACASA has become one of the most accomplished multidisciplinary Architectural Design firms in the region with a diverse portfolio spanning all types of developments.\r\n\r\nThanks to a talented team of Architects and Engineers with various professional backgrounds, we have designed over 250 projects consisting of residential, commercial, hospitality, and mixed-use developments as well as master plans and interior designs.  \r\n\r\nWe strive to provide our clients with the highest quality designs and services. While it is said that nothing is perfect, we believe that perfection in design can be achieved by cultivating extraordinary and diverse talent. Our management does so by supporting its team of architects as they learn, innovate, and evolve. \r\n\r\nOur aim isn\'t only to keep up with the changing trends in the industry, but also aspire to influence them and contribute to the advancement of architecture in the region.', 'LACASA Architects & Engineering Consultants - دبي - الإمارات العربية المتحدة', '25.047697', '55.230509', 513, 0, 1, 0, NULL, '2023-11-05 14:09:28', '2024-09-13 13:27:52'),
(172, 200, 1, 1, 1, 'Urban Habitat Architectural Consultants', 'الموطن الحضري للاستشارات المعمارية', 'Samar', 'Admin', NULL, NULL, NULL, 'Urban Habitat Architectural Consultants - دبي - الإمارات العربية المتحدة', '25.1854241', '55.28014140000001', 360, 0, 1, 0, NULL, '2023-11-05 14:27:31', '2024-09-14 09:08:31'),
(173, 201, 1, 2, 1, 'Future Towers Contracting', 'أبراج المستقبل للمقاولات', 'Samar', 'Admin', NULL, 'نحن، أبراج المستقبل للمقاولات، ملتزمون بجودة العمل الذي سيضمن أن العمل المنجز سيكون على مستوى عالٍ وسيلبي بشكل مناسب المتطلبات كما هو موضح في قواعد الممارسة أو المعايير الدولية المعترف بها، والمتطلبات القانونية ومواصفات العميل', 'We, FUTURE TOWERS CONTRACTING, are committed to a quality work which will ensure that work carried out will be of high standard and will adequately address the requirements as described in recognized International Codes of Practice or standards, Statutory requirements and client specificationذذذذ', 'Future Towers Contracting - دبي - الإمارات العربية المتحدة', '25.2382647', '55.2765889', 2817, 0, 1, 0, NULL, '2023-11-05 15:02:06', '2024-09-14 08:54:23'),
(174, 202, 1, 1, 1, 'Golden Square Engineering Consultants', 'جولدن سكوير للاستشارات الهندسية', 'Samar', 'Admin', NULL, 'تأسست جولدن سكوير للاستشارات الهندسية عام 2001*\r\nجولدن سكوير للاستشارات الهندسية هي شركة تخطيط وتصميم متعددة التخصصات تقدم خدمات احترافية شاملة لمواجهة تحديات القرن الحادي والعشرين. لقد عملنا مع كبار المالكين والمطورين والمقاولين والاستشاريين على مجموعة كاملة من التصميم والعطاء والبناء، كمصمم ومراجعين أقران وخبير خارجي. نحن نعمل معًا خلال جميع مراحل المشروع لتطوير حلول تصميمية مجدية ومستدامة لعملائنا في كل من القطاعين العام والخاص', 'Golden Square Engineering Consultants was founded in 2001*\r\nGolden Square Engineering Consultants is a multi-disciplinary planning and design firm which offers comprehensive professional services to meet the challenges of the 21 St century. We have worked with a major owners, developers, contractors, consultants on the full range of design-bid-build design-build, as a designer, peer reviewers and third party expert. We work together through all project stages to develop feasible and sustainable design solution for our clients in both the public and private sector', 'Golden Square Engineering Consultants - شارع شاطئ جميرة - دبي - الإمارات العربية المتحدة', '25.1588458', '55.2072797', 462, 0, 1, 0, NULL, '2023-11-10 15:18:05', '2024-09-14 14:27:15'),
(175, 203, 1, 2, 5, 'Modern Building Contracting', 'شركة العمارة الحديثة المقاولات', 'Samar', 'Admin', NULL, 'شركة العمارة الحديثة المقاولات هي واحدة من شركات المقاولات الرائدة في الإمارات العربية المتحدة.\r\n\r\nنفذت مشاريع في دبي والشارقة وعجمان ورأس الخيمة و لبنان وسوريا.\r\n\r\nشركتنا لها تاريخ مشرق في تنفيذ مجموعة واسعة من القطاعات العقارية، مثل المباني السكنية والتجارية وألابراج والمستشفيات والجامعات والمدارس والفلل والمجمعات الحكومية.\r\n\r\nشركة العمارة الحديثة المقاولات لديها اكثر من 3000 موظف.', 'Modern Architecture Contracting Company is one of the leading contracting companies in the United Arab Emirates.\r\n\r\nImplemented projects in Dubai, Sharjah, Ajman, Ras Al Khaimah, Lebanon and Syria.\r\n\r\nOur company has a bright history in implementing a wide range of real estate sectors, such as residential and commercial buildings, towers, hospitals, universities, schools, villas and government complexes.\r\n\r\nModern Architecture Contracting Company has more than 3,000 employees.', 'Emarat- Al Rumaila - Ajman - عجمان - الإمارات العربية المتحدة', '25.4085502', '55.43683799999999', 417, 0, 1, 0, NULL, '2023-11-10 15:31:09', '2024-09-12 19:44:53'),
(176, 204, 1, 2, 1, 'Mega Tech Pilling Contracting & Foundation LLC', 'ميجا تك للمقاولات والأساسات ذ.م.م', 'Samar', 'Admin', NULL, 'مؤسسة Mega Tech هي عضو في مجموعة MEGATECH وهي واحدة من أفضل الشركات المتقدمة والتقدمية بالكامل في الإمارات العربية المتحدة ومصر والمملكة العربية السعودية. 25 عامًا من الخبرة تعتمد على المشاريع الكبرى التي أنشأها فريق من المهندسين وموظفي الدعم المؤهلين والمتحمسين للغاية. لقد بنت سمعتها من خلال إدخال أحدث التقنيات والتطوير والتصميم والتخطيط والجدولة وتنفيذ المشاريع.', 'Mega Tech Corporation is a member of MEGATECH Group and is one of the best fully developed and progressive companies in UAE, Egypt and Saudi Arabia. 25 years of experience based on major projects created by a team of qualified and highly motivated engineers and support staff. It has built its reputation by introducing the latest technologies, development, design, planning, scheduling and project execution.', 'Mega Tech Repair Piling & Foundation - شارع عمان - Dubai - الإمارات العربية المتحدة', '25.2916578', '55.396684', 330, 0, 1, 0, NULL, '2023-11-10 16:25:39', '2024-09-12 14:55:04'),
(177, 205, 1, 1, 1, 'CVTEC Consulting Engineers', 'ٍسفتيك للاستشارات الهندسية', 'Samar', 'Admin', NULL, 'تأسست شركة CVTEC في دبي عام 2005 كشركة استشارات معمارية وهندسية متعددة التخصصات. تقدم الشركة حلول تصميم شاملة في الهندسة المعمارية والتخطيط الرئيسي والتصميم الداخلي والهندسة والتخطيط وإدارة المشاريع مع شبكة عالمية من المتخصصين في البنية التحتية والمناظر الطبيعية والصوتيات وتصميم الإضاءة والتصميم المستدام وغيرها.\r\nيدير الفريق بشكل فعال مجموعة واسعة من تطوير المشروع من البداية إلى مرحلة ما بعد البناء والتشغيل. كفريق متعدد التخصصات، تعتمد CVTEC على الخبرة الأساسية لكل من شركائها الدوليين لخلق تآزر فريد من نوعه، مما يضمن تطوير المشاريع المنفذة وتنفيذها بنجاح لتحقيق أفضل مصلحة للمستثمرين والمستخدمين النهائيين.', 'CVTEC was established in Dubai in 2005 as a multi-disciplinary Architectural and Engineering Consultancy. The firm offers comprehensive design solutions in Architecture, Master Planning, Interior Design, Engineering, Planning, and Project Management with a global network of specialists in Infrastructure, Landscaping, Acoustics, Lighting Design, and Sustainable Design among others. \r\nThe team effectively manages a wide spectrum of project development from inception to post-construction and operation. As a multi-disciplinary team, CVTEC draws on each of their international associates’ core expertise to create a unique synergy, ensuring that the projects undertaken are successfully developed and implemented to the best interest of the investors and the end users.', 'Ontario Tower, P3 Floor, Office No. 01&02 - Al Amal St - الخليج التجاري - دبي - الإمارات العربية المتحدة', '25.1857267', '55.2623633', 1275, 0, 1, 0, NULL, '2023-11-10 16:35:07', '2024-09-14 13:53:29'),
(178, 206, 1, 1, 1, 'Shadid Engineering Consultants', 'شديد للاستشارات الهندسية', 'Samar', 'Admin', NULL, 'شديد للاستشارات الهندسية (SEC) هي إحدى الشركات الرائدة في مجال الاستشارات الهندسية، تأسست في دبي عام 1983، للمشاركة في صناعة البناء والتشييد، والمساهمة بفعالية في عملية البناء والتطوير التي تشهدها دولة الإمارات العربية المتحدة والمنطقة .\r\n\r\n\r\nاشتهرت المشاريع التي أنجزتها الشركة السعودية للكهرباء بجودتها ومعاييرها العالية والوعي البيئي والسلامة وإنجاز المشاريع في الوقت المحدد.', 'Shadid Engineering Consultants (SEC) is one of the pioneering companies in the field of Engineering Consultancy, established in Dubai in 1983, to take part in the construction industry, and contribute actively to the process of construction and development undergoing in the UAE and the region.\r\n\r\n\r\nrojects completed by SEC were renown for their quality, high standards, environmental awareness , safety, and on time completion of projects.', 'Shadid Engineering Consultants (Head Office) - دبي - الإمارات العربية المتحدة', '25.1209064', '55.3722447', 447, 0, 1, 0, NULL, '2023-11-10 16:44:04', '2024-09-13 23:19:08'),
(179, 207, 1, 2, 1, 'progress constructions llc', 'التقدم للإنشاءات', 'Samar', 'Admin', NULL, 'تلتزم شركة Progress Constructions بتجاوز توقعات عملائنا والمقاولين من الباطن والموردين؛ من خلال تجاوز الأداء المتوقع من خلال النزاهة والكفاءة المهنية والخدمة التي تنتج مشاريع بناء عالية الجودة.\r\n\r\nيتكون فريق التقدم للإنشاءات من المتفوقين الذين يحرصون على حصول عملائنا على الأفضل.\r\n\r\nتؤمن شركة Progress Constructions بأن الأفراد المتميزين ينتجون مشاريع عالية الجودة. التميز هو هدفنا وكذلك التزامنا تجاه عملائنا. بدءًا من خدمات ما قبل البناء وحتى إكمال المشروع، تلتزم شركة Progress Constructions بتجاوز توقعات عملائنا.\r\n\r\nتعمل شركة Progress Constructions بشكل وثيق مع المهندس المعماري والمهندسين لضمان جودة المشروع من خلال إعداد ميزانيات المشروع التفصيلية والشاملة وجداول البناء. `', 'Progress Constructions is committed to surpassing the expectations of our clients, subcontractors and suppliers; by surpass expectations performance through integrity, professionalism, and service which yields the highest quality construction projects.\r\n\r\nProgress Constructions team is made up of over-achievers who see to it that our customers receive the very best.\r\n\r\nProgress Constructions believe that quality individuals producing quality projects. Excellence is our goal as well as our obligation to our clients. From pre-construction services through project completion, Progress Constructions is committed to exceeding our clients\' expectations.\r\n\r\nProgress Constructions works closely with the Architect and Engineers to ensure a quality project through the preparation of detailed and comprehensive project budgets and construction schedules. `', 'Progress Constructions LLC - دبي - الإمارات العربية المتحدة', '25.1162259', '55.3902387', 1215, 0, 1, 0, NULL, '2023-11-10 16:52:52', '2024-09-14 08:54:24'),
(180, 208, 1, 5, 1, 'Okzeela star building materials trading llc', 'Okzeela star building materials trading llc', 'Haji', 'Sales manager', NULL, NULL, NULL, '5F66+PRP - Warsan 3 - Dubai - United Arab Emirates', '25.162065963958376', '55.462074279785156', 0, 1, 0, 0, NULL, '2023-11-13 04:33:10', '2023-11-13 04:36:41'),
(181, 209, 1, 1, 1, 'arkiplan consulting architects & engineers', 'آركيبلان للاستشارات المعمارية والمهندسين', 'Samar', 'Admin', NULL, 'إن مصممي ومتخصصي الاستشارة في Arkiplan عبارة عن ممارسة هيكلية وتصميمية مع مزيج فريد من الطاقة والخبرة. أحد أفراد تجمع مؤسسات RKM تحت رعاية صاحب السمو الشيخ راشد بن خليفة آل مكتوم، الناقلون الخفيفون للشركة هما خبيران يتمتعان بخبرة استثنائية في مجالاتهما المنفصلة في الشرق الأوسط', 'Arkiplan counseling designers and specialists is a structural and designing practice with a one of a kind mix of energy and experience. An individual from the RKM gathering of organizations under the sponsorship of his Highness Sheik Rashid Bin Khalifa Al Maktoum, the light carriers of the firm are two exceptionally experienced experts in their separate fields in the Middle East', 'ARKIPLAN CONSULTING ARCHITECTS & ENGINEERS - دبي - الإمارات العربية المتحدة', '25.2216803', '55.28100370000001', 1653, 0, 1, 0, NULL, '2023-11-13 19:02:57', '2024-09-13 21:32:04'),
(182, 210, 1, 2, 1, 'Al Shafar National Contracting L.L.C', 'الشعفار الوطنية للمقاولات', 'Samar', 'Admin', NULL, 'الشعفار الوطنية للمقاولات ذ. (SNC) هي عضو في مجموعة الشعفار. تأسست الشركة من قبل السيد أحمد سيف الشعفار في عام 1998 ومنذ ذلك الحين ، نمت شركة SNC وأصبحت الآن واحدة من الشركات المصنفة غير المحدودة في دبي.\r\n\r\nكسياسة إستراتيجية للشركة ، تم إنشاء مجموعة من الشركات (كل شركة بإدارتها المستقلة ولكن جميعها مملوكة لشركة SNC) من أجل تقديم خدمات متكاملة من قبل الشركة في الأعمال الرئيسية والمقاولة من الباطن مثل خدمات الهندسة الكهربائية والميكانيكية والأعمال المعدنية ، بالإضافة إلى الأعمال المدنية والتشطيبات المتخصصة', 'Al Shafar National Contracting LLC. (SNC) is a member of Al Shafar Group. The company was founded by Mr. Ahmed Saif Al Shafar in 1998 and since then, SNC has grown and is now one of the leading unlimited companies in Dubai.\r\n\r\nAs a strategic policy of the company, a group of companies was established (each company with its own independent management but all owned by SNC) in order to provide integrated services by the company in main and subcontracting works such as electrical, mechanical and metalwork engineering services, in addition to civil works and specialized finishes.', 'Al Shafar National Contracting - Dubai - دبي - الإمارات العربية المتحدة', '25.1334047', '55.2347827', 2115, 0, 1, 0, NULL, '2023-11-13 19:14:40', '2024-09-14 14:05:46'),
(183, 211, 1, 2, 1, 'AL MASHRIQ ARCHITECTURAL CONSTRUCTION CO.(L.L.C.)', 'شركة المشرق للانشاءات المعمارية', 'Samar', 'Admin', NULL, 'تعمل شركه (شركة المشرق للانشاءات المعمارية (ش.ذ.م.م فى – مقاولات البناء – اعمال تركيب المعدات الكهروميكانيكيه وصيانتها', 'Al-Mashreq Architectural Construction Company (LLC) works in - building contracting - electromechanical equipment installation and maintenance work.', 'AL MASHRIQ ARCHITECTURAL CONSTRUCTION CO.(L.L.C.) - دبي - الإمارات العربية المتحدة', '25.14466089999999', '55.2344842', 1416, 0, 1, 0, NULL, '2023-11-13 19:31:18', '2024-09-14 14:05:45'),
(184, 212, 1, 2, 1, 'ALHAZAMI BUILDING CONTRACTING (L.L.C)', 'الحزامي لمقاولات البناء (ش.ذ.م.م)', 'Samar', 'Admin', NULL, NULL, NULL, 'Al Hazami Building Contracting - دبي - الإمارات العربية المتحدة', '25.2899429', '55.392947', 3531, 0, 1, 0, NULL, '2023-11-14 12:33:51', '2024-09-14 14:05:46');
INSERT INTO `companies` (`id`, `user_id`, `package_id`, `section_id`, `city_id`, `name_en`, `name_ar`, `responsible_name`, `position`, `license`, `bio_ar`, `bio_en`, `address`, `lat`, `lng`, `views`, `register_by`, `status`, `featured`, `deleted_at`, `created_at`, `updated_at`) VALUES
(185, 213, 1, 1, 1, 'Arenco Architectural & Engineering Consultants', 'ارينكو للاستشارات المعمارية والهندسية', 'Samar', 'Admin', NULL, '\"لقد اكتسبت ARENCO سمعة ممتازة فيما يتعلق بالجودة وخدمة العملاء وستستمر في تحسين خدمات ما بعد البيع لتتجاوز توقعات العميل؛ لأن استئجار عقار هو أبعد من مجرد توقيع العقد. وباعتبارنا علامة تجارية محلية راسخة، فإننا ملتزمون بتقديم التميز في جميع جوانبه للمستخدم النهائي، وهي سمة رئيسية لدبي، فضلاً عن أنها تعكس رؤية القيادة للمستقبل.تأسست شركة أرينكو للاستشارات المعمارية والهندسية في عام 1971 على يد السيد عبد الله أحمد الموسى.', '“ARENCO has established an excellent reputation for quality and customer care and will continue to improve its after-sales services to exceed client’s expectations; because renting a property is way beyond a contract signoff. As a local well-established brand, we are committed to delivering excellence in all its aspects to the end-user, a main trait of Dubai, as well as reflecting the leadership’s vision for the future.”Arenco Architectural & Engineering Consultants was founded in 1971 by Mr. Abdulla Ahmed Al Moosa', 'Arenco Abdullah Ahmed Al Moosa Architectural & Engineering Consultants - شارع الشيخ زايد - دبي - الإمارات العربية المتحدة', '25.09135', '55.15908650000001', 1413, 0, 1, 0, NULL, '2023-11-14 12:46:11', '2024-09-13 21:32:05'),
(186, 214, 1, 2, 1, 'AL AHMADIAH INTERNATIONAL CONTRACTING LLC', 'الأحمدية العالمية للمقاولات ذ.م.م', 'Samar', 'Admin', NULL, 'تعمل شركه الاحمدية للمقاولات والتجارة فى – مقاولات البناء.', 'Al-Ahmadiyya Contracting and Trading Company works in building contracting.', 'AL AHMADIAH INTERNATIONAL CONTRACTING LLC - دبي - الإمارات العربية المتحدة', '25.2447038', '55.3123619', 3870, 0, 1, 0, NULL, '2023-11-14 13:08:47', '2024-09-14 14:05:31'),
(187, 215, 1, 1, 1, 'Model Engineering Consultants', 'مودل للاستشارات الهندسية', 'Samar', 'Admin', NULL, 'تأسست شركة Model Engineering Consultants في عام 1972. حصل المؤسس الأصلي لهذه الشركة، السيد شيوارام جاجريا، على ترخيص لممارسة استشارات الخدمات المعمارية والهندسية والميكانيكية والكهربائية والسباكة وحصل على الترخيص من بلدية دبي حديثة النشأة. مع النمو الأولي في دبي، نمت الشركة ونفذت مشاريع في المجالات السكنية والتجارية.', 'Model Engineering Consultants was established in 1972. The original founder of this company, Mr. Shewaram Gajjria obtained the license to practice architectural, engineering & MEP services consulting and obtained the license from a very young and newly formed Dubai Municipality. With the initial growth of Dubai, the company grew and carried out projects in residential and commercial spheres.', 'Model Engineering Consultants - دبي - الإمارات العربية المتحدة', '25.2407283', '55.2723922', 393, 0, 1, 0, NULL, '2023-11-14 13:23:31', '2024-09-14 12:53:33'),
(188, 216, 1, 2, 1, 'Al Ashram Contracting L.L.C.', 'الأشرم للمقاولات ذ.م.م', 'Samar', 'Admin', NULL, 'تعد الأشرم للمقاولات من شركات البناء الرائدة في الإمارات العربية المتحدة. على مدار 45 عاماً أسهمنا بصورة فعّالة في مسيرة التنمية التي شهدتها الدولة، وشاركنا في رسم معالم المستقبل المشرق للإمارات.\r\n\r\nمن ناطحات السحاب الشاهقة إلى مشاريع البنية التحتية المتطورة، نمتلك القدرات والخبرة التي تتيح لنا تلبية المتطلبات ومواجهة التحديات التي تواكب مراحل تنفيذ مشاريع البناء المتنوعة من حيث الحجم والنطاق.', 'Al Ashram Contracting is one of the leading construction companies in the United Arab Emirates. Over the course of 45 years, we have contributed effectively to the development process witnessed by the country, and we have participated in shaping the bright future of the Emirates.\r\n\r\nFrom towering skyscrapers to advanced infrastructure projects, we have the capabilities and experience that allow us to meet the requirements and meet the challenges that accompany the implementation phases of construction projects of varying size and scope.', 'Al Ashram Contracting LLC - Labour Camp - 22 St - دبي - الإمارات العربية المتحدة', '25.26755099999999', '55.4284506', 3570, 0, 1, 0, NULL, '2023-11-14 13:30:42', '2024-09-14 14:05:32'),
(189, 217, 1, 1, 1, 'Al Sahil Engineering Consultations', 'الساحل للاستشارات الهندسية', 'Samar', 'Admin', NULL, 'تأسست شركة ساحل للاستشارات الهندسية في 11 أغسطس 2011 على يد السيد مكتومصاحب عباس كازي. إنه مهندس معماري ديناميكي وأكمل تخرجه من جامعة بيون المعروفة باسم موطن التعليم. لديها رخصة عمل تصل إلى G+4، حيث نقوم بتنفيذ مشروع مليء بالتحديات يشمل المساجد والمباني السكنية والتجارية والمؤسسات التعليمية والمشاريع العامة والخاصة والمستودعات الصناعية والفيلات الفاخرة والاقتصادية ومساكن العمال.', 'Sahil Engineering Consultants company is established in August 11, 2011 by Mr. Maktumsaheb Abbas Kazi. He is dynamic Architect and completed his graduation from Pune University which is known as Home of Education. It has working license of up to G+4, in which we undertake challenging project that includes Mosque, Residential and Commercial Buildings, Educational Institutions, Public and Private Projects, Industrial Warehouses, Luxurious and Economical villas and Labour Camps.', 'Sahil Engineering Consultants - دبي - الإمارات العربية المتحدة', '25.27844559999999', '55.3859612', 0, 0, 0, 0, NULL, '2023-11-14 13:40:30', '2023-11-14 13:44:03'),
(190, 218, 1, 2, 5, 'sundus Building Contracting', 'سندس لمقاولات البناء', 'Samar', 'Admin', NULL, 'Sundus Building Cont. (L. L. C.) شركة عالمية رائدة في مجال الهندسة والبناء المقاول مع البصمة التي تغطي الشرق الأوسط وأفريقيا إنجلترا للعملاء من القطاعين العام والخاص قمنا بتنفيذ العديد من l arge المشاريع المعقدة التي من خلالها قمنا بتطوير مجموعة واسعة.', 'Sundus Building Cont. (L.L.C.) is a leading global engineering and construction contractor with a footprint spanning the Middle East, Africa and England for public and private sector clients. We have undertaken many l arge complex projects through which we have developed a wide portfolio.', 'سندس لمقاولات البناء Sundus Building CONT. L.L.C - شارع الشيخ خليفة بن زايد - near Ajman Stadium - عجمان - الإمارات العربية المتحدة', '25.390752', '55.4510173', 399, 0, 1, 0, NULL, '2023-11-14 13:56:16', '2024-09-13 09:37:53'),
(191, 219, 1, 1, 5, 'Design Engineering Consultants', 'ديزاين للاستشارات الهندسية', 'Samar', 'Admin', NULL, 'هل أنت بحاجة إلى حلول هندسية متخصصة في التصميم لشركتك؟ لا مزيد من البحث!\r\n\r\nمرحبًا بك في شركة ديزاين للاستشارات الهندسية، شريكك الموثوق به في عجمان لجميع احتياجاتك التصميمية والهندسية. بفضل سنوات خبرتنا وفريقنا من المهنيين ذوي المهارات العالية، نقدم خدمات استشارية من الدرجة الأولى مصممة خصيصًا لتلبية متطلباتك الفريدة.\r\n\r\nفي شركة ديزاين للاستشارات الهندسية، ندرك أهمية التصميم الفعال في تحقيق النجاح. سواء كنت بحاجة إلى مساعدة في التصاميم المعمارية، أو الهندسة الإنشائية، أو مشاريع الهندسة المدنية، فإن فريقنا المتخصص موجود هنا لتقديم حلول مبتكرة تتجاوز التوقعات.', 'Are you in need of expert design engineering solutions for your business? Look no further!\r\n\r\nWelcome to Design Engineering Consultants, your trusted partner in Ajman for all your design and engineering needs. With our years of experience and a team of highly skilled professionals, we offer top-notch consultancy services tailored to meet your unique requirements.\r\n\r\nAt Design Engineering Consultants, we understand the importance of effective design in achieving success. Whether you need assistance with architectural designs, structural engineering, or civil engineering projects, our dedicated team is here to provide innovative solutions that exceed expectations.', 'DESIGN ENGINEERING CONSULTANTS - شارع بدر - عجمان - الإمارات العربية المتحدة', '25.3936152', '55.4401682', 396, 0, 1, 0, NULL, '2023-11-16 12:59:30', '2024-09-14 14:08:15'),
(192, 220, 1, 2, 5, 'Sarh Al Murjan Building Contracting', 'صرح المرجان لمقاولات البناء', 'Samar', 'Admin', NULL, 'صرح المرجان لمقاولات البناء ذ.م.م شركة رائدة في مقاولات البناء حيث كان تأسيس الشركة لنا بسنة 2019 وبدأنابمجال المقاولات منذ ذلك الوقت وعلماً بأن في الشركة خبرات في الامور المتعلقة في مجال مقاولات البناء لأكثر من 17 سنة واكثرا', 'l Murjan Building Contracting LLC is a leading company in building contracting, as our company was established in the year 2019 and we started in the field of contracting since that time, knowing that the company has experience in matters related to the field of building contracting for more than 17 years and more.', 'Sarh Al Murjan Building Contracting L.L.C - عجمان - الإمارات العربية المتحدة', '25.38762939999999', '55.4631561', 540, 0, 1, 0, NULL, '2023-11-16 13:10:26', '2024-09-13 23:56:02'),
(193, 221, 1, 1, 5, 'Continental Engineering Consultant', 'المكتب القاري للاستشارات الهندسية', 'Samar', 'Admin', NULL, 'CEC هي شركة من المصممين والمهندسين والمخططين والاستشاريين تقدم مجموعة متنوعة من المهن', 'CEC is a firm of designers, engineers, planners and consultants providing a diverse range of profess', 'Continental Engineering Consultant - شارع الشيخ راشد بن حميد - عجمان - الإمارات العربية المتحدة', '25.4028493', '55.4402743', 432, 0, 1, 0, NULL, '2023-11-16 13:26:27', '2024-09-13 17:40:35'),
(194, 222, 1, 2, 19, 'Prestige Constructions LLC', 'برستيج للإنشاءات ذ.م.م', 'Samar', 'Admin', NULL, 'على مر السنين، نمت شركة برستيج للإنشاءات من قوة إلى قوة، حيث قامت بوضع كل لبنة بأخلاقيات وأخلاق قوية. لقد كان التطوير متعدد الأوجه ومتنوعًا بشكل غني عبر القطاعات السكنية والتجارية والتجزئة والتعليم والرعاية الصحية والصناعية. إن ما نقوم به يتحدث كثيرًا عما نعلنه. إن المجموعة المتنوعة من المشاريع التي أنجزناها حتى الآن تشبع شغفنا بالتفكير فيما وراء التقاليد وتحقيق أي حلم إلى تجربة ملموسة فورية. نحن معروفون جيدًا كمتخصصين في استخدام التكنولوجيا الرائدة في السوق الذي نعمل فيه.', 'Over the years, Prestige Constructions has grown from strength to strength, laying each brick with strong ethics and morals. The development has been multi-faceted and richly diversified across the verticals of Residential, Commercial & Retail, Educational & Healthcare and Industrial. What we do speaks volumes more than what we profess. The multifarious range of projects we have accomplished till now imbibe our passion to think beyond conventions and actualize any dream into an immediate tangible experience. We are well recognized as a specialist in utilizing avant – garde technology in the market we operate.', 'Prestige Constructions LLC, Ajman, the Black Square - First Floor - عجمان - الإمارات العربية المتحدة', '25.3892077', '55.4624763', 471, 0, 1, 0, NULL, '2023-11-16 13:42:27', '2024-09-14 14:01:08'),
(195, 223, 1, 1, 1, 'EDMAC Engineering Consultant', 'إيدماك للإستشارات الهندسية', 'Samar', 'Admin', NULL, 'EDMAC (مهندس التصميم والإدارة والهندسة المعمارية والمدنية) هو فريق متحمس للغاية ومُدار بكفاءة من المهندسين والمهندسين المعماريين والمخططين الذين عملوا في العديد من المشاريع الصعبة في جميع أنحاء الإمارات العربية المتحدة.', 'EDMAC (Engineer for Design, Management, Architectural and Civil) is a highly motivated and efficiently managed team of engineers, architects and planners that have worked on many challenging projects across UAE.', 'Edmac Engineering Consultant - دبي - الإمارات العربية المتحدة', '25.1838361', '55.26088180000001', 1413, 0, 1, 0, NULL, '2023-11-16 14:32:10', '2024-09-14 12:28:31'),
(196, 224, 1, 2, 20, 'TEAM ENGINEERING ENTERPRISES LTD.', 'تيم للمشاريع الهندسية المحدودة', 'Samar', 'Admin', NULL, 'تأسست شركة تيم الهندسية للمشاريع المحدودة، وهي كيان ذو مسؤولية محدودة، في يوليو 1982 في إمارة الشارقة، الإمارات العربية المتحدة. كشركة مقاولات في مجال البناء الصناعي والتجاري. لم تدخر شركة Team Engineering، منذ إنشائها، أي جهد في سعيها لتحقيق الجودة. تسعى شركة Team Engineering جاهدة لمواكبة أحدث التطورات والابتكارات في مجال البناء وتتبنى دائمًا أحدث التقنيات المتاحة.', 'TEAM Engineering Enterprises Limited, a Limited Liability Entity, was established in July 1982 at Emirate of Sharjah, U.A.E. as a Contracting Company in the field of industrial and commercial construction.  Team Engineering, since its inception, left no stone unturned in its quest for quality. Team Engineering strives to keep abreast of the latest developments and innovations in the field of construction and has always embraced the latest available technologies.', 'Team Engineering Enterprise LTD - شارع السمر - off شارع الشيخ محمد بن زايد - إمارة الشارقةّ - الإمارات العربية المتحدة', '25.2940389', '55.4352133', 519, 0, 1, 0, NULL, '2023-11-20 04:51:05', '2024-09-13 17:47:50'),
(197, 225, 1, 2, 1, 'skr building contracting llc', 'اس كي آر لمقاولات البناء', 'Samar', 'Admin', NULL, 'تعمل شركة SKR BUILDING CONTRACTING LLC بشكل حيوي في مجال البناء والتشييد. لدينا خبرة في تنفيذ العديد من المشاريع مثل المباني السكنية والتجارية متعددة الطوابق والأبراج والمساجد والفلل والمعارض والمستودعات والسقائف ومباني البناء الأخرى.', 'SKR BUILDING CONTRACTING LLC is dynamically engaged in the field of Building and construction. We are having experience of executing several projects such as Residential & Commercial Multi Storey Building, Towers, Mosques, Villas, Showrooms, Warehouses, Sheds, and other construction buildings.', 'SKR BUILDING CONTRACTING L.L.C. - شارع الرقة - دبي - الإمارات العربية المتحدة', '25.2625023', '55.3264364', 1275, 0, 1, 0, NULL, '2023-11-20 05:02:18', '2024-09-14 08:54:24'),
(198, 226, 1, 1, 1, 'NA Architects Engineering Consultancy', 'NA معماريون للاستشارات الهندسية', 'Samar', 'Admin', NULL, 'يعتقد NA Architects أن عملية التصميم هي التحرك بقصد سد الفجوة بين الظروف الحالية والرؤية الأصلية. سواء كان ذلك داخليًا أو معماريًا، فإن التصميم الجيد هو عملية مستمرة من القرارات والاستراتيجيات التي تتيح الابتكار وإنشاء بيئات تعزز الأداء الوظيفي ونوعية الحياة. لدينا فريق متخصص من المهندسين المعماريين الموهوبين يضعون في أذهانهم تحقيق أفضل النتائج.', 'NA Architects believes that the act of designing is to move with intent to close the gap between existing conditions and the original vision. Be it Interior or Architecture, Good Design is an ongoing process of decisions and strategies that enable innovation and create environments that enhance functionality and quality of life. Our dedicated team of talented Architects put in their minds to create the best outcomes.', 'NA Architects Engineering Consultancy - Al Mustaqbal Street - دبي - الإمارات العربية المتحدة', '25.1862779', '55.2600702', 1692, 0, 1, 0, NULL, '2023-11-20 05:16:37', '2024-09-14 13:53:32'),
(199, 227, 1, 1, 20, 'Emirates Engineer Consulting Engineering', 'المهندس الاماراتي للاستشارات الهندسية', 'Samar', 'Admin', NULL, 'يسعى مهندس الإمارات إلى تقديم تصميم جمالي فريد يستخدم التصميم والمواد في مجال cr', 'Emirates Engineer seeks to deliver a unique design aesthetic that employs design and materials in cr', 'Emirates Engineer Consulting Engineering - شارع عبدالسلام عارف - الشارقة - الإمارات العربية المتحدة', '25.316897', '55.38145000000001', 408, 0, 1, 0, NULL, '2023-11-20 05:31:30', '2024-09-13 23:19:38'),
(200, 228, 1, 2, 1, 'Al Sayegh Contracting L.L.C', 'الصايغ للمقاولات ذ.م.م', 'Samar', 'Admin', NULL, 'تقع دولة الإمارات العربية المتحدة على مفترق الطرق بين الشرق الأوسط وأفريقيا وجنوب آسيا. إنها بيئة تجارية وتجزئة نابضة بالحياة، وتقدم أنماط حياة رائعة مع ثقافة محلية مميزة. وهذا هو المكان الذي يتم فيه تقديم العلامات التجارية الرائدة للمستهلكين المميزين في المنطقة.\r\n\r\nتأسست مجموعة الصايغ في عام 1980 على يد عبد الجبار الصايغ، وهي عبارة عن تكتل في دولة الإمارات العربية المتحدة، في مجالات الإلكترونيات وقطاع الطاقة والتموين والتعليم ومراكز اللغات وحلول المطبخ وخدمات التوظيف وهندسة السيارات ودور الصرافة.\r\n\r\nيكمن إيماننا القوي في شركائنا الملتزمين وعملائنا المخلصين والموظفين المتفانين وشبكة البيع بالتجزئة الواسعة لضمان استمرار المنتجات ذات المستوى العالمي في دعم الاحتياجات المتزايدة لدولة الإمارات العربية المتحدة.', 'he United Arab Emirates (UAE) is at the crossroads of the Middle East, Africa and South Asia. It is a vibrant trading and retail environment, offering superlative lifestyles with a distinctive local culture. This is where leading brands are presented to the region’s discerning consumers.\r\n\r\nEstablished in 1980 by Abdul Jabbar Al Sayegh, Al Sayegh Group has been a conglomerate in the UAE, in the fields of Electronics, Energy sector, Catering, Education, Language Centers, Kitchen Solutions, Recruitment Services, Auto Engineering & Exchange Houses.\r\n\r\nOur strong belief lies in our committed partners, loyal customers, dedicated staff and a vast retail network to ensure that world-class products continue to support the growing needs of the UAE.', 'Al Sayegh Contracting LLC / Al Sayegh Engineering Est. - دبي - الإمارات العربية المتحدة', '25.18453460000001', '55.2601257', 4044, 0, 1, 0, NULL, '2023-11-20 05:40:49', '2024-09-14 14:24:05'),
(201, 229, 1, 1, 1, 'Proline Engineering Consultants', 'برولاين للاستشارات الهندسية', 'Samar', 'Admin', NULL, 'تأسست شركة برولاين للاستشارات الهندسية في عام 2006 في دبي، الإمارات العربية المتحدة وتعمل حاليًا في قطاعين مترابطين، خدمات البناء والتطوير العقاري بهدف واحد هو أن نكون المكتب الاستشاري الأول في دبي، الإمارات العربية المتحدة.\r\n\r\nبقيادة رئيس مجلس الإدارة المؤسس وصاحب الشركة المهندس. السيد عبد الحليم، نمت الأعمال بقوة على مدى السنوات الأربع عشرة الماضية لتغطية تشييد المباني والبنية التحتية.\r\n\r\nتتألف شركة برولاين للاستشارات الهندسية من موظفين ذوي خبرة جيدة ومؤهلين تأهيلاً عاليًا يتمتعون بسنوات عديدة من الخبرة المحلية والدولية والمشاركة في أعمال المقاولات، وهم ملتزمون بشدة ببذل كل الوسائل والموارد من أجل تحقيق رؤية الشركة للتميز كقائد وأن تكون مستشارًا موثوقًا به. في البناء والصناعة في الشرق الأوسط”.', 'PROLINE ENGINEERING CONSULTANTS was established on 2006 in Dubai, United Arab Emirates and currently operates in two interlinked sectors, construction services and property development with one goal to achieve is to be the number one consultant office in Dubai, UAE.\r\n\r\nLed by its founder chairman and company owner, Eng. El Sayed Abdelhalim, the business has grown strongly over the last fourteen years to cover building and infrastructure construction.\r\n\r\nPROLINE ENGINEERING CONSULTANTS comprises of well experienced and highly qualified staff with many years of local and international exposure and involvement in the contracting business who are firmly committed to exert all means and resources in order to fulfill company’s vision to excel as leader and be a credible consultant in the Middle East’s construction and industry”.', 'Proline Engineering Consultants - شارع زعبيل - دبي - الإمارات العربية المتحدة', '25.242301', '55.3071103', 507, 0, 1, 0, NULL, '2023-11-23 06:19:00', '2024-09-14 10:10:55'),
(202, 230, 1, 2, 1, 'Nantong Construction Group Company Limited', 'شركة مجموعة نانتونغ للإنشاءات المحدودة', 'Samar', 'Admin', NULL, 'NaN tong Construction Group co., Ltd. شركة إنشاءات ISA مقرها رقم 136 D UA NJ i ABA road, C hong chu an District, NaN tong, Jiangsu, NaN tong, الصين.', 'Nantong Construction Group Co., Ltd. is a construction company based out of NO.136 DUANJIABA ROAD, CHONGCHUAN DISTRICT, NANTONG, JIANGSU, Nantong, China.', 'Nantong Construction Group Company Limited', NULL, NULL, 4995, 0, 1, 0, NULL, '2023-11-23 06:31:23', '2024-09-13 23:34:29'),
(203, 231, 1, 1, 1, 'noora engineering consultant', 'نورا للاستشارات الهندسية', 'Samar', 'Admin', NULL, 'الخبرة الهندسية هي جوهر كل ما نقوم به. توفر فرقنا مجموعة كاملة من الخدمات الهندسية بما في ذلك الهندسة المعمارية والهيكلية والميكانيكية والكهربائية والسباكة والمناظر الطبيعية والتخطيط الحضري. نقوم أيضًا بتنفيذ أعمال الإشراف على الموقع وإدارة المشاريع لتسليم المنشآت سليمة وفي الوقت المحدد.\r\n\r\nتشمل خدماتنا أيضًا دور \"مهندس السجل\"، والذي قمنا به بنجاح للعديد من المشاريع ونعزو إكمالها بفعالية إلى خبرتنا العميقة مع الهيئات التنظيمية وهيئات الموافقة.\r\n\r\nلدينا سجل مهارات لتصميم المشاريع التي تتراوح بين المباني الشاهقة السكنية والتجارية والضيافة والاستخدام المختلط والتعليمية والرعاية الصحية والعامة والحكومية.', 'Engineering expertise is at the heart of everything we do. Our teams provide a full suite of engineering services including Architecture, Structure, MEP, landscape and Urban Planning. We further perform site supervision work and project management to deliver establishments intact and on time.\r\n\r\nOur services also include the “architect of record” role, which we have performed successfully for several projects and attribute their effective completion to our profound experience with regulatory and approval bodies.\r\n\r\nWe have the skill record for designing projects ranging from High Rise Buildings Residential, Commercial, Hospitality, Mixed use, Educational, Health care, Public & Governmental.', 'Noora Engineering Consultancy - دبي - الإمارات العربية المتحدة', '25.2198392', '55.32333999999999', 5142, 0, 1, 0, NULL, '2023-11-23 06:49:55', '2024-09-14 08:14:38'),
(204, 232, 1, 2, 1, 'ABNA ALAMIR COUNTRACTING L.L.C', 'ابناء الامير للمقاولات ش.ذ.م.م', 'Samar', 'Admin', NULL, 'تأسست مجموعة حسن الأمير عام 1992 وسميت باسم لوزان للمقاولات، ومع مرور الوقت تغير كل شيء، وكذلك اسم الشركة وتسميتها أبناء الأمير للمقاولات. منذ البداية المتواضعة، نمت شركة ابناء الأمير للمقاولات على قدم وساق، لمواكبة النمو المذهل في دولة الإمارات العربية المتحدة. الآن، تطورنا إلى سبع شركات، وهي: أبناء الأمير للمقاولات ذ.م.م، حسن الأمير للأعمال الكهروميكانيكية ذ.م.م، حسن الأمير للتجارة ذ.م.م، حسن الأمير للعقارات ذ.م.م، حسن الأمير لتحليل التربة ذ.م.م، جواهر للتصميم الداخلي ذ.م.م. الرواد لصناعة الألمنيوم والأخشاب ذ.م.م، والتي كانت تابعة لمجموعة شركات حسن الأمير، لدينا كل الشركات اللازمة لبناء فلل ومباني رائعة، من تحليل التربة والبناء إلى التأثيث. لقد تعلمنا التكيف مع احتياجات السوق الصعبة والتنويع في مثل هذه القطاعات المتنوعة، كل ذلك خلال فترة قصيرة من الزمن.\r\n\r\nلقد كانت رحلة صعبة للغاية منذ بداية شركتنا في عام 1992 وحتى اليوم. بعد أن بدأنا كشركة عائلية صغيرة، أصبحنا الآن مجموعة من الشركات. التحدي الرئيسي الذي يواجهنا اليوم هو الحفاظ على النمو الذي حققناه حتى الآن. نحن فخورون بماضينا ولدينا حاضر فاعل ونتطلع إلى مستقبل واعد.', 'The Hassan al amir group was established in 1992 and named as Luzan contracting, and as time goes by, everything had changed, as well as the company name, and name it as Abna al amir contracting. From humble beginning, Abna Al amir contracting have grown by leaps and bounds, keeping pace with the amazing growth of the Emirates. Now, we have grown into seven company, namely, Abna Al Amir contracting LLC, Hassan Al Amir Electromechanical works LLC, Hassan Al amir trading LLC, Hassan al amir Real Estate LLC, Hassan al amir soil analysis LLC, Jewels interior design, LLC and Al Ruwad aluminum and wood industry LLC ,that were under Hassan al amir group of companies, we have all the necessary company needed in building exquisite villas and buildings, from soil analysis, construction to furnishing. We have learned to adapt to the demanding market needs and diversified into such varied sectors, all within such a short period of time.\r\n\r\nIt has been a very challenging journey from the start of our company in 1992 until today. Having started as a small family business, we are now group of companies. Our major challenge today is to sustain the growth we generated till date. We are proud of our past and we have an active present and we look forward to a promising future.', 'Hassan Al Amir Group of Companies, مجموعه حسن الامير - دبي - الإمارات العربية المتحدة', '25.1229996', '55.22464549999999', 5832, 0, 1, 0, NULL, '2023-11-30 04:45:00', '2024-09-14 14:05:31'),
(205, 233, 1, 2, 1, 'Al Ummah Contracting LLC', 'الامة للمقاولات ذ.م.م', 'Samar', 'Admin', NULL, 'يسر الشركة أن تقدم أنفسنا كـ M/s. الأمة للمقاولات شركة ذات مسؤولية محدودة شركة في دبي، الإمارات العربية المتحدة. تأسست الشركة في عام 1990 لتشييد المباني G+4 وقمنا بتنفيذ العديد من المشاريع في دبي وما حولها. وفي عام 2003 حصلت على رخصة بناء عمارات أرضي + 7 طوابق وفي عام 2005 حصلت على رخصة بناء أرضي + 12 طابقا. لقد أنجزت الشركة العديد من المشاريع بما ينال رضا أصحابها إلى أقصى حد. تحت القيادة الديناميكية لشريك شركتنا المهندس بديع سليم واصف، تحرز شركتنا تقدمًا يومًا بعد يوم.', 'The firm takes great pleasure to introduce ourselves as M/s. Al Ummah Contracting an established L.L.C. company in Dubai, United Arab Emirates. The company was established in the year 1990 for the construction of G+4 buildings and we have executed several projects in and around Dubai. In the year 2003 it got the licence for constructing Ground + 7 store buildings and in 2005 it received the licence for constructing ground + 12 floors. The company has completed many projects to the utmost satisfaction of the owners. Under the dynamic leadership of our company partner Engineer Badea Selim Wasef, our company is making progress day by day.', 'Al Ummah Contracting LLC - Trade Center St - دبي - الإمارات العربية المتحدة', '25.221958', '55.28125', 5937, 0, 1, 0, NULL, '2023-11-30 05:08:29', '2024-09-14 14:05:46'),
(206, 234, 1, 2, 1, 'Julfar Contracting LLC', 'جلفار للمقاولات ذ.م.م', 'Samar', 'Admin', NULL, 'جلفار لمقاولات البناء (JBC) هي اسم رائد في صناعة البناء والتشييد في منطقة الشرق الأوسط', 'Julfar Building Contracting (JBC) is a leading name in the construction industry within the Middle E', 'Julfar contracting - 28 B St - دبي - الإمارات العربية المتحدة', '25.2321849', '55.55561549999999', 5271, 0, 1, 0, NULL, '2023-11-30 05:24:35', '2024-09-13 15:49:04'),
(207, 235, 1, 2, 2, 'AL RAKHA GENERAL CONTRACTING (L.L.C)', 'الرخاء للمقاولات العامة ش.ذ.م.م', 'Samar', 'Admin', NULL, 'مجموعة الرخاء\r\nنحن إحدى الشركات الخاصة الواعدة والمتوسعة بشكل كبير في دولة الإمارات العربية المتحدة.\r\n\r\nتتطور مجموعة شركات الرخاء بسرعة باعتبارها واحدة من الشركات الرائدة في دولة الإمارات العربية المتحدة. تأسست الشركة في عام 1986 تحت اسم شركة الرخاء للمقاولات العامة ذ.م.م، وحققت الشركة نجاحًا كبيرًا وسرعان ما أضافت أربع شركات أخرى إلى جعبتها، لتصبح مجموعة شركات.', 'Al Rakha Group\r\nWe are one of the most promising and exponentially expanding privately owned companies in the UAE.\r\n\r\nAl Rakha Group of Companies is rapidly evolving as one of the frontrunner companies in UAE. Established in 1986 as Al Rakha General Contracting Company WLL, the company zoomed to success and soon added four more companies to its quiver, becoming a conglomerate.', 'AL RAKHA GENERAL CONTRACTING (L.L.C) - Khalidiyah Street - أبو ظبي - الإمارات العربية المتحدة', '24.4737711', '54.3490283', 5886, 0, 1, 0, NULL, '2023-11-30 05:37:17', '2024-09-14 14:05:45'),
(208, 236, 1, 4, 5, 'mmmd', 'mmmd', 'mmmd', 'mmmd', NULL, NULL, NULL, 'Ajman - United Arab Emirates', '25.4052165', '55.5136433', 0, 1, 0, 0, NULL, '2024-01-26 14:37:01', '2024-01-26 14:40:33'),
(209, 241, 1, 4, 20, 'admm', 'admm', 'admm', 'admm', NULL, NULL, NULL, 'Ajman - عجمان - الإمارات العربية المتحدة', '25.4052165', '55.5136433', 1800, 1, 1, 0, NULL, '2024-03-26 04:35:08', '2024-09-14 14:05:31'),
(210, 244, 1, 4, 1, 'mmmmmmmmmmmmm', 'mmmmmmmmmmmmm', 'mmmn', 'mmmm', NULL, 'It is your guide and platform to spread your business products and services and enable customers and users to communicate with each other.', 'It is your guide and platform to spread your business products and services and enable customers and users to communicate with each other.', 'Mall of the Emirates - Sheikh Zayed Road - Dubai - United Arab Emirates', '25.118107', '55.200608', 1098, 1, 1, 0, NULL, '2024-07-16 19:11:05', '2024-09-14 14:05:52'),
(211, 245, NULL, NULL, NULL, 'المرشدي', 'المرشدي', 'محمود جمال احمد', 'خدمات فنيه', NULL, NULL, NULL, NULL, NULL, NULL, 132, 1, 0, 0, NULL, '2024-08-03 07:52:46', '2024-09-13 22:05:32'),
(212, 246, 1, 4, 3, 'companyapp', 'companyapp', 'companyapp', 'test', NULL, NULL, NULL, 'Sharjah - United Arab Emirates', '25.3561698', '55.427211', 3, 1, 0, 0, NULL, '2024-08-17 14:02:44', '2024-08-17 14:08:28'),
(213, 247, 1, 1, 1, 'Al Maali Engineering Consultancy', 'المعالى للاستشارات الهندسة', 'Samar', 'Admin', NULL, 'تأسست شركة المعالي للاستشارات الهندسية في عام 2009، وهي شركة استشارية مقرها الهند والإمارات العربية المتحدة. نحن متخصصون في المشاريع التجارية والصناعية والسكنية.\r\nنقدم لك أحدث التقنيات للتعامل مع الاستشارات الهندسية وتقنيات البناء المتغيرة بسرعة؛ تقدم شركة المعالي للاستشارات الهندسية للعملاء المعرفة الصناعية العميقة والخبرة الاستشارية. من خلال الموظفين والزملاء المهرة، تقدم شركة المعالي للاستشارات الهندسية وتساعد العملاء على تلبية متطلباتهم بأقصى قدر من الإبداع ومعايير الجودة العالية', 'Founded in 2009, Al Maali Engineering Consultancy is an India and UAE based consultancy Company.  We Specialize in commercial, industrial and residential projects.\r\nWe Bring you the latest Technologies Coping with the rapidly changing engineering consultancy and construction technologies; Almaali Engineering Consultancy is providing the clients with deep industrial knowledge and consultancy expertise. Through the top skilled staff and associates, Almaali Engineering Consultancy provides and helps the clients to deliver their requirements up to the maximum of creativity and top quality standards', 'Al Maali Engineering Consultancy (المعالي الاستشارات الهندسية) - Muscat Road - دبي - الإمارات العربية المتحدة', '25.1723258', '55.2601255', 573, 0, 1, 0, NULL, '2024-08-19 11:53:49', '2024-09-14 14:05:40'),
(214, 248, 1, 2, 1, 'EMIRATES SANDS Contracting Co LLC', 'رمال الامارات للمقاولات', 'Samar', 'Admin', NULL, 'تأسست شركة ESC في عام 1994، ويقع مقر المجموعة الرئيسي في دبي، الإمارات العربية المتحدة. نمت شركة ESC وتطورت على مدى العقدين الماضيين، لتصبح شركة إنشاءات رائدة في تنفيذ مشاريع خاصة متكاملة في الإمارات العربية المتحدة. توظف شركة ESC أكثر من 350 موظفًا في قوتها العاملة.', 'ESC founded in 1994, the group’s headquarters is in Dubai, UAE. ESC has grown and developed over the last two decades, to become an industry leading construction company for the execution of turnkey special projects in the UAE. ESC employs more than 350+ personnel in its workforce.', 'SANDS CONTRACTING CO. (L.L.C) - 2nd Floor - دبي - الإمارات العربية المتحدة', '25.2507138', '55.3407582', 189, 0, 1, 0, NULL, '2024-08-19 12:06:25', '2024-09-14 13:51:21'),
(215, 249, 1, 1, 3, 'Bait Al Imarah Engineering Consultancy', 'بيت العمارة للاستشارات الهندسية', 'Samar', 'Admin', NULL, 'بيت العمارة للاستشارات الهندسية هي إحدى شركات الاستشارات المعمارية والهندسية في الشارقة. تتمتع الشركة بسمعة طيبة لمدة 27 عامًا في التميز في التصميم. تقديم خدمات التخطيط والتصميم والإدارة الهندسية المتكاملة.', 'Bait Al Amara Engineering Consultants is one of the leading architectural and engineering consulting firms in Sharjah. The company has a 27-year reputation for excellence in design. Providing integrated planning, design and engineering management services.', 'Bait Al Imarah Engineering Consultancy - إمارة الشارقةّ - الإمارات العربية المتحدة', '25.3292023', '55.3917153', 198, 0, 1, 0, NULL, '2024-08-19 12:28:46', '2024-09-12 20:35:43'),
(216, 250, 1, 2, 5, 'Cochin Building Contracting L.L.C', 'كوتشين للمقاولات البناء', 'Samar', 'Admin', NULL, 'تأسست شركة كوتشين للمقاولات في عام 2009، كمنظمة ذات إدارة احترافية. تعد شركة كوتشين للمقاولات واحدة من أفضل شركات المقاولات تطوراً وتحديثاً في إمارة عجمان، الإمارات العربية المتحدة. نحن نتعهد بتنفيذ جميع أنواع البناء.', 'Cochin Building Contracting LLC (CBC) was established in the year 2009, as a professionally managed organization. CBC is one of the best-developed and modernized contracting company in the emirates of Ajman, UAE. We undertake all types of construction.', 'Cochin Building Contracting L.L.C - Shaikh Rashid Bin Abdul Aziz Aaemi St - عجمان - الإمارات العربية المتحدة', '25.4106472', '55.44334929999999', 234, 0, 1, 0, NULL, '2024-08-19 12:39:25', '2024-09-13 16:38:38'),
(217, 251, 1, 1, 5, 'Al Tameer Engineering Consultants', 'مكتب التعمير الهندسى', 'Samar', 'Admin', NULL, NULL, NULL, 'Al Tameer Engineering Consultants - شارع الاتحاد - عجمان - الإمارات العربية المتحدة', '25.4096349', '55.4350921', 555, 0, 1, 0, NULL, '2024-08-19 13:00:05', '2024-09-14 14:05:41'),
(218, 252, 1, 2, 1, 'City Nights Contracting LLC', 'ليالي المدينة للمقاولات (ش.ذ.م.م)', 'Samar', 'Admin', NULL, NULL, NULL, 'City Nights Contracting LLC - دبي - الإمارات العربية المتحدة', '24.985669', '55.1467645', 0, 0, 0, 0, '2024-08-21 01:35:40', '2024-08-21 01:34:15', '2024-08-21 01:35:40'),
(219, 253, 1, 2, 1, 'Union Contracting Company', 'شركة يونيون للمقاولات', 'Samar', 'Admin', NULL, 'ركة الاتحاد للمقاولات ذ.م.م. هي شركة إنشاءات رائدة تعمل من المكتب الرئيسي في دبي ولديها عمليات في أبو ظبي والمملكة العربية السعودية. تشارك شركة الاتحاد للمقاولات في أعمال البناء المدني. تم تعزيز شركتنا بمحترفين ذوي خبرة في صناعة البناء. يتكون فريق الموارد البشرية لدينا من موظفين فنيين وغير فنيين ذوي خبرة وعمال مهرة وشبه مهرة. نحن نعتمد على أنفسنا بأسطولنا الخاص من آلات ومعدات البناء. ميزاتنا البارزة تجعلنا مفضلين في السوق.', 'Union Contracting Co. LLC. is a leading construction company operating from Dubai head office and having operations in Abu Dhabi and Saudi Arabia. Union Contracting Co. is involved into Building civil construction works. Our Company is strengthened with experienced professional in the construction industry. Our human resource pool has experienced technical, non-technical personnel, skilled and semi-skilled workers. We are self reliant with our own fleet of construction machineries and equipments. Our salient features keeps us preferred in the market.', 'Union Contracting Co - دبي - الإمارات العربية المتحدة', '24.9676478', '55.2046235', 150, 0, 1, 0, NULL, '2024-08-21 01:41:11', '2024-09-13 22:52:34'),
(220, 254, 1, 2, 20, 'Sarh Al Khaleej Building Contracting LLC', 'صرح الخليج لمقاولات البناء', 'Samar', 'Admin', NULL, 'نحن نفخر بقدرتنا على تزويد عملائنا باستمرار بخيارات تصميم وبناء مبتكرة وعالية الجودة لمشاريع البناء المختلفة.', 'We pride ourselves on our ability to consistently provide our clients with innovative, high-quality design-build options for varying construction projects.', 'Sarh Al khaleej Building Contracting LLC صرح الخليج لمقاولات البناء ذ.م.م - شارع حفيضه إبراهيم - near Grand Mall - إمارة الشارقةّ - الإمارات العربية المتحدة', '25.3544564', '55.3963676', 174, 0, 1, 0, NULL, '2024-08-21 01:58:49', '2024-09-14 13:03:38'),
(221, 255, 1, 2, 1, 'Shine Square Building Contracting llc', 'شاين اسكوير لمقاولات البناء', 'Samar', 'Admin', NULL, 'شركة شاين سكوير للمقاولات. عندما دخلت مجال البناء في الإمارات العربية المتحدة، أدركت أن هناك منافسة شرسة في هذا المجال. وهنا أدركت أنه يتعين عليّ إنشاء شركة تتميز بكونها فريدة من نوعها في المنطقة. ومن أجل تحقيق هذا الحلم، قمت بتكوين فريق رائع من القوى العاملة ذات الخبرة والعمل الجاد، وهذا ما يميز شركة شاين سكوير للمقاولات عن باقي الشركات حيث نقوم بتسليم مشروعنا في أقل مدة ممكنة وبأكثر الطرق فعالية من حيث التكلفة دون المساومة على جودة البناء. وأنا أتأكد من تقديم أفضل خدمة بأفضل طريقة ممكنة لعملائي. ومنذ البداية، نحن ملتزمون تمامًا بتلبية احتياجات عملائنا.', 'Shine Square Building Contracting LLC. When I entered in to the construction field in UAE, I understood that there is tough competition in this field. This is when I realized I had to make a firm which stands unique in the region. In order to fulfill this dream I made a wonderful team of experienced and hardworking workforce because of which SSBC does stand out of the group as we deliver our project at the least duration in most cost effective way without compromising in the quality of the building. I make sure I give the best service in the best possible way to my clients. Right from the inception, we are solely dedicated to catering to the needs of our clients.', 'Shine Square Building Contracting LLC - مراسي درايف - دبي - الإمارات العربية المتحدة', '25.1806679', '55.2676356', 450, 0, 1, 0, NULL, '2024-08-21 02:18:15', '2024-09-14 14:03:17'),
(222, 256, 1, 1, 3, 'AL Nahda Eng. Consultant', 'النهضـــة للإستشارات الهندسية', 'Samar', 'Admin', NULL, 'أصبحت النهضة واحدة من أكثر شركات التصميم المعماري متعدد التخصصات إنجازًا في المنطقة مع محفظة متنوعة تغطي جميع أنواع التطورات', 'AL NAHDA became one of the most accomplished multidisciplinary Architectural Design in the region with a diverse portfolio spanning all types of developments', 'Sharjah - United Arab Emirates', '25.297591', '55.381696', 126, 0, 1, 0, '2024-08-24 16:32:25', '2024-08-22 01:11:02', '2024-08-24 16:32:25'),
(223, 257, 1, 1, 3, 'Al Ajmi Engineering Consultans', 'العجمى للاستشارات الهندسية', 'Samar', 'Admin', NULL, 'حافظت شركة العجمي للاستشارات الهندسية على وجودها في السوق المحلية والعالمية خلال أسوأ فترات الركود الاقتصادي وذلك بفضل سجلها الحافل في تقديم خدمات الاستشارات المهنية، والحرفية الممتازة، والنزاهة، والمبادئ السليمة، والموظفين المؤهلين تأهيلا عاليا، والتواجد في طليعة تبني أحدث التصاميم وتقنيات البناء.', 'Al Ajmi Engineering Consultants sustained its presence in the local and global market throughout the worst economic downturns due to having a reputable track record of providing professional consultancy services, excellent workmanship, integrity, sound principles, highly qualified staff and being at the forefront of adopting the latest designs and construction technique', 'Al Ajmi Engineering Consultants - دبي - الإمارات العربية المتحدة', '25.265229', '55.32124139999999', 522, 0, 1, 0, NULL, '2024-08-22 01:23:59', '2024-09-14 14:05:32'),
(224, 259, 1, 1, 1, 'BHNS Engineering Consultants', 'بي اتش ان اس للاستشارات الهندسية', 'Samar', 'Admin', NULL, 'نحن نعمل نحو أعلى معايير الاحتراف والنزاهة والصدق المباشر. نحن نبذل قصارى جهدنا وأكثر أعمالنا فعالية من حيث التكلفة عندما ينضم إلينا عملاؤنا في تلبية هذه التوقعات. في نهجنا تجاه العمل، نفهم دائمًا وجهة نظر العميل ونجد حلاً وننشئ تجربة تسليم مشروع تتدفق ونخطط ونلتزم ونسلم في الوقت المحدد ونعطي الأولوية للعملاء الذين يعملون معنا عن كثب، وأولئك الذين هم على استعداد لتقدير الفوائد العديدة للمباني الخضراء.', 'We work toward the highest standards of professionalism, integrity and straight forward honesty. We do our best, most cost-effective work when our clients join us in meeting these expectations.In our approach to the business we always Understand the client\'s perspective Find a solution,Create a project delivery experience that flows Plan,commit and deliver on time We give priority to clients who work closely with us, and to those who are ready to appreciate the many benefits of greener buildings.', 'BHNS ENGINEERING CONSULTANTS - Dubai - United Arab Emirates', '25.251901', '55.3376195', 432, 0, 1, 0, NULL, '2024-08-22 13:06:20', '2024-09-14 13:53:27'),
(225, 260, 1, 1, 5, 'Mimar Architecture & Engineering', 'معمار للاستشارات الهندسية', 'Samar', 'Admin', NULL, 'كل تحديث يسلط الضوء على التزامنا بالمشاريع الرائدة والتقديرات المرموقة في التميز المعماري', '\"Every Update Showcases Our Commitment to Groundbreaking Projects & Prestigious Recognitions in Architectural Excellence\"', 'Horizon Towers - شارع الاتحاد - Al Rashidiya 1 - عجمان - الإمارات العربية المتحدة', '25.3943883', '55.4546228', 192, 0, 1, 0, NULL, '2024-08-22 13:33:56', '2024-09-14 11:34:32'),
(226, 261, 1, 1, 1, 'Design Center Architects and Engineers Consultants', 'مركز التصميم', 'Samar', 'Admin', NULL, 'نحن فخورون بتقديم أنفسنا كواحدة من الشركات الرائدة في الاستشارات المعمارية والهندسية العاملة في دبي وأبو ظبي والشارقة. يقع مكتبنا الرئيسي في دبي وفرعنا في أبو ظبي والشارقة. تم تأسيس مركز التصميم في عام 1998 من قبل شركائه الرئيسيين المهندس مروان عبد الله الجزيري والمهندس محمود ديب علاش. نحن فخورون ولكن متواضعون أن نذكر أنه في هذه الفترة القصيرة من الزمن أصبحنا معروفين مهنيًا كشركة ذات سمعة طيبة بجودة خدماتنا.', 'We are proud to introduce ourselves as one of the leading Architectural and Engineering Consultants operating in Dubai, Abu Dhabi and Sharjah. Our head Office is located in Dubai and a branch office in Abu Dhabi and Sharjah. Design Center was established in the year 1998 by its senior partners Engr.Marwan Abdulla Al Jaziri and Engr. Mahmoud Deeb Alash. We are proud but humble to state that in this short span of time we are professionally identified as a reputed firm with our quality of service.', 'Design Center Architects & Engineers Consultants - دبي - الإمارات العربية المتحدة', '25.258749', '55.3365364', 174, 0, 1, 0, NULL, '2024-08-22 13:50:39', '2024-09-14 05:11:57'),
(227, 262, 1, 3, 1, 'ALZAHRAA FOUNDATION CONTRACTING (L.L.C)', 'الزهراء لحفر الاساسات ش.ذ.م.م', 'Samar', 'Admin', NULL, 'شركة الزهراء للمقاولات الأساسية ذ.م.م. واحدة من شركات الركائز الرائدة والأسرع نموًا في الإمارات العربية المتحدة\r\nمنذ إنشائها. نظرًا لخبرتنا الواسعة في هذا المجال ونظرًا لمعايير الجودة الفائقة، يتم تقديم خدماتنا لإرضاء عملائنا.\r\n\r\nتعمل شركة الزهراء للمقاولات الأساسية ذ.م.م. منذ عام 2006 في دبي، الإمارات العربية المتحدة. مع وجود مهندسين أكفاء يعملون بنشاط في مشاريع مختلفة، فقد أعطينا ثقتنا الكاملة والتزمنا بخدمة ما هو الأفضل لكل عميل بتصميم قوي وإرادة لتقديم نتائج مشاريعهم بفعالية. في عام واحد فقط، نجحنا في اكتساب احترام الأصدقاء والشركات الأخرى التي تتعامل مع نفس العمل وتنمو باستمرار. يتم تصميم الركائز بأقصى قدر من التحضير والبحث. يتم تحقيق ذلك بمساعدة الإدارة الأكثر كفاءة والموظفين والعمال المهرة.', 'Al Zahraa Foundation Contracting LLC one of the\r\nleading and fastest growing piling companies in the UAE\r\nsince its inception. Having vast experience in this line and\r\ndue to superfine standard of quality, our services are\r\nrendered to the satisfaction of our clients.\r\nAl Zahraa Foundation Contracting LLC has been\r\noperating since 2006 in Dubai, UAE. With competent\r\nengineers actively working on various projects, we have\r\ngiven our full trust and committed ourselves in serving what\r\nis best for every client with strong determination and will to\r\neffectively deliver the results of their ventures. In just a year,\r\nwe had successfully gained the respect of friends and other\r\ncompanies that deal with the same business and\r\ncontinuously growing. The pile designs are made with\r\nutmost preparation and research. This is achieved with the\r\nhelp of the most efficient management, staff and skilled\r\nworkers.', 'Al Zahraa Foundation Contracting LLC DIC Branch - Dubai - United Arab Emirates', '24.8452487', '55.0618035', 468, 0, 1, 0, NULL, '2024-08-23 23:59:14', '2024-09-14 14:05:50'),
(228, 263, 1, 1, 1, 'M M S  Architectural and Engineering Consultans', 'إم إم إس للاستشارات المعمارية والهندسية', 'Samar', 'Admin', NULL, 'بدأت شركة MMS Consultants أعمالها في عام 1975. ويمثل الحرف \"MMS\" في اسمنا الأحرف الأولى من أسماء مؤسسينا: المساح روبرت ميكلسون والمهندس رون ماير ومهندس المناظر الطبيعية لاري شنيتر. وكان النجاح في تلك السنوات الأولى مدفوعًا بولاء مجموعة صغيرة من العملاء وقدرة الشركاء على العمل معًا بشكل جيد كفريق واحد وحقيقة أنهم كانوا مهتمين حقًا بالمشاريع التي أُسندت إليهم. وينعكس هذا الاهتمام في شعار MMS، الذي رسمه لاري شنيتر يدويًا بحب. ونحتفظ بهذا الشعار حتى يومنا هذا كتذكير دائم بمدى ما بذله كل من الشركاء من أنفسهم في مشروعهم الجديد.', 'MMS Consultants opened for business in 1975. The “MMS” in our name represents the initials of our founders: Surveyor Robert Mickelson, Engineer Ron Meyer, and Landscape architect Larry Schnittjer. Success in those early years was fueled by the loyalty of a small group of clients, the partners\' ability to work well together as a team, and the fact that they genuinely cared about the projects they were given. That caring is reflected in the MMS logo, lovingly hand-drawn by Larry Schnittjer. We keep that logo to this day as a constant reminder of how much of themselves each of the partners put into their new venture.', 'MMS Architectural and Engineering Consultants - دبي - الإمارات العربية المتحدة', '25.1857871', '55.2819096', 384, 0, 1, 0, NULL, '2024-08-24 00:16:30', '2024-09-13 21:32:05'),
(229, 264, 1, 3, 3, 'Geo Foundation Group L.L.C', 'مجموعة جيو للاساسات ذ.م.م', 'Samar', 'Admin', NULL, 'Geo Foundation Group L.L.C (GFG) هي شركة هندسية للأساسات تأسست في دبي عام 2006. نحن مقاولون متخصصون في جميع أنواع الأعمال تحت الأرض بما في ذلك الركائز، والأكوام، وتحسين الأرض، والأكوام الصغيرة، والحقن، والترسيخ، والحفر، وإزالة المياه.', 'Geo Foundation Group L.L.C (GFG) is a foundation engineering company established in Dubai in 2006. We are a specialized contractor in all type of underground works including shoring, piling, ground improvement, micro pilings, grouting, anchoring, excavation and dewatering.', '8JGR+9VH - الصجعة - إمارة الشارقةّ - الإمارات العربية المتحدة', '25.3259429', '55.6422307', 855, 0, 1, 1, NULL, '2024-08-24 00:34:50', '2024-09-14 14:05:25'),
(230, 265, 1, 1, 1, 'Omnium International Limited', 'اومنيوم', 'Samar', 'Admin', NULL, 'تفتخر شركة Omnium International بالعمل مع عملاء استثنائيين. لأكثر من 50 عامًا، دعمنا التغيير الإيجابي لمجتمعاتنا، وقدمنا ​​الخبرة في إدارة المشاريع والتجارة والتكاليف لبعض أكثر المشاريع إثارة في العالم.\r\n\r\nإن النصائح الموثوقة المدعومة بخبرة لا مثيل لها من فريق الاستشارات المتميز الحائز على جوائز لدينا تبني شراكات عمل وثيقة تساعد في خلق نجاح اقتصادي دائم لمن حولنا.', 'Omnium International is proud to work with exceptional clients. For over 50 years, we have supported positive change for our communities, delivering project management, commercial and cost expertise on some of the world’s most exciting projects.\r\n\r\nReliable advice backed by unparalleled experience from our award-winning, niche consultancy team builds close working partnerships that help to create lasting economic success for those around us.', 'Omnium International Limited - شارع الشيخ زايد - دبي - الإمارات العربية المتحدة', '25.2118324', '55.27470390000001', 210, 0, 1, 0, NULL, '2024-08-24 01:11:27', '2024-09-13 16:49:46'),
(231, 266, 1, 1, 1, 'Smc consulting engineers', 'شركة اس ام سى للاستشارات الهندسة', 'Samar', 'Admin', NULL, 'تغطي خبرتنا في قطاع الضيافة تصميم المرافق المميزة من فئة الخمس نجوم إلى الفنادق البوتيكية، ونحن نقدم لعملائنا خبرة لا مثيل لها في هذا المجال.', 'Our experience in the hospitality industry covers the design of iconic five-star facilities to boutique hotels, we bring unmatched expertise in this area to our clients.', 'Smc consulting engineers', NULL, NULL, 471, 0, 1, 0, NULL, '2024-08-24 01:44:29', '2024-09-14 13:53:27'),
(232, 267, 1, 1, 3, 'AL NAHDA eng.consulting Engineers', 'النهضة للاستشارات الهندسية', 'Samar', 'Admin', NULL, 'تأسست شركة النهضة للاستشارات الهندسية في عام 1986 كشركة استشارية من الدرجة الأولى بهدف تزويد العملاء بتصميمات مبتكرة وموثوقة وحديثة في مجال التخطيط الحضري والتخطيط الحضري والأبراج.', 'AL NAHDA eng.consulting Engineers was established in 1986 as a first class consultant with the aim of providing clients with innovative, reliable and modern designs in the filed of urban & town planning and towers', 'Sharjah - United Arab Emirates', '25.3561698', '55.427211', 654, 0, 1, 0, NULL, '2024-08-24 01:56:48', '2024-09-14 14:05:40'),
(233, 268, 1, 2, 3, 'Al Wathba Building Contracting Company', 'شركة الوثبة للمقاولات الانشائية', 'Samar', 'Admin', NULL, 'شركة الوثبة للبناء والمقاولات هي مجموعة قابضة تأسست في دولة الإمارات العربية المتحدة عام 1989 وتتخصص في خدمات البناء التجارية والمؤسسية والصناعية والطبية.', 'Al Wathba Building & Contracting Company is a holding group established in the United Arab Emirates in 1989 specialize in commercial, institutional, industrial, and medical construction services.', 'شركة الوثبة لمقاولات البناء Alwathba Building Cont.Co - الشارقة - الإمارات العربية المتحدة', '25.3296715', '55.39127999999999', 774, 0, 1, 0, NULL, '2024-08-24 02:19:18', '2024-09-14 14:05:46'),
(234, 269, 1, 1, 1, 'GENERAL CONSTRUCTION C0. LLC', 'الشركة العامة للانشاءات', 'Samar', 'Admin', NULL, 'بفضل خبرتنا الممتدة لأكثر من 25 عامًا في مختلف القطاعات، تقدم شركة General Construction Co. LLC خدمة لا مثيل لها لعملائنا الكرام. وخلال رحلتنا المكثفة، قمنا بصقل مهاراتنا، وإتقان اتجاهات الصناعة، وتعزيز العلاقات الدائمة، وكل هذا يساهم في التزامنا الثابت بالتميز في كل مشروع نتعهد به.', 'With over 25 years of experience spanning diverse sectors, General Construction Co. LLC delivers unparalleled service to our esteemed clients. Throughout our extensive journey, we have honed our skills, mastered industry trends, and fostered lasting relationships, all of which contribute to our unwavering commitment to excellence in every project we undertake.', 'Al Mezan Tower - Muhaisnah 4 - Dubai - دبي - UAE', '25.2873546', '55.4008017', 744, 0, 1, 0, NULL, '2024-08-25 12:40:05', '2024-09-14 14:05:28'),
(235, 270, 1, 2, 1, 'Al Shafar Electrical & Mechanical Engineering Co. (LLC)', 'شركة الشعفار للهندسة الكهربائية والميكانيكية ذ.م.م', 'Samar', 'Admin', NULL, 'تعمل شركة الشعفار للهندسة الكهربائية والميكانيكية (ذ.م.م )فى – اعمال التمديدات الكهربائيه – اعمال التمديدات و التركيبات الصحية', 'Al Shafar Electrical and Mechanical Engineering Company (LLC) works in - Electrical extension works - Sanitary extensions and installations works', 'AL SHAFAR ELECTROMECHANICAL ENGINEERING ( L.L.C) - دبي - الإمارات العربية المتحدة', '25.2364594', '55.2890612', 774, 0, 1, 0, NULL, '2024-08-25 13:02:22', '2024-09-14 14:05:28'),
(236, 271, 1, 2, 3, 'ALthuriah construction', 'الثريا لمقاولات البناء', 'Samar', 'Admin', NULL, NULL, NULL, 'Al Thuriah, Sahara Tower 1 - شارع النهدة - إمارة الشارقةّ - الإمارات العربية المتحدة', '25.29840039999999', '55.36620420000001', 822, 0, 1, 0, NULL, '2024-08-25 13:34:11', '2024-09-14 14:05:28'),
(237, 272, 1, 3, 1, 'Meraki facade & glazing systems llc', 'شركة ميراكي لأنظمة الواجهات والتزجيج', 'Samar', 'Admin', NULL, 'شركة ميراكي للتطوير العقاري هي شركة تطوير عقاري مملوكة للقطاع الخاص، وهي جزء من مجموعة ميراكي. وهي تجمع مجموعة من الأفراد الموهوبين للغاية الذين يتمتعون بخبرة ومعرفة لسنوات في مجال تطوير العقارات لبناء مجتمعات مستدامة ومصممة بذكاء وحديثة، وهي في طليعة الفخامة الوظيفية.', 'Meraki Developers is a backward integrated privately held real estate developer and is part of the Meraki Group. It brings together a group of highly talented individuals with years of domain expertise and knowledge in real estate development to build state-of-the-art, astutely designed, sustainable communities which are at the cutting edge of functional luxury.', 'Sobha Sapphire - Al Khaleej Al Tejari 2 Street - دبي - الإمارات العربية المتحدة', '25.1781685', '55.27467799999999', 0, 0, 0, 0, NULL, '2024-08-25 14:10:57', '2024-08-25 14:13:16');
INSERT INTO `companies` (`id`, `user_id`, `package_id`, `section_id`, `city_id`, `name_en`, `name_ar`, `responsible_name`, `position`, `license`, `bio_ar`, `bio_en`, `address`, `lat`, `lng`, `views`, `register_by`, `status`, `featured`, `deleted_at`, `created_at`, `updated_at`) VALUES
(238, 273, 1, 2, 1, 'Meraki Integrated Contracting LLC', 'شركة ميراكي للمقاولات المتكاملة ذ.م.م', 'Samar', 'Admin', NULL, 'شركة ميراكي للتطوير العقاري هي شركة تطوير عقاري مملوكة للقطاع الخاص، وهي جزء من مجموعة ميراكي. وهي تجمع مجموعة من الأفراد الموهوبين للغاية الذين يتمتعون بخبرة ومعرفة لسنوات في مجال تطوير العقارات لبناء مجتمعات مستدامة ومصممة بذكاء وحديثة، وهي في طليعة الفخامة الوظيفية.', 'Meraki Developers is a backward integrated privately held real estate developer and is part of the Meraki Group. It brings together a group of highly talented individuals with years of domain expertise and knowledge in real estate development to build state-of-the-art, astutely designed, sustainable communities which are at the cutting edge of functional luxury.', 'Sobha Sapphire - Al Khaleej Al Tejari 2 Street - دبي - الإمارات العربية المتحدة', '25.1781685', '55.27467799999999', 0, 0, 0, 0, NULL, '2024-08-25 14:21:13', '2024-08-25 14:27:26'),
(239, 274, 1, 1, 1, 'WME Engineering Consultants', 'شركة دبليو إم إي للاستشارات الهندسية', 'Samar', 'Admin', NULL, 'WME هي شركة استشارية مستقلة متعددة التخصصات تقدم خدمات هندسية للبيئة المبنية. يقع مقرها في الشرق الأوسط، ولها مكاتب في بنغالور ولندن، وتقدم حلولاً هندسية في جميع أنحاء العالم.', 'WME is an independent multi-disciplinary consultancy providing ENGINEERING SERVICES for the built environment. They are based in the Middle East, with offices in Bangalore and London, delivering engineering solutions around the globe.', 'Emarat Atrium Building - Sheikh Zayed Road - دبي - الإمارات العربية المتحدة', '25.1895137', '55.25633609999999', 363, 0, 1, 0, NULL, '2024-08-25 14:36:28', '2024-09-14 14:05:28'),
(240, 275, 1, 7, 1, 'U+A Architecture, Interior Design, Urban Planning', 'U+A الهندسة المعمارية، التصميم الداخلي، التخطيط الحضري', 'Samar', 'Admin', NULL, 'تعد شركة U+A، وهي جزء من مجموعة Egis، شركة دولية للهندسة المعمارية والتصميم تعتمد نهجًا متعدد التخصصات. وتشمل خدماتنا الهندسة المعمارية والتصميم الداخلي وهندسة المناظر الطبيعية والتخطيط الحضري والتخطيط الرئيسي. نسعى جاهدين للحفاظ على معايير عالية تتماشى مع ممارسات الصناعة مع تعزيز الإبداع والابتكار.', 'U+A, part of the Egis Group, is an international architecture and design firm with a multidisciplinary approach. Our services encompass architecture, interior design, landscape architecture, urban planning, and master planning. We strive to uphold high standards in line with industry practices while fostering creativity and innovation.', 'Emaar Business Park - شارع الشيخ زايد - Dubai - Dubai - الإمارات العربية المتحدة', '25.0959059', '55.1673686', 0, 0, 0, 0, NULL, '2024-08-25 15:03:01', '2024-08-25 15:03:48'),
(241, 276, 1, 2, 1, 'Gulf Modern Contracting', 'جلف مودرن للمقاولات ش.م.م', 'Samar', 'Admin', NULL, 'نحن شركة إنشاءات عامة سريعة النمو في دولة الإمارات العربية المتحدة مع ترخيص غير محدود.', 'We are a fast-growing general construction company in UAE with unlimited license.', 'Dusseldorf Business Point - Al Barsha Road - Al Barsha 1 - Dubai - دبي - UAE', '25.1145669', '55.20505499999999', 783, 0, 1, 0, NULL, '2024-08-25 15:09:57', '2024-09-14 14:05:28'),
(242, 277, 1, 4, 1, 'AYHACO Gypsum products manufacturing', 'AYHACO Gypsum products manufacturing', 'AYHACO Gypsum products manufacturing', 'AYHACO Gypsum products manufacturing', NULL, 'About Us\r\nWho We Are?\r\nWelcome to AYHACO – where building dreams has been a passion since 1973!\r\nWe\'re your trusted partners in construction, we specialize in delivering a comprehensive range of top-quality building materials, catering to both projects and wholesale needs. Our commitment to excellence and innovation has made us a go-to supplier, crafting reliable solutions for your construction needs.', 'About Us\r\nWho We Are?\r\nWelcome to AYHACO – where building dreams has been a passion since 1973!\r\nWe\'re your trusted partners in construction, we specialize in delivering a comprehensive range of top-quality building materials, catering to both projects and wholesale needs. Our commitment to excellence and innovation has made us a go-to supplier, crafting reliable solutions for your construction needs.', 'Ayhaco Gypsum Products, Al Quoz) - Dubai - United Arab Emirates', '25.1498422', '55.2372488', 762, 1, 1, 0, NULL, '2024-08-30 19:01:57', '2024-09-14 14:05:28'),
(243, 278, NULL, NULL, NULL, 'abcd', 'abcd', 'Ahmed Hussien', 'cto', NULL, NULL, NULL, NULL, NULL, NULL, 255, 1, 0, 0, NULL, '2024-09-07 07:23:19', '2024-09-14 11:46:51'),
(244, 279, NULL, NULL, NULL, 'abcd', 'abcd', 'Ahmed Hussien', 'cto', NULL, NULL, NULL, NULL, NULL, NULL, 237, 1, 0, 0, NULL, '2024-09-07 07:24:23', '2024-09-14 07:27:41');

-- --------------------------------------------------------

--
-- Table structure for table `company_major`
--

CREATE TABLE `company_major` (
  `id` bigint(20) UNSIGNED NOT NULL,
  `company_id` bigint(20) UNSIGNED NOT NULL,
  `major_id` bigint(20) UNSIGNED NOT NULL
) ENGINE=InnoDB DEFAULT CHARSET=utf8mb4 COLLATE=utf8mb4_unicode_ci;

--
-- Dumping data for table `company_major`
--

INSERT INTO `company_major` (`id`, `company_id`, `major_id`) VALUES
(2, 1, 21),
(3, 1, 22),
(4, 1, 28),
(6, 4, 4),
(7, 4, 5),
(8, 4, 6),
(9, 10, 10),
(10, 10, 33),
(11, 10, 40),
(12, 10, 43),
(13, 10, 48),
(14, 12, 17),
(15, 12, 18),
(16, 13, 17),
(17, 13, 18),
(18, 14, 17),
(19, 14, 18),
(20, 15, 17),
(21, 15, 18),
(22, 16, 17),
(23, 16, 18),
(24, 17, 17),
(25, 17, 18),
(26, 12, 49),
(27, 12, 50),
(28, 13, 49),
(29, 13, 50),
(30, 14, 49),
(31, 14, 50),
(32, 15, 49),
(33, 15, 50),
(34, 16, 49),
(35, 16, 50),
(36, 17, 49),
(37, 17, 50),
(38, 18, 17),
(39, 18, 18),
(40, 18, 49),
(41, 18, 50),
(42, 19, 17),
(43, 19, 18),
(44, 19, 49),
(45, 19, 50),
(46, 20, 17),
(47, 20, 18),
(48, 20, 49),
(49, 20, 50),
(50, 21, 17),
(51, 21, 18),
(52, 21, 49),
(53, 21, 50),
(54, 22, 17),
(55, 22, 18),
(56, 22, 49),
(57, 22, 50),
(58, 23, 14),
(59, 23, 15),
(60, 24, 14),
(61, 24, 15),
(62, 25, 14),
(63, 25, 15),
(64, 25, 16),
(65, 24, 16),
(66, 23, 16),
(67, 26, 15),
(68, 26, 16),
(69, 27, 14),
(70, 27, 15),
(71, 27, 16),
(72, 28, 14),
(73, 28, 15),
(74, 28, 16),
(75, 29, 14),
(76, 29, 15),
(77, 30, 14),
(78, 30, 15),
(79, 30, 16),
(80, 31, 44),
(81, 31, 45),
(82, 32, 19),
(83, 34, 1),
(84, 34, 2),
(85, 34, 3),
(86, 39, 17),
(87, 39, 18),
(88, 39, 49),
(90, 43, 3),
(91, 2, 1),
(92, 2, 2),
(93, 2, 3),
(94, 2, 51),
(95, 44, 1),
(96, 44, 2),
(97, 44, 51),
(98, 44, 3),
(99, 45, 3),
(100, 50, 1),
(101, 50, 2),
(102, 50, 3),
(103, 50, 51),
(104, 51, 4),
(105, 51, 5),
(106, 51, 6),
(107, 52, 48),
(108, 55, 1),
(109, 55, 2),
(110, 55, 3),
(111, 55, 51),
(112, 56, 2),
(113, 58, 3),
(114, 59, 3),
(115, 60, 3),
(116, 61, 3),
(117, 62, 3),
(118, 63, 3),
(119, 64, 3),
(120, 65, 3),
(121, 66, 3),
(122, 67, 6),
(123, 69, 48),
(124, 68, 4),
(125, 68, 5),
(126, 68, 6),
(127, 70, 48),
(128, 72, 3),
(129, 73, 3),
(131, 75, 2),
(132, 76, 3),
(133, 77, 3),
(134, 78, 39),
(135, 79, 4),
(136, 79, 5),
(137, 80, 2),
(138, 81, 1),
(139, 82, 3),
(140, 83, 3),
(141, 85, 21),
(142, 85, 52),
(143, 85, 53),
(144, 85, 54),
(145, 86, 26),
(146, 87, 19),
(147, 87, 20),
(148, 88, 19),
(149, 88, 28),
(150, 89, 26),
(151, 90, 3),
(152, 91, 3),
(153, 92, 2),
(154, 93, 3),
(155, 94, 3),
(156, 95, 3),
(157, 96, 3),
(158, 97, 3),
(159, 98, 3),
(160, 100, 3),
(162, 99, 1),
(163, 101, 1),
(164, 103, 2),
(165, 103, 1),
(166, 104, 2),
(167, 105, 1),
(168, 105, 51),
(169, 106, 8),
(172, 107, 3),
(174, 108, 6),
(175, 109, 48),
(176, 110, 6),
(177, 111, 3),
(178, 112, 3),
(179, 113, 3),
(180, 114, 9),
(181, 114, 11),
(182, 114, 14),
(183, 114, 16),
(184, 114, 15),
(185, 115, 1),
(186, 116, 4),
(187, 117, 4),
(188, 117, 5),
(189, 117, 6),
(190, 119, 1),
(191, 119, 2),
(192, 119, 51),
(193, 118, 4),
(194, 118, 5),
(195, 118, 6),
(196, 123, 1),
(197, 123, 2),
(198, 123, 3),
(199, 123, 51),
(200, 122, 1),
(201, 122, 2),
(202, 122, 3),
(203, 122, 51),
(204, 120, 1),
(205, 120, 2),
(206, 120, 3),
(207, 120, 51),
(208, 127, 1),
(209, 127, 2),
(210, 127, 3),
(211, 127, 51),
(212, 126, 4),
(213, 126, 5),
(214, 126, 6),
(215, 125, 1),
(216, 125, 2),
(217, 125, 3),
(218, 125, 51),
(219, 124, 4),
(220, 124, 5),
(221, 124, 6),
(222, 128, 4),
(223, 128, 5),
(224, 128, 6),
(225, 129, 1),
(226, 129, 2),
(227, 129, 3),
(228, 129, 51),
(233, 140, 1),
(234, 140, 2),
(235, 140, 3),
(236, 140, 51),
(237, 152, 1),
(238, 152, 2),
(239, 152, 3),
(240, 152, 51),
(241, 151, 1),
(242, 151, 2),
(243, 151, 3),
(244, 151, 51),
(245, 150, 4),
(246, 150, 5),
(247, 150, 6),
(248, 148, 1),
(249, 148, 2),
(250, 148, 3),
(251, 148, 51),
(252, 149, 4),
(253, 149, 5),
(254, 149, 6),
(255, 147, 4),
(256, 147, 5),
(257, 147, 6),
(258, 142, 1),
(259, 142, 2),
(260, 142, 3),
(261, 142, 51),
(262, 165, 4),
(263, 165, 5),
(264, 165, 6),
(265, 164, 1),
(266, 164, 2),
(267, 164, 3),
(268, 164, 51),
(269, 163, 4),
(270, 163, 5),
(271, 163, 6),
(272, 162, 48),
(273, 161, 1),
(274, 161, 2),
(275, 161, 3),
(276, 161, 51),
(277, 160, 4),
(278, 160, 5),
(279, 160, 6),
(280, 159, 1),
(281, 159, 2),
(282, 159, 3),
(283, 159, 51),
(284, 158, 4),
(285, 158, 5),
(286, 158, 6),
(287, 157, 48),
(288, 156, 1),
(289, 156, 2),
(290, 156, 3),
(291, 156, 51),
(292, 155, 4),
(293, 155, 5),
(294, 155, 6),
(295, 154, 1),
(296, 154, 2),
(297, 154, 3),
(298, 154, 51),
(299, 153, 4),
(300, 153, 5),
(301, 153, 6),
(302, 146, 1),
(303, 146, 2),
(304, 146, 3),
(305, 146, 51),
(306, 145, 4),
(307, 145, 5),
(308, 145, 6),
(309, 144, 1),
(310, 144, 2),
(311, 144, 3),
(312, 144, 51),
(313, 143, 4),
(314, 143, 5),
(315, 143, 6),
(316, 166, 9),
(317, 170, 4),
(318, 170, 5),
(319, 170, 6),
(320, 169, 4),
(321, 169, 5),
(322, 169, 6),
(323, 168, 1),
(324, 168, 2),
(325, 168, 3),
(326, 168, 51),
(327, 167, 1),
(328, 167, 2),
(329, 167, 3),
(330, 167, 51),
(331, 180, 19),
(332, 180, 20),
(333, 180, 22),
(334, 208, 12),
(335, 209, 12),
(336, 133, 4),
(337, 133, 5),
(338, 133, 6),
(339, 210, 30),
(340, 212, 12),
(341, 212, 25),
(342, 212, 26),
(343, 212, 27),
(344, 212, 30),
(345, 212, 44),
(346, 212, 45),
(347, 212, 46),
(348, 217, 1),
(349, 217, 2),
(350, 217, 3),
(351, 217, 51),
(352, 216, 5),
(353, 216, 6),
(354, 215, 1),
(355, 215, 2),
(356, 215, 3),
(357, 214, 4),
(358, 214, 5),
(359, 214, 6),
(360, 213, 1),
(361, 213, 2),
(362, 213, 3),
(363, 226, 1),
(364, 226, 2),
(365, 226, 3),
(366, 225, 1),
(367, 225, 2),
(368, 225, 3),
(369, 224, 1),
(370, 224, 2),
(371, 224, 3),
(372, 222, 1),
(373, 222, 2),
(374, 222, 3),
(375, 221, 4),
(376, 221, 5),
(377, 221, 6),
(378, 220, 4),
(379, 220, 5),
(380, 220, 6),
(381, 233, 4),
(382, 233, 5),
(383, 233, 6),
(384, 232, 1),
(385, 232, 2),
(386, 232, 3),
(387, 230, 55),
(388, 229, 48),
(389, 228, 1),
(390, 228, 2),
(391, 228, 3),
(392, 227, 48),
(393, 223, 1),
(394, 223, 2),
(395, 223, 3),
(397, 242, 58),
(398, 231, 1),
(399, 231, 2),
(400, 231, 55);

-- --------------------------------------------------------

--
-- Table structure for table `company_project`
--

CREATE TABLE `company_project` (
  `id` bigint(20) UNSIGNED NOT NULL,
  `company_id` bigint(20) UNSIGNED DEFAULT NULL,
  `project_id` bigint(20) UNSIGNED DEFAULT NULL
) ENGINE=InnoDB DEFAULT CHARSET=utf8mb4 COLLATE=utf8mb4_unicode_ci;

--
-- Dumping data for table `company_project`
--

INSERT INTO `company_project` (`id`, `company_id`, `project_id`) VALUES
(1, 1, 2),
(2, 2, 3),
(3, 9, 4),
(4, 2, 4),
(5, 1, 4),
(6, 11, 1),
(7, 11, 5),
(8, 34, 7),
(9, 14, 10),
(10, 39, 10),
(11, 39, 5),
(12, 39, 7),
(13, 39, 6),
(14, 39, 9),
(15, 50, 15),
(16, 51, 15),
(17, 50, 16),
(18, 52, 16),
(19, 65, 20),
(20, 67, 22),
(21, 68, 20),
(22, 69, 26),
(23, 70, 19),
(24, 79, 21),
(25, 59, 30),
(26, 76, 37),
(27, 96, 34),
(28, 107, 31),
(29, 108, 31),
(30, 109, 34),
(31, 110, 29),
(32, 111, 22),
(33, 111, 35),
(34, 112, 36),
(35, 112, 27),
(36, 113, 26),
(37, 117, 33),
(38, 119, 21),
(39, 118, 38),
(40, 123, 28),
(41, 122, 29),
(42, 120, 37),
(43, 124, 46),
(44, 125, 48),
(45, 126, 48),
(46, 128, 49),
(47, 129, 49),
(48, 133, 35),
(49, 59, 64),
(50, 122, 67),
(52, 143, 56),
(53, 146, 45),
(55, 177, 69),
(56, 182, 66),
(57, 210, 71),
(58, 210, 70),
(59, 157, 53),
(60, 156, 53),
(61, 113, 41),
(62, 188, 41),
(63, 150, 59),
(64, 125, 66),
(65, 177, 33),
(66, 158, 58),
(67, 159, 58),
(68, 109, 58),
(69, 157, 22),
(70, 157, 38),
(71, 221, 68),
(72, 80, 68),
(74, 216, 40),
(75, 217, 42),
(76, 216, 42),
(77, 142, 56),
(78, 223, 63),
(80, 224, 65),
(81, 233, 69),
(82, 231, 66),
(83, 230, 30),
(84, 229, 30),
(85, 228, 43),
(86, 227, 43),
(87, 215, 54),
(88, 232, 61),
(89, 234, 64);

-- --------------------------------------------------------

--
-- Table structure for table `company_sliders`
--

CREATE TABLE `company_sliders` (
  `id` bigint(20) UNSIGNED NOT NULL,
  `user_id` bigint(20) UNSIGNED DEFAULT NULL,
  `head` varchar(255) DEFAULT NULL,
  `description_en` text DEFAULT NULL,
  `description_ar` text DEFAULT NULL,
  `photo` varchar(255) NOT NULL,
  `status` smallint(6) NOT NULL DEFAULT 1 COMMENT '0=>Inactive, 1=>Active',
  `deleted_at` timestamp NULL DEFAULT NULL,
  `created_at` timestamp NULL DEFAULT NULL,
  `updated_at` timestamp NULL DEFAULT NULL
) ENGINE=InnoDB DEFAULT CHARSET=utf8mb4 COLLATE=utf8mb4_unicode_ci;

--
-- Dumping data for table `company_sliders`
--

INSERT INTO `company_sliders` (`id`, `user_id`, `head`, `description_en`, `description_ar`, `photo`, `status`, `deleted_at`, `created_at`, `updated_at`) VALUES
(1, NULL, NULL, NULL, NULL, '224484168.jpg', 1, '2023-09-26 06:50:20', '2023-04-16 00:13:24', '2023-09-26 06:50:20'),
(2, NULL, NULL, NULL, NULL, '721201125.jpg', 1, NULL, '2023-04-16 01:42:28', '2023-04-17 05:45:22'),
(3, NULL, NULL, NULL, NULL, '2141117495.png', 1, '2023-09-26 06:50:27', '2023-04-24 22:19:28', '2023-09-26 06:50:27'),
(4, 36, NULL, NULL, NULL, '1486218060.jpg', 1, '2023-05-25 03:44:52', '2023-04-28 02:37:32', '2023-05-25 03:44:52'),
(5, 71, NULL, NULL, NULL, '962547918.jpg', 1, '2023-09-26 06:50:32', '2023-06-11 00:42:31', '2023-09-26 06:50:32'),
(6, 109, NULL, NULL, NULL, '456302669.jpg', 1, NULL, '2023-06-13 02:39:09', '2023-06-13 02:39:09'),
(7, 137, NULL, NULL, NULL, '31305219.png', 1, '2023-09-23 20:21:05', '2023-09-18 14:50:45', '2023-09-23 20:21:05'),
(8, 244, NULL, NULL, NULL, '1618329704.png', 1, NULL, '2024-08-17 13:54:51', '2024-08-17 13:54:51'),
(9, 277, NULL, NULL, NULL, '1004283556.jpg', 1, NULL, '2024-08-30 19:26:09', '2024-08-30 19:26:09');

-- --------------------------------------------------------

--
-- Table structure for table `cvs`
--

CREATE TABLE `cvs` (
  `id` bigint(20) UNSIGNED NOT NULL,
  `city_id` bigint(20) UNSIGNED DEFAULT NULL,
  `job_category_id` bigint(20) UNSIGNED DEFAULT NULL,
  `user_id` bigint(20) UNSIGNED DEFAULT NULL,
  `name_en` varchar(255) NOT NULL,
  `name_ar` varchar(255) NOT NULL,
  `description_en` text DEFAULT NULL,
  `description_ar` text DEFAULT NULL,
  `experience` varchar(50) DEFAULT NULL,
  `cv` varchar(255) DEFAULT NULL,
  `whats_app` varchar(255) DEFAULT NULL,
  `phone` varchar(255) DEFAULT NULL,
  `email` varchar(255) DEFAULT NULL,
  `status` smallint(6) NOT NULL DEFAULT 0 COMMENT '0=>Inactive,1=>Active',
  `deleted_at` timestamp NULL DEFAULT NULL,
  `created_at` timestamp NULL DEFAULT NULL,
  `updated_at` timestamp NULL DEFAULT NULL
) ENGINE=InnoDB DEFAULT CHARSET=utf8mb4 COLLATE=utf8mb4_unicode_ci;

--
-- Dumping data for table `cvs`
--

INSERT INTO `cvs` (`id`, `city_id`, `job_category_id`, `user_id`, `name_en`, `name_ar`, `description_en`, `description_ar`, `experience`, `cv`, `whats_app`, `phone`, `email`, `status`, `deleted_at`, `created_at`, `updated_at`) VALUES
(1, NULL, 2, NULL, 'cv1', 'cv1', 'cv1', 'cv1', NULL, '1202614424.pdf', NULL, NULL, NULL, 1, '2023-05-25 03:08:40', '2023-04-20 06:48:49', '2023-05-25 03:08:40'),
(2, 3, 1, NULL, 'engineer', 'engineer', 'with 30 years \r\nemail :engmohammed20@gmail.com\r\nwhatsapp:0524468042', 'doctor with 30 years \r\nemail :engmohammed20@gmail.com\r\nwhatsapp:0524468042', NULL, '817916476.pdf', NULL, NULL, NULL, 1, '2023-05-25 03:08:46', '2023-04-28 03:00:40', '2023-05-25 03:08:46'),
(3, 3, 1, NULL, 'NADER ALI AHMED', 'NADER ALI AHMED', 'Engineer Engineer Engineer Engineer Engineer', 'Engineer Engineer Engineer Engineer Engineer', NULL, '292246277.pdf', '0000000', '0555555555555555555', 'AAAAAA@GMAIL', 1, '2023-05-25 03:08:52', '2023-05-22 14:07:10', '2023-05-25 03:08:52'),
(4, 3, 4, NULL, 'trdlic', 'trdlic', 'trdlic', 'trdlic', '8', '521393344.pdf', '055555555555555555', '07777777778', 't55555555@gmail.com', 1, '2023-05-25 03:08:58', '2023-05-25 01:47:41', '2023-05-25 03:08:58'),
(5, 1, 6, NULL, 'BABLU KUMAR ..', 'BABLU KUMAR ..', ': TOWER CRANE OPERATOR', 'TOWER CRANE OPERATOR', '12', '1336516824.pdf', '0582205278', '0582205278', 'bablu.kumar14334@gmail.com', 1, NULL, '2023-05-25 03:14:51', '2023-05-26 19:29:38'),
(6, 1, 6, NULL, 'IMRAN ALI', 'IMRAN ALI', 'SITE FORMAN', 'SITE FORMAN', '14', '206869958.pdf', '0586698326', '0522261720', 'imranali567634@gmail.com', 1, NULL, '2023-05-25 03:18:46', '2023-09-26 02:16:49'),
(7, 1, 1, 52, 'MOHAMED', 'MOHAMED', 'MOHAMED', 'MOHAMED', '10', '200270752.pdf', '05555555', '0555', 'MOHAMED@GMAIL.COM', 1, '2023-05-26 21:50:31', '2023-05-26 21:37:26', '2023-05-26 21:50:31'),
(8, 4, 1, 72, 'bbbb', 'bbb', 'bbbbbbbbbbbbbbbb', 'bbbb', NULL, '289613771.pdf', '5555555555', '0555555', 'soical@towersuae.com', 0, NULL, '2023-06-02 22:39:32', '2023-06-02 22:39:32'),
(9, 2, 5, 242, 'nnnnnnnnn', 'nnn', 'nnnnnnnnnnnnnnnnnnnn', 'nnnnnnnnnn', NULL, '1744475853.pdf', '04444444', '044444', 'nnnn@gmail.com', 0, NULL, '2024-03-26 04:47:03', '2024-03-26 04:47:03');

-- --------------------------------------------------------

--
-- Table structure for table `failed_jobs`
--

CREATE TABLE `failed_jobs` (
  `id` bigint(20) UNSIGNED NOT NULL,
  `uuid` varchar(255) NOT NULL,
  `connection` text NOT NULL,
  `queue` text NOT NULL,
  `payload` longtext NOT NULL,
  `exception` longtext NOT NULL,
  `failed_at` timestamp NOT NULL DEFAULT current_timestamp()
) ENGINE=InnoDB DEFAULT CHARSET=utf8mb4 COLLATE=utf8mb4_unicode_ci;

-- --------------------------------------------------------

--
-- Table structure for table `jobs`
--

CREATE TABLE `jobs` (
  `id` bigint(20) UNSIGNED NOT NULL,
  `city_id` bigint(20) UNSIGNED DEFAULT NULL,
  `job_category_id` bigint(20) UNSIGNED DEFAULT NULL,
  `user_id` bigint(20) UNSIGNED DEFAULT NULL,
  `name_en` varchar(255) NOT NULL,
  `name_ar` varchar(255) NOT NULL,
  `description_en` text DEFAULT NULL,
  `description_ar` text DEFAULT NULL,
  `email` varchar(255) DEFAULT NULL,
  `phone` varchar(20) DEFAULT NULL,
  `whatsapp` varchar(20) DEFAULT NULL,
  `photo` varchar(255) DEFAULT NULL,
  `status` smallint(6) NOT NULL DEFAULT 0 COMMENT '0=>Inactive,1=>Active',
  `deleted_at` timestamp NULL DEFAULT NULL,
  `created_at` timestamp NULL DEFAULT NULL,
  `updated_at` timestamp NULL DEFAULT NULL
) ENGINE=InnoDB DEFAULT CHARSET=utf8mb4 COLLATE=utf8mb4_unicode_ci;

--
-- Dumping data for table `jobs`
--

INSERT INTO `jobs` (`id`, `city_id`, `job_category_id`, `user_id`, `name_en`, `name_ar`, `description_en`, `description_ar`, `email`, `phone`, `whatsapp`, `photo`, `status`, `deleted_at`, `created_at`, `updated_at`) VALUES
(1, 7, 1, NULL, 'engineer', 'engineer', 'engineer', 'engineer', NULL, NULL, NULL, '1415466170.jpeg', 1, '2023-05-25 03:20:02', '2023-04-18 17:49:38', '2023-05-25 03:20:02'),
(2, NULL, 1, NULL, 'requie engineer', 'requie engineer', 'requie engineer', 'requie engineer', NULL, NULL, NULL, '629471577.jpg', 1, '2023-05-25 03:20:13', '2023-04-20 06:41:25', '2023-05-25 03:20:13'),
(3, 3, 5, NULL, 'doctor', 'doctor', 'required doctor with 30 years \r\nemail :engmohammed20@gmail.com\r\nwhatsapp:0524468042', 'required doctor with 30 years \r\nemail :engmohammed20@gmail.com\r\nwhatsapp:0524468042', NULL, NULL, NULL, '1420517891.jpg', 1, '2023-05-25 03:19:55', '2023-04-28 02:55:08', '2023-05-25 03:19:55'),
(4, 8, 4, NULL, 'jjjjjjjjjjjjjj', 'jjjjjjjjjj', 'jjjjjjjjjjjjjjjjjjjjjjjjjjj', 'jjjjjjjjjjjjjjjjjjj', NULL, NULL, NULL, NULL, 1, '2023-05-25 03:20:08', '2023-04-28 02:56:29', '2023-05-25 03:20:08'),
(5, 3, 4, 19, 'BUILDING MATERIALS', 'التكسية والارضيات', 'gggggggggggggggggggggggggggggggggggggggggggggggggggggggggggggggggggggggggggggggggggggggggggggggggggggggggggggggggggggggggggggggggggggggggggggggggggggggggggggggggggggggggggggggggggggggggggggg', 'gggggggggggggggggggggggggggggggggggggggggggggggggggggggggggggggggggggggggggggggggggggggggggggggggggggggggggggggggggggggggggggggggggggggggggggggggggggggggggggggggggggggggggggggggggggggggggggg', NULL, NULL, NULL, NULL, 1, '2023-05-25 03:20:30', '2023-04-30 15:40:10', '2023-05-25 03:20:30'),
(6, 3, 2, NULL, 'bbbbbbbbbbbbbb', 'bnbbbbbbbbbbb', 'bbbbbbbbbbbbbbbbbbb', 'bbbbbbbbbbbbbbbbbbbbbb', NULL, NULL, NULL, '1833651844.jpg', 1, '2023-05-25 03:19:49', '2023-05-04 00:29:10', '2023-05-25 03:19:49'),
(7, 1, 1, NULL, 'QS/CIVIL/ (5-8) YRS', 'QS/CIVIL/ (5-8) YRS', '➢ Preparation up to date report on progress of assigned project.\r\n\r\n➢ Liaising with client representatives/ Consultant and coordinate with the construction Site team and\r\n subcontractors for all commercial requirements.\r\n\r\n➢ Prepare Monthly Payment application for Consultant verification.\r\n\r\n\r\n➢ Prepare Payment Certificate for Subcontractors.\r\n\r\n➢ Preparing variation Notification, submission related to changes in Contract with all supporting documents.\r\n\r\n➢ Take-off Quantities and Evaluate of actual work done and Preparing Monthly Payment Certificate for Internal / External Sub-contractors / Nominated Suppliers.\r\n\r\nQuantity Surveyor Requirements:\r\n\r\n➢ Bachelor\'s degree in quantity surveying, Civil engineering or Quantity Surveying Diploma or similar.\r\n\r\n➢ Strong Knowledge of FIDIC\r\n\r\n➢ Knowledge in Plan-Swift Software is preferable. \r\n\r\n➢ Excellent negotiating and interpersonal skills.', '➢ Preparation up to date report on progress of assigned project.\r\n\r\n➢ Liaising with client representatives/ Consultant and coordinate with the construction Site team and\r\n subcontractors for all commercial requirements.\r\n\r\n➢ Prepare Monthly Payment application for Consultant verification.\r\n\r\n\r\n➢ Prepare Payment Certificate for Subcontractors.\r\n\r\n➢ Preparing variation Notification, submission related to changes in Contract with all supporting documents.\r\n\r\n➢ Take-off Quantities and Evaluate of actual work done and Preparing Monthly Payment Certificate for Internal / External Sub-contractors / Nominated Suppliers.\r\n\r\nQuantity Surveyor Requirements:\r\n\r\n➢ Bachelor\'s degree in quantity surveying, Civil engineering or Quantity Surveying Diploma or similar.\r\n\r\n➢ Strong Knowledge of FIDIC\r\n\r\n➢ Knowledge in Plan-Swift Software is preferable. \r\n\r\n➢ Excellent negotiating and interpersonal skills.', 'career@aaai.ae', NULL, NULL, NULL, 0, '2023-09-26 02:16:07', '2023-05-25 03:24:48', '2023-09-26 02:16:07'),
(8, 1, 1, NULL, 'Electrical engineer', 'مطلوب مهندس كهرباء', 'Electrical engineer sewa approved sewa card', 'Electrical engineer sewa approved sewa card', 'Jobs.reccon@gmail.com', NULL, NULL, NULL, 1, '2023-09-26 02:16:24', '2023-05-25 03:31:11', '2023-09-26 02:16:24'),
(9, 1, 1, NULL, 'Structure Engineer Required', 'مطلوب مهندس مدني', 'مطلوب مهندس مدني للعمل في شركة مقاولات مع G+1', 'مطلوب مهندس مدني للعمل في شركة مقاولات مع G+1', NULL, '0544313731', '0544313731', NULL, 1, '2023-09-26 02:16:29', '2023-06-07 22:41:29', '2023-09-26 02:16:29'),
(10, 1, 1, NULL, 'Draftsman', 'مطلوب رسام', 'مطلوب رسام يجيد العمل على الاوتوكاد ومعرفة تامة لأعمال التقديم المعاملات للجهات المختصة\r\nيرجى التواصل على الواتس اب', 'مطلوب رسام يجيد العمل على الاوتوكاد ومعرفة تامة لأعمال التقديم المعاملات للجهات المختصة\r\nيرجى التواصل على الواتس اب', NULL, NULL, '0504987406', NULL, 1, '2023-09-26 02:16:12', '2023-06-07 22:45:00', '2023-09-26 02:16:12'),
(11, 1, 1, NULL, 'Structure Engineer Required', 'مطلوب مهندس تصميم انشائي', 'مطلوب مهندس تصميم انشائي خبرة كحد اقصى ٥ سنوات\r\nيجيد الرسم أيضا', 'مطلوب مهندس تصميم انشائي خبرة كحد اقصى ٥ سنوات\r\nيجيد الرسم أيضا', NULL, NULL, '0556529791', NULL, 1, '2023-09-26 02:16:18', '2023-06-07 22:46:52', '2023-09-26 02:16:18'),
(12, 3, 4, 71, 'mmmmmmmmmmmm', 'nnnnnnnnn', 'sales  sales  sales  sales sales', 'sales  sales  sales  sales sales', 'MOHAMMED5050@GMAIL.COM', NULL, NULL, NULL, 1, '2023-06-20 15:51:58', '2023-06-11 00:30:01', '2023-06-20 15:51:58'),
(13, 3, 1, NULL, 'A site civil engineer with at least 5 years experience is required in Sharjah', 'مطلوب مهندس مدني  موقع  خبرة لا تقل عن ٥ سنوات في الشارقة', 'A site civil engineer with at least 5 years experience is required in Sharjah', 'مطلوب مهندس مدني  موقع  خبرة لا تقل عن ٥ سنوات في الشارقة', NULL, NULL, '0503802161', NULL, 0, '2023-09-26 02:16:35', '2023-06-20 15:51:33', '2023-09-26 02:16:35'),
(14, 5, 2, 137, 'nbbb', 'bbb', 'vvvvvvvvvvvvvvvv', 'vvvvvvvv', 'md12345@gmail.com', '0444', '5555555555', NULL, 0, '2023-09-26 02:16:01', '2023-09-18 14:51:15', '2023-09-26 02:16:01'),
(15, 3, 1, NULL, 'engineer', 'engineer', 'engineer', 'engineer', 'kh1@gmail.com', '0555', '000', NULL, 0, '2023-09-26 02:36:16', '2023-09-26 02:24:16', '2023-09-26 02:36:16'),
(16, 1, 1, NULL, 'Fibrex Construction Group', 'Fibrex Construction Group', '1. Structural Draftsman - 5 - 6 years experience (having REVIT experience is a PLUS)', '1. Structural Draftsman - 5 - 6 years experience (having REVIT experience is a PLUS)', 'careers@fibrexholding.com', NULL, NULL, NULL, 1, '2023-09-26 02:53:54', '2023-09-26 02:28:50', '2023-09-26 02:53:54'),
(17, 1, 1, NULL, 'Fibrex Construction Group/BIM', 'Fibrex Construction Group/BIM', '2. BIM Modeler - Utilities (Infrastructure)- 5-8 years\r\n3. BIM Modeler - Interior Design Experience\r\n4. BIM Modeler - Facade Experience\r\n5. BIM Modeler/Architect - Contracting /Construction Experience', '2. BIM Modeler - Utilities (Infrastructure)- 5-8 years\r\n3. BIM Modeler - Interior Design Experience\r\n4. BIM Modeler - Facade Experience\r\n5. BIM Modeler/Architect - Contracting /Construction Experience', 'careers@fibrexholding.com', NULL, NULL, NULL, 1, '2024-08-21 19:53:14', '2023-09-26 02:37:03', '2024-08-21 19:53:14'),
(18, 1, 1, NULL, 'Fibrex Construction Group/SITE', 'Fibrex Construction Group/SITE', '6. Site Engineer & Project Engineer- Facade/GRC/Composites experience', '6. Site Engineer & Project Engineer- Facade/GRC/Composites experience', 'careers@fibrexholding.com', NULL, NULL, NULL, 1, '2024-08-21 19:54:11', '2023-09-26 02:40:11', '2024-08-21 19:54:11'),
(19, 1, 1, NULL, 'Fibrex Construction Group/QA/QC', 'Fibrex Construction Group/QA/QC', '////// QA/QC Manager - GRC /FACADE/Composites Experience\r\nQA/QC Engineer- Facade/ GRC/Composites', '////// QA/QC Manager - GRC /FACADE/Composites Experience\r\nQA/QC Engineer- Facade/ GRC/Composites', 'careers@fibrexholding.com', NULL, NULL, NULL, 1, '2024-08-21 19:53:49', '2023-09-26 02:42:07', '2024-08-21 19:53:49'),
(20, 1, 1, NULL, 'Fibrex Construction Group/HSE', 'Fibrex Construction Group/HSE', '8. HSE Manager - 10+ years of experience\r\n9. HSE Officer - 3-6 years of experience', '8. HSE Manager - 10+ years of experience\r\n9. HSE Officer - 3-6 years of experience', 'careers@fibrexholding.com', NULL, NULL, NULL, 1, '2024-08-21 19:53:29', '2023-09-26 02:43:04', '2024-08-21 19:53:29'),
(21, 1, 1, NULL, 'Fibrex Construction Group/Internal Auditor', 'Fibrex Construction Group/Internal Auditor', '10. Senior Internal Auditor - 10+ years of experience (CA or CIA certified)\r\n11. Internal Auditor - 3-6 years experience (CA or CIA certified)', '10. Senior Internal Auditor - 10+ years of experience (CA or CIA certified)\r\n11. Internal Auditor - 3-6 years experience (CA or CIA certified)', 'careers@fibrexholding.com', NULL, NULL, NULL, 1, '2024-08-21 19:53:44', '2023-09-26 02:44:45', '2024-08-21 19:53:44'),
(22, 1, 1, NULL, 'Fibrex Construction Group/Draftsman', 'Fibrex Construction Group/Draftsman', '/////Structural Draftsman - 5 - 6 years experience (having REVIT experience is a PLUS)\r\n Architectural Draftsman - Construction Experience', '/////Structural Draftsman - 5 - 6 years experience (having REVIT experience is a PLUS)\r\n Architectural Draftsman - Construction Experience', 'careers@fibrexholding.com', NULL, NULL, NULL, 1, '2024-08-21 19:53:20', '2023-09-26 02:46:33', '2024-08-21 19:53:20'),
(23, 1, 1, NULL, 'Fibrex Construction Group/Supervisor', 'Fibrex Construction Group/Supervisor', 'Lifting Supervisor with LEAA approval', 'Lifting Supervisor with LEAA approval', 'careers@fibrexholding.com', NULL, NULL, NULL, 1, '2024-08-21 19:54:15', '2023-09-26 02:48:54', '2024-08-21 19:54:15'),
(24, 1, 1, NULL, 'Logistic #Manager', 'Logistic #Manager', 'Logistic #Manager - 10+ years experience in the construction field\r\n////////////Fibrex Construction Group', 'Logistic #Manager - 10+ years experience in the construction field\r\n////////////Fibrex Construction Group', 'careers@fibrexholding.com', NULL, NULL, NULL, 1, '2024-08-21 19:54:26', '2023-09-26 02:51:21', '2024-08-21 19:54:26'),
(25, 3, 1, NULL, 'Structural Design Engineer Required', 'مطلوب مهندس تصميم انشائي', 'A structural design engineer is required for an office in Sharjah, G+4', 'مطلوب مهندس تصميم انشائي لمكتب بالشارقة و يفضل معتمد ارضي+٤', NULL, NULL, '+971501162639', NULL, 1, NULL, '2024-08-21 19:39:03', '2024-08-21 19:40:51'),
(26, 2, 1, NULL, 'Senior Structural Engineer', 'Senior Structural Engineer', 'Requirements:\r\n-Bachelor/Master in Structural Engineering\r\n-Abu-Dhabi Unlimited License Structural Engineer\r\n-Minimum 15 Years of Experience as a Structural Designer', 'Requirements:\r\n-Bachelor/Master in Structural Engineering\r\n-Abu-Dhabi Unlimited License Structural Engineer\r\n-Minimum 15 Years of Experience as a Structural Designer', 'hr@neb.ae', NULL, NULL, NULL, 1, NULL, '2024-08-21 19:47:27', '2024-08-21 19:47:33');

-- --------------------------------------------------------

--
-- Table structure for table `jobs_categories`
--

CREATE TABLE `jobs_categories` (
  `id` bigint(20) UNSIGNED NOT NULL,
  `name_en` varchar(255) NOT NULL,
  `name_ar` varchar(255) NOT NULL,
  `status` smallint(6) NOT NULL DEFAULT 0 COMMENT '0=>Inactive,1=>Active',
  `deleted_at` timestamp NULL DEFAULT NULL,
  `created_at` timestamp NULL DEFAULT NULL,
  `updated_at` timestamp NULL DEFAULT NULL
) ENGINE=InnoDB DEFAULT CHARSET=utf8mb4 COLLATE=utf8mb4_unicode_ci;

--
-- Dumping data for table `jobs_categories`
--

INSERT INTO `jobs_categories` (`id`, `name_en`, `name_ar`, `status`, `deleted_at`, `created_at`, `updated_at`) VALUES
(1, 'Require', 'مطلوب', 1, NULL, '2023-04-18 01:48:20', '2024-07-17 15:25:38'),
(2, 'Accountant', 'محاسب', 0, NULL, '2023-04-18 01:49:07', '2024-07-17 15:24:59'),
(3, 'Labor', 'عامل', 0, NULL, '2023-04-18 01:50:16', '2024-07-17 15:25:08'),
(4, 'Sales', 'مبيعات', 0, NULL, '2023-04-18 01:54:23', '2024-07-05 12:34:41'),
(5, 'doctor', 'دكتور', 0, NULL, '2023-04-28 02:52:26', '2024-07-05 12:34:46'),
(6, 'Forman', 'فورمان', 0, NULL, '2023-05-25 04:28:58', '2024-07-17 15:25:04');

-- --------------------------------------------------------

--
-- Table structure for table `main_sliders`
--

CREATE TABLE `main_sliders` (
  `id` bigint(20) UNSIGNED NOT NULL,
  `small_head_en` varchar(255) DEFAULT NULL,
  `small_head_ar` varchar(255) DEFAULT NULL,
  `head_en` varchar(255) NOT NULL,
  `head_ar` varchar(255) NOT NULL,
  `photo` varchar(255) NOT NULL,
  `link` varchar(255) DEFAULT NULL,
  `status` smallint(6) NOT NULL DEFAULT 0 COMMENT '0=>Inactive,1=>Active',
  `deleted_at` timestamp NULL DEFAULT NULL,
  `created_at` timestamp NULL DEFAULT NULL,
  `updated_at` timestamp NULL DEFAULT NULL
) ENGINE=InnoDB DEFAULT CHARSET=utf8mb4 COLLATE=utf8mb4_unicode_ci;

--
-- Dumping data for table `main_sliders`
--

INSERT INTO `main_sliders` (`id`, `small_head_en`, `small_head_ar`, `head_en`, `head_ar`, `photo`, `link`, `status`, `deleted_at`, `created_at`, `updated_at`) VALUES
(1, NULL, NULL, '.', '.', '906839218.jpg', NULL, 0, NULL, '2023-05-08 23:06:31', '2023-09-04 15:38:12'),
(2, NULL, NULL, '.', '.', '120721641.jpg', NULL, 1, NULL, '2023-05-08 23:06:33', '2023-06-13 05:49:14'),
(3, 'mmmmm', 'mmm', 'mmmmmmmmmmmmmmm', 'mmmmmmmmmmmm', '1001155374.jpg', NULL, 1, NULL, '2023-06-13 05:26:56', '2024-07-22 19:04:30');

-- --------------------------------------------------------

--
-- Table structure for table `majors`
--

CREATE TABLE `majors` (
  `id` bigint(20) UNSIGNED NOT NULL,
  `section_id` bigint(20) UNSIGNED DEFAULT NULL,
  `name_en` varchar(255) NOT NULL,
  `name_ar` varchar(255) NOT NULL,
  `status` smallint(6) NOT NULL DEFAULT 0 COMMENT '0=>Inactive, 1=>Active',
  `deleted_at` timestamp NULL DEFAULT NULL,
  `created_at` timestamp NULL DEFAULT NULL,
  `updated_at` timestamp NULL DEFAULT NULL
) ENGINE=InnoDB DEFAULT CHARSET=utf8mb4 COLLATE=utf8mb4_unicode_ci;

--
-- Dumping data for table `majors`
--

INSERT INTO `majors` (`id`, `section_id`, `name_en`, `name_ar`, `status`, `deleted_at`, `created_at`, `updated_at`) VALUES
(1, 1, 'G+4', 'ارضى واربعة', 1, NULL, '2023-04-04 05:50:44', '2023-04-15 17:37:10'),
(2, 1, 'G+12', 'أرضى و اثنا عشر', 1, NULL, '2023-04-04 05:53:33', '2023-04-15 17:36:41'),
(3, 1, 'UNLIMITED', 'غير محدد', 1, NULL, '2023-04-04 05:54:10', '2023-04-06 03:09:57'),
(4, 2, 'G+1', 'ارضى واول', 1, NULL, '2023-04-04 05:55:50', '2023-04-15 17:43:37'),
(5, 2, 'G+12', 'ارضى واثنا عشر', 1, NULL, '2023-04-04 05:56:46', '2023-04-15 17:38:01'),
(6, 2, 'UNLIMITED', 'غير محدد', 1, NULL, '2023-04-04 05:57:09', '2023-04-06 03:10:03'),
(7, 7, 'TECHNICAL SERVICES', 'الخدمات الفنية', 0, '2023-04-06 03:59:25', '2023-04-06 03:57:45', '2023-04-06 03:59:25'),
(8, 3, 'TECHNICAL SERVICES', 'الخدمات الفنية', 1, NULL, '2023-04-06 03:58:07', '2023-04-06 04:49:59'),
(9, 7, 'TECHNICAL SERVICES', 'الخدمات الفنية', 1, NULL, '2023-04-06 03:58:27', '2023-04-06 04:50:04'),
(10, 3, 'PLASTER AND TILES', 'التكسية والارضيات', 1, NULL, '2023-04-06 04:03:21', '2023-04-06 04:49:48'),
(11, 7, 'PLASTER AND TILES', 'التكسية والارضيات', 1, NULL, '2023-04-06 04:03:48', '2023-04-06 04:49:53'),
(12, 4, 'LIFTS AND ESCALATORS', 'المصاعد و السلالم', 1, NULL, '2023-04-06 04:07:00', '2023-04-06 04:49:39'),
(13, 7, 'PLASTER AND TILES', 'التكسية والارضيات', 0, '2023-04-07 00:29:18', '2023-04-07 00:22:22', '2023-04-07 00:29:18'),
(14, 7, 'INTERIOR DESIGN', 'التصميم الداخلى', 1, NULL, '2023-04-07 00:23:05', '2023-04-07 00:29:32'),
(15, 7, 'DECOR', 'الديكور', 1, NULL, '2023-04-07 00:23:45', '2023-04-07 00:29:38'),
(16, 7, 'FURNITURE', 'المفروشات', 1, NULL, '2023-04-07 00:25:13', '2023-04-07 00:29:43'),
(17, 6, 'REAL ESTATE', 'العقارات', 1, NULL, '2023-04-07 00:28:04', '2023-04-07 00:30:49'),
(18, 6, 'LANDS', 'اراضى', 1, NULL, '2023-04-07 00:28:47', '2023-04-07 00:30:42'),
(19, 5, 'BUILDING MATERIAL', 'مواد  البناء', 1, NULL, '2023-04-07 00:38:12', '2023-04-07 01:09:45'),
(20, 5, 'CEMENT AND GYPSUM', 'الاسمنت والجبس', 1, NULL, '2023-04-07 00:39:37', '2023-04-07 01:08:49'),
(21, 5, 'ALUMINIUM', 'الالومنيوم', 1, NULL, '2023-04-07 00:48:37', '2023-04-07 01:08:55'),
(22, 5, 'Electrical', 'الكهرباء', 1, NULL, '2023-04-07 00:52:28', '2023-04-07 01:09:10'),
(23, 5, 'CHEMICALS', 'المواد الكيميائية', 1, NULL, '2023-04-07 00:53:41', '2023-04-07 01:09:31'),
(24, 5, 'AIR CONDITIONING', 'التكيف', 1, NULL, '2023-04-07 00:55:32', '2023-04-07 01:09:03'),
(25, 4, 'STEEL FABRICATION', 'مصنعى الصلب', 1, NULL, '2023-04-07 00:59:22', '2023-04-07 01:09:40'),
(26, 4, 'STEEL REBARS', 'حديد التسليح', 1, NULL, '2023-04-07 01:01:29', '2023-04-07 01:09:35'),
(27, 4, 'EQUIPMENTS AND MACHINERY', 'المعدات والآلات', 1, NULL, '2023-04-07 01:07:09', '2023-04-07 01:09:16'),
(28, 5, 'EQUIPMENT AND MACHINERY', 'المعدات والآلات', 1, NULL, '2023-04-07 01:08:39', '2023-04-07 01:09:22'),
(29, 7, 'DECORATION DESIGN', 'تصميم الديكور', 0, '2023-04-07 01:21:21', '2023-04-07 01:19:25', '2023-04-07 01:21:21'),
(30, 4, 'MEP', 'الكهروميكانيكية', 1, NULL, '2023-04-07 01:29:22', '2023-04-07 02:04:14'),
(31, 5, 'MEP', 'الكهروميكانيكية', 1, NULL, '2023-04-07 01:29:39', '2023-04-07 01:30:24'),
(32, 3, 'POST TENSION', 'الاسقف لاحقة الشد', 1, NULL, '2023-04-07 01:38:16', '2023-04-07 01:47:02'),
(33, 3, 'PRE CAST', 'العناصر سابقة الشد', 1, NULL, '2023-04-07 01:44:02', '2023-04-07 01:47:15'),
(34, 3, 'REPAIR', 'الصيانة', 1, NULL, '2023-04-07 01:45:12', '2023-04-07 01:46:58'),
(35, 3, 'DEMOLATION', 'الهدم', 1, NULL, '2023-04-07 01:45:44', '2023-04-07 01:47:20'),
(36, 3, 'STEEL WORKS', 'اعمال  التسليح', 1, NULL, '2023-04-07 01:49:27', '2023-04-07 02:03:10'),
(37, 3, 'MEP', 'الكهروميكانيكية', 1, NULL, '2023-04-07 01:50:10', '2023-04-07 02:03:26'),
(38, 3, 'CLEANING SERVICE', 'خدمات التنظيف', 1, NULL, '2023-04-07 01:52:38', '2023-04-07 02:03:37'),
(39, 3, 'CARPENTRY WORKS', 'اعمال النجارة', 1, NULL, '2023-04-07 01:55:15', '2023-04-07 02:03:15'),
(40, 3, 'SWIMMING POOLS', 'حمامات السباحة', 1, NULL, '2023-04-07 01:56:34', '2023-04-07 02:03:31'),
(41, 3, 'PLUMBING SANITARY INSTALLATION', 'الادوات والتمديدات الصحية', 1, NULL, '2023-04-07 02:06:59', '2023-04-07 02:07:13'),
(42, 3, 'TENTS AND SHEDS', 'الخيام والمظلات', 1, NULL, '2023-04-07 02:11:26', '2023-04-07 02:14:17'),
(43, 3, 'FALSE CEILING LIGHT PARTITIONS', 'الاسقف المعلقة و القواطع الخفيفة', 1, NULL, '2023-04-07 02:14:02', '2023-04-07 02:14:11'),
(44, 4, 'CONCRETE FACTORIES', 'مصانع الخرسانة', 1, NULL, '2023-04-07 02:17:40', '2023-04-07 14:04:36'),
(45, 4, 'PRE CAST', 'العناصر سابقة الشد', 1, NULL, '2023-04-07 02:18:34', '2023-04-07 14:04:51'),
(46, 4, 'SCAFFOLDING AND SHATTERING', 'سقالات وشتر', 1, NULL, '2023-04-07 02:21:55', '2023-04-15 17:52:00'),
(47, 1, 'G+4', 'G+4', 0, '2023-04-15 17:36:22', '2023-04-13 01:38:08', '2023-04-15 17:36:22'),
(48, 3, 'PILING & FOUNDATION', 'خوازيق و الاساسات', 1, NULL, '2023-04-15 17:36:05', '2023-04-15 17:50:57'),
(49, 6, 'SELL', 'بيع', 1, NULL, '2023-04-23 16:30:50', '2023-04-23 16:33:44'),
(50, 6, 'RENT', 'ايجار', 1, NULL, '2023-04-23 16:31:11', '2023-04-23 16:33:28'),
(51, 1, 'VILLA', 'فيلا', 1, NULL, '2023-05-25 03:49:26', '2024-08-24 15:44:42'),
(52, 5, 'GI.MS &SS Sheets', 'GI.MS &SS Sheets', 1, NULL, '2023-06-13 02:11:21', '2023-06-13 02:14:59'),
(53, 5, 'Glass', 'زجاج', 1, NULL, '2023-06-13 02:11:56', '2023-06-13 02:15:13'),
(54, 5, 'Aluminum sheets & Composite panal', 'ألواح الألمنيوم والألواح المركبة', 1, NULL, '2023-06-13 02:14:41', '2023-06-13 02:14:52'),
(55, 1, 'Cost Consultant', 'Cost Consultant', 1, NULL, '2024-08-24 14:52:38', '2024-08-24 14:52:44'),
(56, 1, '3rd Party', '3rd Party', 1, NULL, '2024-08-24 14:53:55', '2024-08-24 14:54:21'),
(57, 1, 'Project Management', 'Project Management', 1, NULL, '2024-08-24 14:57:09', '2024-08-24 14:57:16'),
(58, 4, 'Gypsum & Ceiling', 'Gypsum & Ceiling', 0, NULL, '2024-08-30 19:37:55', '2024-08-30 19:37:55');

-- --------------------------------------------------------

--
-- Table structure for table `migrations`
--

CREATE TABLE `migrations` (
  `id` int(10) UNSIGNED NOT NULL,
  `migration` varchar(255) NOT NULL,
  `batch` int(11) NOT NULL
) ENGINE=InnoDB DEFAULT CHARSET=utf8mb4 COLLATE=utf8mb4_unicode_ci;

--
-- Dumping data for table `migrations`
--

INSERT INTO `migrations` (`id`, `migration`, `batch`) VALUES
(1, '2014_10_12_000000_create_users_table', 1),
(2, '2014_10_12_100000_create_password_resets_table', 1),
(3, '2019_08_19_000000_create_failed_jobs_table', 1),
(4, '2019_12_14_000001_create_personal_access_tokens_table', 1),
(5, '2023_03_29_212135_create_permission_tables', 1);

-- --------------------------------------------------------

--
-- Table structure for table `model_has_permissions`
--

CREATE TABLE `model_has_permissions` (
  `permission_id` bigint(20) UNSIGNED NOT NULL,
  `model_type` varchar(255) NOT NULL,
  `model_id` bigint(20) UNSIGNED NOT NULL
) ENGINE=InnoDB DEFAULT CHARSET=utf8mb4 COLLATE=utf8mb4_unicode_ci;

-- --------------------------------------------------------

--
-- Table structure for table `model_has_roles`
--

CREATE TABLE `model_has_roles` (
  `role_id` bigint(20) UNSIGNED NOT NULL,
  `model_type` varchar(255) NOT NULL,
  `model_id` bigint(20) UNSIGNED NOT NULL
) ENGINE=InnoDB DEFAULT CHARSET=utf8mb4 COLLATE=utf8mb4_unicode_ci;

--
-- Dumping data for table `model_has_roles`
--

INSERT INTO `model_has_roles` (`role_id`, `model_type`, `model_id`) VALUES
(1, 'App\\Models\\User', 1),
(3, 'App\\Models\\User', 2),
(3, 'App\\Models\\User', 3),
(3, 'App\\Models\\User', 4),
(3, 'App\\Models\\User', 5),
(3, 'App\\Models\\User', 6),
(3, 'App\\Models\\User', 7),
(3, 'App\\Models\\User', 8),
(3, 'App\\Models\\User', 9),
(3, 'App\\Models\\User', 10),
(3, 'App\\Models\\User', 11),
(3, 'App\\Models\\User', 12),
(3, 'App\\Models\\User', 13),
(3, 'App\\Models\\User', 14),
(3, 'App\\Models\\User', 15),
(3, 'App\\Models\\User', 16),
(3, 'App\\Models\\User', 17),
(3, 'App\\Models\\User', 18),
(3, 'App\\Models\\User', 19),
(3, 'App\\Models\\User', 20),
(3, 'App\\Models\\User', 21),
(3, 'App\\Models\\User', 22),
(3, 'App\\Models\\User', 23),
(3, 'App\\Models\\User', 24),
(3, 'App\\Models\\User', 25),
(3, 'App\\Models\\User', 26),
(3, 'App\\Models\\User', 27),
(3, 'App\\Models\\User', 28),
(3, 'App\\Models\\User', 29),
(3, 'App\\Models\\User', 30),
(3, 'App\\Models\\User', 31),
(3, 'App\\Models\\User', 32),
(3, 'App\\Models\\User', 33),
(3, 'App\\Models\\User', 34),
(3, 'App\\Models\\User', 35),
(3, 'App\\Models\\User', 36),
(3, 'App\\Models\\User', 37),
(3, 'App\\Models\\User', 38),
(3, 'App\\Models\\User', 39),
(3, 'App\\Models\\User', 40),
(3, 'App\\Models\\User', 42),
(3, 'App\\Models\\User', 43),
(3, 'App\\Models\\User', 44),
(3, 'App\\Models\\User', 45),
(3, 'App\\Models\\User', 46),
(3, 'App\\Models\\User', 51),
(3, 'App\\Models\\User', 53),
(3, 'App\\Models\\User', 54),
(3, 'App\\Models\\User', 55),
(3, 'App\\Models\\User', 58),
(3, 'App\\Models\\User', 60),
(3, 'App\\Models\\User', 61),
(3, 'App\\Models\\User', 62),
(3, 'App\\Models\\User', 63),
(3, 'App\\Models\\User', 67),
(3, 'App\\Models\\User', 68),
(3, 'App\\Models\\User', 71),
(3, 'App\\Models\\User', 73),
(3, 'App\\Models\\User', 74),
(3, 'App\\Models\\User', 80),
(3, 'App\\Models\\User', 81),
(3, 'App\\Models\\User', 82),
(3, 'App\\Models\\User', 83),
(3, 'App\\Models\\User', 84),
(3, 'App\\Models\\User', 85),
(3, 'App\\Models\\User', 86),
(3, 'App\\Models\\User', 87),
(3, 'App\\Models\\User', 88),
(3, 'App\\Models\\User', 89),
(3, 'App\\Models\\User', 90),
(3, 'App\\Models\\User', 91),
(3, 'App\\Models\\User', 92),
(3, 'App\\Models\\User', 93),
(3, 'App\\Models\\User', 94),
(3, 'App\\Models\\User', 95),
(3, 'App\\Models\\User', 96),
(3, 'App\\Models\\User', 97),
(3, 'App\\Models\\User', 98),
(3, 'App\\Models\\User', 99),
(3, 'App\\Models\\User', 100),
(3, 'App\\Models\\User', 101),
(3, 'App\\Models\\User', 102),
(3, 'App\\Models\\User', 103),
(3, 'App\\Models\\User', 104),
(3, 'App\\Models\\User', 105),
(3, 'App\\Models\\User', 106),
(3, 'App\\Models\\User', 107),
(3, 'App\\Models\\User', 108),
(3, 'App\\Models\\User', 109),
(3, 'App\\Models\\User', 110),
(3, 'App\\Models\\User', 111),
(3, 'App\\Models\\User', 112),
(3, 'App\\Models\\User', 113),
(3, 'App\\Models\\User', 114),
(3, 'App\\Models\\User', 115),
(3, 'App\\Models\\User', 116),
(3, 'App\\Models\\User', 117),
(3, 'App\\Models\\User', 118),
(3, 'App\\Models\\User', 119),
(3, 'App\\Models\\User', 120),
(3, 'App\\Models\\User', 121),
(3, 'App\\Models\\User', 122),
(3, 'App\\Models\\User', 123),
(3, 'App\\Models\\User', 124),
(3, 'App\\Models\\User', 125),
(3, 'App\\Models\\User', 126),
(3, 'App\\Models\\User', 127),
(3, 'App\\Models\\User', 128),
(3, 'App\\Models\\User', 129),
(3, 'App\\Models\\User', 130),
(3, 'App\\Models\\User', 131),
(3, 'App\\Models\\User', 132),
(3, 'App\\Models\\User', 133),
(3, 'App\\Models\\User', 134),
(3, 'App\\Models\\User', 135),
(3, 'App\\Models\\User', 137),
(3, 'App\\Models\\User', 142),
(3, 'App\\Models\\User', 143),
(3, 'App\\Models\\User', 145),
(3, 'App\\Models\\User', 146),
(3, 'App\\Models\\User', 147),
(3, 'App\\Models\\User', 148),
(3, 'App\\Models\\User', 149),
(3, 'App\\Models\\User', 150),
(3, 'App\\Models\\User', 151),
(3, 'App\\Models\\User', 152),
(3, 'App\\Models\\User', 153),
(3, 'App\\Models\\User', 154),
(3, 'App\\Models\\User', 155),
(3, 'App\\Models\\User', 156),
(3, 'App\\Models\\User', 157),
(3, 'App\\Models\\User', 158),
(3, 'App\\Models\\User', 159),
(3, 'App\\Models\\User', 160),
(3, 'App\\Models\\User', 161),
(3, 'App\\Models\\User', 162),
(3, 'App\\Models\\User', 163),
(3, 'App\\Models\\User', 164),
(3, 'App\\Models\\User', 165),
(3, 'App\\Models\\User', 166),
(3, 'App\\Models\\User', 167),
(3, 'App\\Models\\User', 168),
(3, 'App\\Models\\User', 169),
(3, 'App\\Models\\User', 170),
(3, 'App\\Models\\User', 171),
(3, 'App\\Models\\User', 172),
(3, 'App\\Models\\User', 173),
(3, 'App\\Models\\User', 174),
(3, 'App\\Models\\User', 175),
(3, 'App\\Models\\User', 176),
(3, 'App\\Models\\User', 177),
(3, 'App\\Models\\User', 178),
(3, 'App\\Models\\User', 179),
(3, 'App\\Models\\User', 180),
(3, 'App\\Models\\User', 181),
(3, 'App\\Models\\User', 182),
(3, 'App\\Models\\User', 183),
(3, 'App\\Models\\User', 184),
(3, 'App\\Models\\User', 185),
(3, 'App\\Models\\User', 186),
(3, 'App\\Models\\User', 187),
(3, 'App\\Models\\User', 188),
(3, 'App\\Models\\User', 189),
(3, 'App\\Models\\User', 190),
(3, 'App\\Models\\User', 191),
(3, 'App\\Models\\User', 192),
(3, 'App\\Models\\User', 193),
(3, 'App\\Models\\User', 194),
(3, 'App\\Models\\User', 195),
(3, 'App\\Models\\User', 196),
(3, 'App\\Models\\User', 197),
(3, 'App\\Models\\User', 198),
(3, 'App\\Models\\User', 199),
(3, 'App\\Models\\User', 200),
(3, 'App\\Models\\User', 201),
(3, 'App\\Models\\User', 202),
(3, 'App\\Models\\User', 203),
(3, 'App\\Models\\User', 204),
(3, 'App\\Models\\User', 205),
(3, 'App\\Models\\User', 206),
(3, 'App\\Models\\User', 207),
(3, 'App\\Models\\User', 208),
(3, 'App\\Models\\User', 209),
(3, 'App\\Models\\User', 210),
(3, 'App\\Models\\User', 211),
(3, 'App\\Models\\User', 212),
(3, 'App\\Models\\User', 213),
(3, 'App\\Models\\User', 214),
(3, 'App\\Models\\User', 215),
(3, 'App\\Models\\User', 216),
(3, 'App\\Models\\User', 217),
(3, 'App\\Models\\User', 218),
(3, 'App\\Models\\User', 219),
(3, 'App\\Models\\User', 220),
(3, 'App\\Models\\User', 221),
(3, 'App\\Models\\User', 222),
(3, 'App\\Models\\User', 223),
(3, 'App\\Models\\User', 224),
(3, 'App\\Models\\User', 225),
(3, 'App\\Models\\User', 226),
(3, 'App\\Models\\User', 227),
(3, 'App\\Models\\User', 228),
(3, 'App\\Models\\User', 229),
(3, 'App\\Models\\User', 230),
(3, 'App\\Models\\User', 231),
(3, 'App\\Models\\User', 232),
(3, 'App\\Models\\User', 233),
(3, 'App\\Models\\User', 234),
(3, 'App\\Models\\User', 235),
(3, 'App\\Models\\User', 236),
(3, 'App\\Models\\User', 241),
(3, 'App\\Models\\User', 244),
(3, 'App\\Models\\User', 245),
(3, 'App\\Models\\User', 246),
(3, 'App\\Models\\User', 247),
(3, 'App\\Models\\User', 248),
(3, 'App\\Models\\User', 249),
(3, 'App\\Models\\User', 250),
(3, 'App\\Models\\User', 251),
(3, 'App\\Models\\User', 252),
(3, 'App\\Models\\User', 253),
(3, 'App\\Models\\User', 254),
(3, 'App\\Models\\User', 255),
(3, 'App\\Models\\User', 256),
(3, 'App\\Models\\User', 257),
(3, 'App\\Models\\User', 259),
(3, 'App\\Models\\User', 260),
(3, 'App\\Models\\User', 261),
(3, 'App\\Models\\User', 262),
(3, 'App\\Models\\User', 263),
(3, 'App\\Models\\User', 264),
(3, 'App\\Models\\User', 265),
(3, 'App\\Models\\User', 266),
(3, 'App\\Models\\User', 267),
(3, 'App\\Models\\User', 268),
(3, 'App\\Models\\User', 269),
(3, 'App\\Models\\User', 270),
(3, 'App\\Models\\User', 271),
(3, 'App\\Models\\User', 272),
(3, 'App\\Models\\User', 273),
(3, 'App\\Models\\User', 274),
(3, 'App\\Models\\User', 275),
(3, 'App\\Models\\User', 276),
(3, 'App\\Models\\User', 277),
(3, 'App\\Models\\User', 278),
(3, 'App\\Models\\User', 279),
(4, 'App\\Models\\User', 41),
(4, 'App\\Models\\User', 47),
(4, 'App\\Models\\User', 48),
(4, 'App\\Models\\User', 49),
(4, 'App\\Models\\User', 50),
(4, 'App\\Models\\User', 52),
(4, 'App\\Models\\User', 56),
(4, 'App\\Models\\User', 57),
(4, 'App\\Models\\User', 59),
(4, 'App\\Models\\User', 64),
(4, 'App\\Models\\User', 65),
(4, 'App\\Models\\User', 66),
(4, 'App\\Models\\User', 72),
(4, 'App\\Models\\User', 75),
(4, 'App\\Models\\User', 76),
(4, 'App\\Models\\User', 77),
(4, 'App\\Models\\User', 78),
(4, 'App\\Models\\User', 79),
(4, 'App\\Models\\User', 136),
(4, 'App\\Models\\User', 138),
(4, 'App\\Models\\User', 139),
(4, 'App\\Models\\User', 140),
(4, 'App\\Models\\User', 141),
(4, 'App\\Models\\User', 239),
(4, 'App\\Models\\User', 240),
(4, 'App\\Models\\User', 242),
(4, 'App\\Models\\User', 243),
(4, 'App\\Models\\User', 258),
(4, 'App\\Models\\User', 280),
(5, 'App\\Models\\User', 69),
(5, 'App\\Models\\User', 144),
(6, 'App\\Models\\User', 70),
(6, 'App\\Models\\User', 237),
(6, 'App\\Models\\User', 238);

-- --------------------------------------------------------

--
-- Table structure for table `news_bars`
--

CREATE TABLE `news_bars` (
  `id` bigint(20) UNSIGNED NOT NULL,
  `text_en` varchar(255) NOT NULL,
  `text_ar` varchar(255) NOT NULL,
  `link` varchar(255) DEFAULT NULL,
  `created_at` timestamp NULL DEFAULT NULL,
  `updated_at` timestamp NULL DEFAULT NULL
) ENGINE=InnoDB DEFAULT CHARSET=utf8mb4 COLLATE=utf8mb4_unicode_ci;

--
-- Dumping data for table `news_bars`
--

INSERT INTO `news_bars` (`id`, `text_en`, `text_ar`, `link`, `created_at`, `updated_at`) VALUES
(4, 'We are your guide in the field of construction in (UAE)', 'نحن دليلك في مجال البناء في (الإمارات)', NULL, '2023-06-10 23:42:20', '2023-06-10 23:42:20'),
(5, 'The most popular consultants  now on our website', 'الاستشارين الاكثر شهرة الآن على موقعنا', 'https://www.towersuae.ae/ar/sec1/companies', '2023-06-10 23:43:15', '2023-06-10 23:55:48'),
(6, 'The most popular contractors  now on our website', 'المقاولين الاكثر شهرة الآن على موقعنا', 'https://www.towersuae.ae/ar/sec2/companies', '2023-06-10 23:44:48', '2023-06-10 23:57:17'),
(7, 'Prices for all materials are now on our website', 'أسعار جميع المواد الآن على موقعنا', NULL, '2023-06-10 23:45:52', '2023-06-10 23:45:52'),
(8, 'The first and only site specialized in the field of construction and everything related to engineers, technicians and workers in the field of construction', 'الموقع الأول والوحيد المتخصص في مجال البناء وكل ما يتعلق بالمهندسين والفنيين والعاملين في مجال البناء', NULL, '2023-06-11 01:35:37', '2023-06-11 01:35:37');

-- --------------------------------------------------------

--
-- Table structure for table `old_projects`
--

CREATE TABLE `old_projects` (
  `id` bigint(20) UNSIGNED NOT NULL,
  `user_id` bigint(20) UNSIGNED DEFAULT NULL,
  `name_en` varchar(255) NOT NULL,
  `name_ar` varchar(255) NOT NULL,
  `description_en` text DEFAULT NULL,
  `description_ar` text DEFAULT NULL,
  `main_pic` varchar(255) DEFAULT NULL,
  `deleted_at` timestamp NULL DEFAULT NULL,
  `created_at` timestamp NULL DEFAULT NULL,
  `updated_at` timestamp NULL DEFAULT NULL
) ENGINE=InnoDB DEFAULT CHARSET=utf8mb4 COLLATE=utf8mb4_unicode_ci;

--
-- Dumping data for table `old_projects`
--

INSERT INTO `old_projects` (`id`, `user_id`, `name_en`, `name_ar`, `description_en`, `description_ar`, `main_pic`, `deleted_at`, `created_at`, `updated_at`) VALUES
(1, 3, 'villa', 'villa', 'villa g+1', 'villa g+1', '1706901549.jpeg', '2023-05-25 03:45:14', '2023-04-17 05:38:02', '2023-05-25 03:45:14'),
(2, 12, 'FREE', 'مواد البناء', 'dddddddddddddddddddddddddddddddddddddddddddddddddddd', 'vvvvvvvvvvvvvvvvvvvvvvvvvvvvvvvvvvvvv', '1938366679.jpg', '2023-05-25 03:46:04', '2023-04-17 05:52:25', '2023-05-25 03:46:04'),
(3, 12, 'ffff', 'fff', 'fffffffff', 'ffff', '1576920062.jpg', '2023-05-25 03:46:04', '2023-04-17 05:55:20', '2023-05-25 03:46:04'),
(4, 12, 'vvvvvvvvvvvvvvv', 'vvvvvvvvvvv', 'vvvvvvvvvvvvvvvv', 'vvvvvvvvvvvvvvvvvvv', '779246549.jpg', '2023-05-25 03:46:04', '2023-04-17 05:56:01', '2023-05-25 03:46:04'),
(5, 12, 'xxxxxxxxxxxxxxxxxx', 'xxxxxxxxx', 'xxxxxxxxxxxxxx', 'xxxxxxxxxxxxxx', '645232481.jpg', '2023-05-25 03:46:04', '2023-04-17 05:56:42', '2023-05-25 03:46:04'),
(6, 36, 'vvvvvvvvv', 'vvvv', 'vvvvvvvvvvvvv', 'vvvvvvvvvvvvvvvvvv', '187114396.jpeg', '2023-05-25 03:44:52', '2023-04-28 02:37:52', '2023-05-25 03:44:52'),
(7, 42, 'G+4', 'مواد البناء', 'bbbbbbbbbbbbbbbbbbbbb', 'bbbbbbbb', '94687563.jpg', '2023-05-25 03:44:21', '2023-05-19 15:27:24', '2023-05-25 03:44:21'),
(8, 71, 'villa', 'villa', 'villa', 'villa', '529305220.jpg', NULL, '2023-06-02 21:35:06', '2023-06-02 21:35:45'),
(9, 71, 'nnnnnnnn', 'nnnnnnnnnnn', 'nnnnnnnnnnnnnnnn', 'nnnnnnnnnnnnnnn', '1129496247.jpg', NULL, '2023-06-11 00:39:15', '2023-06-18 20:04:09'),
(10, 137, 'n', 'nnnnnnnn', 'nnnnnnnnnnnnnn', 'nnnnnnnnnnnnnn', '1860517544.png', '2023-10-25 02:40:51', '2023-09-18 14:48:53', '2023-10-25 02:40:51'),
(11, 241, 'new project', 'مشروع جديد 01', 'new project new project new project new project new project', 'مشروع جديد 01 مشروع جديد 01 مشروع جديد 01 مشروع جديد 01 مشروع جديد 01', '1141884140.PNG', NULL, '2024-07-16 10:29:33', '2024-07-16 10:32:18'),
(12, 241, 'new project02', 'مشروع جديد 02', 'new project02 new project02 new project02 new project02', 'مشروع جديد 02 مشروع جديد 02 مشروع جديد 02 مشروع جديد 02', '1527805932.PNG', NULL, '2024-07-16 10:33:03', '2024-07-16 10:33:27'),
(13, 241, 'new project03', 'مشروع جديد 03', 'new project03 new project03 new project03 new project03', 'مشروع جديد 03 مشروع جديد 03 مشروع جديد 03 مشروع جديد 03', '599372124.PNG', NULL, '2024-07-16 10:34:03', '2024-07-16 10:34:18'),
(14, 241, 'new project04', 'مشروع جديد 04', 'new project04 new project04 new project04 new project04', 'مشروع جديد 04 مشروع جديد 04 مشروع جديد 04 مشروع جديد 04', '499281088.PNG', NULL, '2024-07-16 10:37:04', '2024-07-16 10:37:54'),
(15, 241, 'new project05', 'مشروع جديد 05', 'new project05 new project05 new project05 new project05', 'مشروع جديد 05 مشروع جديد 05 مشروع جديد 05 مشروع جديد 05', '1622820193.PNG', NULL, '2024-07-16 10:37:31', '2024-07-16 10:40:15'),
(16, 244, 'check test', 'check test', NULL, NULL, '1381838369.jpg', NULL, '2024-08-16 21:44:52', '2024-08-17 13:57:25'),
(17, 244, 'dfsfsd', 'dsfsfds', 'LKJKLJKLJWLKJKLWJKLJWLK', 'kldklqEJLWKJKJK,J, M MM,H  JHHJHJJWJJW', '1467866534.jpg', NULL, '2024-08-16 21:45:08', '2024-08-16 21:48:12'),
(18, 277, 'Open Ceiling', 'Open Ceiling', 'Open Ceiling', 'Open Ceiling', '1829139841.jpg', NULL, '2024-08-30 19:18:23', '2024-08-30 19:19:04'),
(19, 277, 'ALuminum Ceiling Tile', 'ALuminum Ceiling Tile', 'ALuminum Ceiling Tile', 'ALuminum Ceiling Tile', '1914925440.jpg', NULL, '2024-08-30 19:20:40', '2024-08-30 19:21:03'),
(20, 277, 'Accessories', 'Accessories', 'Accessories', 'Accessories', '1909853835.jpg', NULL, '2024-08-30 19:29:27', '2024-08-30 19:30:24'),
(21, 277, 'Gypsum & Ceiling', 'Gypsum & Ceiling', 'Gypsum & Ceiling', 'Gypsum & Ceiling', '1810541916.jpg', NULL, '2024-08-30 19:30:01', '2024-08-30 19:30:58');

-- --------------------------------------------------------

--
-- Table structure for table `old_projects_photos`
--

CREATE TABLE `old_projects_photos` (
  `id` bigint(20) UNSIGNED NOT NULL,
  `old_project_id` bigint(20) UNSIGNED DEFAULT NULL,
  `photo` varchar(255) NOT NULL,
  `status` smallint(6) NOT NULL DEFAULT 1 COMMENT '0=>InActive, 1=>Active',
  `deleted_at` timestamp NULL DEFAULT NULL,
  `created_at` timestamp NULL DEFAULT NULL,
  `updated_at` timestamp NULL DEFAULT NULL
) ENGINE=InnoDB DEFAULT CHARSET=utf8mb4 COLLATE=utf8mb4_unicode_ci;

--
-- Dumping data for table `old_projects_photos`
--

INSERT INTO `old_projects_photos` (`id`, `old_project_id`, `photo`, `status`, `deleted_at`, `created_at`, `updated_at`) VALUES
(11, 8, '1806008353.jpg', 0, NULL, '2023-06-02 21:35:34', '2023-06-02 21:35:45'),
(12, 8, '529305220.jpg', 1, NULL, '2023-06-02 21:35:45', '2023-06-02 21:35:45'),
(13, 9, '112106310.jpg', 0, NULL, '2023-06-11 00:40:05', '2023-06-18 20:03:27'),
(14, 9, '1074416396.jpg', 0, NULL, '2023-06-18 20:03:27', '2023-06-18 20:03:54'),
(15, 9, '437458318.jpg', 0, NULL, '2023-06-18 20:03:54', '2023-06-18 20:04:09'),
(16, 9, '1129496247.jpg', 1, NULL, '2023-06-18 20:04:09', '2023-06-18 20:04:09'),
(17, 11, '1141884140.PNG', 1, NULL, '2024-07-16 10:32:18', '2024-07-16 10:32:18'),
(18, 12, '1527805932.PNG', 1, NULL, '2024-07-16 10:33:27', '2024-07-16 10:33:27'),
(19, 13, '599372124.PNG', 1, NULL, '2024-07-16 10:34:18', '2024-07-16 10:34:18'),
(20, 14, '499281088.PNG', 1, NULL, '2024-07-16 10:37:54', '2024-07-16 10:37:54'),
(21, 15, '1204260429.PNG', 0, NULL, '2024-07-16 10:38:22', '2024-07-16 10:40:05'),
(22, 15, '678078590.PNG', 0, NULL, '2024-07-16 10:40:05', '2024-07-16 10:40:15'),
(23, 15, '1622820193.PNG', 1, NULL, '2024-07-16 10:40:15', '2024-07-16 10:40:15'),
(24, 17, '202503855.jpg', 0, NULL, '2024-08-16 21:45:34', '2024-08-16 21:48:12'),
(25, 17, '1467866534.jpg', 1, NULL, '2024-08-16 21:48:12', '2024-08-16 21:48:12'),
(26, 16, '1381838369.jpg', 1, NULL, '2024-08-17 13:57:25', '2024-08-17 13:57:25'),
(27, 18, '1829139841.jpg', 1, NULL, '2024-08-30 19:19:04', '2024-08-30 19:19:04'),
(28, 19, '1914925440.jpg', 1, NULL, '2024-08-30 19:21:03', '2024-08-30 19:21:03'),
(29, 20, '1909853835.jpg', 1, NULL, '2024-08-30 19:30:24', '2024-08-30 19:30:24'),
(30, 21, '1810541916.jpg', 1, NULL, '2024-08-30 19:30:58', '2024-08-30 19:30:58');

-- --------------------------------------------------------

--
-- Table structure for table `orders`
--

CREATE TABLE `orders` (
  `id` bigint(20) UNSIGNED NOT NULL,
  `user_id` bigint(20) UNSIGNED DEFAULT NULL,
  `product_id` bigint(20) UNSIGNED DEFAULT NULL,
  `name` varchar(255) NOT NULL,
  `phone` varchar(255) NOT NULL,
  `email` varchar(255) NOT NULL,
  `subject` varchar(255) DEFAULT NULL,
  `details` text NOT NULL,
  `reject_reason` text DEFAULT NULL,
  `status` smallint(6) NOT NULL COMMENT '0=>new,1=>approve,2=>completed,3=>reject',
  `deleted_at` timestamp NULL DEFAULT NULL,
  `created_at` timestamp NULL DEFAULT NULL,
  `updated_at` timestamp NULL DEFAULT NULL
) ENGINE=InnoDB DEFAULT CHARSET=utf8mb4 COLLATE=utf8mb4_unicode_ci;

--
-- Dumping data for table `orders`
--

INSERT INTO `orders` (`id`, `user_id`, `product_id`, `name`, `phone`, `email`, `subject`, `details`, `reject_reason`, `status`, `deleted_at`, `created_at`, `updated_at`) VALUES
(1, 53, NULL, 'mohamed', '0524468042', 'engmohammed202020@gmail.com', 'Companyinfinity', 'HELLO UPDATE ME ALL NEWS', NULL, 0, '2023-06-03 00:17:29', '2023-06-01 19:46:02', '2023-06-03 00:17:29'),
(2, 53, NULL, 'mohammed', '0555', 'engmohammed202020@gmail.com', 'Companyinfinity', 'hi engineer please  check', NULL, 0, '2023-06-03 00:17:29', '2023-06-01 21:38:21', '2023-06-03 00:17:29'),
(3, 53, NULL, 'mohammed', '0555', 'engmohammed202020@gmail.com', 'Companyinfinity', 'hi engineer please  check', NULL, 0, '2023-06-03 00:17:29', '2023-06-01 21:42:45', '2023-06-03 00:17:29'),
(4, 53, NULL, 'mohammed', '0555', 'engmohammed202020@gmail.com', 'Companyinfinity', 'hi engineer please  check', NULL, 0, '2023-06-03 00:17:29', '2023-06-01 21:43:49', '2023-06-03 00:17:29'),
(5, 53, NULL, 'mohammed', '0555', 'engmohammed202020@gmail.com', 'Companyinfinity', 'hi engineer please  check', NULL, 0, '2023-06-03 00:17:29', '2023-06-01 21:43:58', '2023-06-03 00:17:29'),
(6, 53, NULL, 'mohammed', '0555', 'engmohammed202020@gmail.com', 'Companyinfinity', 'hi engineer please  check', NULL, 0, '2023-06-03 00:17:29', '2023-06-01 21:44:28', '2023-06-03 00:17:29'),
(7, 53, NULL, 'mohammed', '0555', 'engmohammed202020@gmail.com', 'Companyinfinity', 'hi engineer please  check', NULL, 0, '2023-06-03 00:17:29', '2023-06-01 21:44:43', '2023-06-03 00:17:29'),
(8, 53, NULL, 'villa', '0524468042', 'engmohammed202020@gmail.com', 'Companyinfinity', 'please provide us all details', NULL, 0, '2023-06-03 00:17:29', '2023-06-01 21:48:40', '2023-06-03 00:17:29'),
(9, 53, NULL, 'villa', '0524468042', 'engmohammed202020@gmail.com', 'Companyinfinity', 'please provide us all details', NULL, 0, '2023-06-03 00:17:29', '2023-06-01 21:50:41', '2023-06-03 00:17:29'),
(10, 53, NULL, 'villa', '0524468042', 'engmohammed202020@gmail.com', 'Companyinfinity', 'please provide us all details', NULL, 0, '2023-06-03 00:17:29', '2023-06-01 21:57:53', '2023-06-03 00:17:29'),
(11, 71, NULL, 'check order', '0524468042', 'mohammed505050505@gmail.com', 'Companyinfinity', 'ggggggggggggggggggggg', NULL, 2, NULL, '2023-06-03 00:19:42', '2023-06-27 17:49:37'),
(12, 71, NULL, 'samah ellithy', '0500056665', 'saooo0@gmail.com', 'Companyinfinity', 'i need inquire and now your product', NULL, 2, NULL, '2023-06-03 02:24:35', '2023-06-27 17:49:31'),
(13, NULL, 15, 'katab', '000000000000', 'khatab1@gmail.com', 'ProductRebar steel', 'كم سعر الحديد اليوم', NULL, 1, NULL, '2023-06-06 16:54:34', '2023-06-18 21:46:40'),
(14, 137, NULL, 'm kh', '0524468042', 'engmohammed202020@gmail.com', 'Companymmmmmmmmmmmmmmmmmm', 'hhhhhhhhh m khatab', NULL, 2, '2023-10-25 02:40:51', '2023-09-05 22:08:51', '2023-10-25 02:40:51'),
(15, 137, NULL, 'khhhhhhhhhhhh', '055555555555', 'MOHAMMED505050@GMAIL.COM', 'Companymmmmmmmmmmmmmmmmmm', 'hhhhhhh m check', NULL, 2, '2023-10-25 02:40:51', '2023-09-05 22:10:53', '2023-10-25 02:40:51'),
(16, 143, NULL, 'lkihjilkjkhyju iugthdrte', '11111111120', 'hi@towersuae.com', 'Companymd cc', 'jkkkkkkkkkkkkkkkk jkghjfhdtrs', NULL, 2, NULL, '2023-09-24 20:41:59', '2023-09-24 20:47:30'),
(17, 14, NULL, 'ali', '052444444', 'engmohammed202020@gmail.com', 'CompanyAl Shaheen Real-estate', 'engmohammed202020@gmail.com', NULL, 0, NULL, '2024-08-12 17:34:32', '2024-08-12 17:34:32'),
(18, 279, NULL, 'ahmed', '0123456789', 'ahmed123@gmail.com', 'Companyabcd', 'test message', NULL, 0, NULL, '2024-09-10 18:07:06', '2024-09-10 18:07:06'),
(19, 279, NULL, 'ahmed', '0123456789', 'ahmed12@gmail.com', 'Companyabcd', 'meassge test', NULL, 0, NULL, '2024-09-10 19:06:05', '2024-09-10 19:06:05'),
(20, 279, NULL, 'ahmed', '0123456789', 'ahmed12@gmail.com', 'Companyabcd', 'meassge test', NULL, 0, NULL, '2024-09-10 19:10:16', '2024-09-10 19:10:16'),
(21, 279, NULL, 'ahmed', '0123456789', 'ahmed12@gmail.com', 'Companyabcd', 'meassge test', NULL, 0, NULL, '2024-09-10 19:10:50', '2024-09-10 19:10:50'),
(22, 279, NULL, 'ahmed', '0123456789', 'ahmed12@gmail.com', 'Companyabcd', 'meassge test', NULL, 0, NULL, '2024-09-10 19:14:12', '2024-09-10 19:14:12'),
(23, 279, NULL, 'ahmed', '0123456789', 'ahmed12@gmail.com', 'Companyabcd', 'meassge test', NULL, 0, NULL, '2024-09-10 19:15:27', '2024-09-10 19:15:27'),
(24, 279, NULL, 'ahmed', '0123456789', 'ahmed12@gmail.com', 'Companyabcd', 'meassge test', NULL, 0, NULL, '2024-09-10 19:18:16', '2024-09-10 19:18:16'),
(25, 279, NULL, 'ahmed', '0123456789', 'ahmed12@gmail.com', 'Companyabcd', 'meassge test', NULL, 0, NULL, '2024-09-10 19:19:20', '2024-09-10 19:19:20'),
(26, 279, NULL, 'ahmed', '0123456789', 'ahmed12@gmail.com', 'Companyabcd', 'meassge test', NULL, 0, NULL, '2024-09-10 19:23:21', '2024-09-10 19:23:21'),
(27, 279, NULL, 'ahmed', '0123456789', 'ahmed12@gmail.com', 'Companyabcd', 'meassge test', NULL, 0, NULL, '2024-09-10 19:25:06', '2024-09-10 19:25:06'),
(28, 279, NULL, 'ahmed', '0123456789', 'ahmed12@gmail.com', 'Companyabcd', 'meassge test', NULL, 0, NULL, '2024-09-10 19:25:41', '2024-09-10 19:25:41'),
(29, 279, NULL, 'ahmed', '0123456789', 'ahmed12@gmail.com', 'Companyabcd', 'meassge test', NULL, 0, NULL, '2024-09-10 19:28:05', '2024-09-10 19:28:05'),
(30, 279, NULL, 'ahmed', '0123456778', 'ahmed1@gmail.com', 'Companyabcd', 'message test', NULL, 0, NULL, '2024-09-10 19:46:07', '2024-09-10 19:46:07'),
(31, 16, NULL, 'ahmed', '0101112131', 'ahmea@gmail.com', 'CompanyAQUA Properties', 'message test', NULL, 0, NULL, '2024-09-10 19:54:30', '2024-09-10 19:54:30'),
(32, 277, NULL, 'ahmed', '0123445566', 'ahmed123@gmail.com', 'CompanyAYHACO Gypsum products manufacturing', 'test message', NULL, 0, NULL, '2024-09-11 08:34:24', '2024-09-11 08:34:24');

-- --------------------------------------------------------

--
-- Table structure for table `packages`
--

CREATE TABLE `packages` (
  `id` bigint(20) UNSIGNED NOT NULL,
  `name_en` varchar(255) NOT NULL,
  `name_ar` varchar(255) NOT NULL,
  `period` smallint(6) DEFAULT 0 COMMENT 'Period In Days',
  `price` double NOT NULL DEFAULT 0,
  `features_en` text DEFAULT NULL,
  `features_ar` text DEFAULT NULL,
  `status` smallint(6) NOT NULL DEFAULT 0 COMMENT '0=>Inactive, 1=>Active',
  `created_at` timestamp NULL DEFAULT NULL,
  `updated_at` timestamp NULL DEFAULT NULL,
  `deleted_at` timestamp NULL DEFAULT NULL
) ENGINE=InnoDB DEFAULT CHARSET=utf8mb4 COLLATE=utf8mb4_unicode_ci;

--
-- Dumping data for table `packages`
--

INSERT INTO `packages` (`id`, `name_en`, `name_ar`, `period`, `price`, `features_en`, `features_ar`, `status`, `created_at`, `updated_at`, `deleted_at`) VALUES
(1, 'Free', 'مجانى', 0, 0, '<p><span style=\"font-family: Roboto;\">FREE</span></p>', '<p>مجانا</p>', 1, '2023-04-02 15:42:19', '2023-09-05 22:14:26', NULL),
(2, 'Standard for six month', 'الاساسية ستة اشهر', 180, 800, '<p>Add your company and business.</p>\r\n<p>Company page with full control.</p>\r\n<p>&nbsp;Add social and WhatsApp accounts.</p>\r\n<p>Post your products in the sales section.</p>\r\n<p>Access to the projects section and its data.</p>\r\n<p>Access to the distinctive map of the companies\' business.</p>\r\n<p>Monthly advertisement for your company and business on the home page.</p>\r\n<p>Unlimited videos on YouTube channel.</p>', '<p style=\"text-align: right;\">اضافة شركتك واعمالك</p>\r\n<p style=\"text-align: right;\">&nbsp;صحفة خاصة بالشركة بالتحكم الكامل&nbsp;</p>\r\n<p style=\"text-align: right;\">&nbsp;اضافة حسابات التواصل و الواتساب</p>\r\n<p style=\"text-align: right;\">نشر منتجاتك فى قسم المبيعات</p>\r\n<p style=\"text-align: right;\">الوصول لقسم المشاريع وبياناتة</p>\r\n<p style=\"text-align: right;\">الوصول للخريطة المميزة الخاصة باعمال الشركات</p>\r\n<p style=\"text-align: right;\">&nbsp; اعلان شهري&nbsp; لشركتك واعمالك <span style=\"font-size: 0.875rem;\">على الصفحة الرئيسية</span></p>\r\n<p style=\"text-align: right;\">نشر فديوهات لا محدودة <span style=\"font-size: 0.875rem;\">على قناة اليوتيوب</span></p>\r\n<p style=\"text-align: right;\">&nbsp;</p>\r\n<p>&nbsp;</p>', 1, '2023-04-07 14:46:29', '2023-05-06 16:29:45', NULL),
(3, 'Standard one year', 'الاساسية سنة', 0, 1500, '<p>Add your company and business.</p>\r\n<p>Company page with full control.</p>\r\n<p>&nbsp;Add social and WhatsApp accounts.</p>\r\n<p>Post your products in the sales section.</p>\r\n<p>Access to the projects section and its data.</p>\r\n<p>Access to the distinctive map of the companies\' business.</p>\r\n<p>Monthly advertisement for your company and business on the home page.</p>\r\n<p>Unlimited videos on YouTube channel.</p>', '<p style=\"text-align: right;\">اضافة شركتك واعمالك</p>\r\n<p style=\"text-align: right;\">&nbsp;صحفة خاصة بالشركة بالتحكم الكامل&nbsp;</p>\r\n<p style=\"text-align: right;\">&nbsp;اضافة حسابات التواصل و الواتساب</p>\r\n<p style=\"text-align: right;\">نشر منتجاتك فى قسم المبيعات</p>\r\n<p style=\"text-align: right;\">الوصول لقسم المشاريع وبياناتة</p>\r\n<p style=\"text-align: right;\">الوصول للخريطة المميزة الخاصة باعمال الشركات</p>\r\n<p style=\"text-align: right;\">&nbsp; اعلان شهري&nbsp; لشركتك واعمالك&nbsp;<span style=\"font-size: 0.875rem;\">على الصفحة الرئيسية</span></p>\r\n<p style=\"text-align: right;\">نشر فديوهات لا محدودة&nbsp;<span style=\"font-size: 0.875rem;\">على قناة اليوتيوب</span></p>\r\n<p style=\"text-align: right;\">&nbsp;</p>\r\n<p>&nbsp;</p>', 1, '2023-04-07 14:54:01', '2023-04-09 03:02:13', NULL);

-- --------------------------------------------------------

--
-- Table structure for table `password_resets`
--

CREATE TABLE `password_resets` (
  `email` varchar(255) NOT NULL,
  `token` varchar(255) NOT NULL,
  `created_at` timestamp NULL DEFAULT NULL
) ENGINE=InnoDB DEFAULT CHARSET=utf8mb4 COLLATE=utf8mb4_unicode_ci;

-- --------------------------------------------------------

--
-- Table structure for table `permissions`
--

CREATE TABLE `permissions` (
  `id` bigint(20) UNSIGNED NOT NULL,
  `name` varchar(255) NOT NULL,
  `guard_name` varchar(255) NOT NULL,
  `created_at` timestamp NULL DEFAULT NULL,
  `updated_at` timestamp NULL DEFAULT NULL
) ENGINE=InnoDB DEFAULT CHARSET=utf8mb4 COLLATE=utf8mb4_unicode_ci;

--
-- Dumping data for table `permissions`
--

INSERT INTO `permissions` (`id`, `name`, `guard_name`, `created_at`, `updated_at`) VALUES
(1, 'role-list', 'web', '2023-03-29 17:30:08', '2023-03-29 17:30:08'),
(2, 'role-create', 'web', '2023-03-29 17:30:08', '2023-03-29 17:30:08'),
(3, 'role-edit', 'web', '2023-03-29 17:30:09', '2023-03-29 17:30:09'),
(4, 'role-delete', 'web', '2023-03-29 17:30:09', '2023-03-29 17:30:09'),
(5, 'city-list', 'web', '2023-03-29 17:30:09', '2023-03-29 17:30:09'),
(6, 'city-create', 'web', '2023-03-29 17:30:09', '2023-03-29 17:30:09'),
(7, 'city-edit', 'web', '2023-03-29 17:30:09', '2023-03-29 17:30:09'),
(8, 'city-activate', 'web', '2023-03-29 17:30:09', '2023-03-29 17:30:09'),
(9, 'city-deactivate', 'web', '2023-03-29 17:30:09', '2023-03-29 17:30:09'),
(10, 'city-delete', 'web', '2023-03-29 17:30:08', '2023-03-29 17:30:08'),
(11, 'package-list', 'web', '2023-03-29 17:30:08', '2023-03-29 17:30:08'),
(12, 'package-create', 'web', '2023-03-29 17:30:08', '2023-03-29 17:30:08'),
(13, 'package-edit', 'web', '2023-03-29 17:30:08', '2023-03-29 17:30:08'),
(14, 'package-activate', 'web', '2023-03-29 17:30:08', '2023-03-29 17:30:08'),
(15, 'package-deactivate', 'web', '2023-03-29 17:30:08', '2023-03-29 17:30:08'),
(16, 'package-delete', 'web', '2023-03-29 17:30:08', '2023-03-29 17:30:08'),
(17, 'dashboard', 'web', '2023-03-29 17:30:08', '2023-03-29 17:30:08'),
(18, 'company-list', 'web', '2023-03-29 17:30:08', '2023-03-29 17:30:08'),
(19, 'company-create', 'web', '2023-03-29 17:30:08', '2023-03-29 17:30:08'),
(20, 'company-edit', 'web', '2023-03-29 17:30:08', '2023-03-29 17:30:08'),
(21, 'company-activate', 'web', '2023-03-29 17:30:08', '2023-03-29 17:30:08'),
(22, 'company-deactivate', 'web', '2023-03-29 17:30:08', '2023-03-29 17:30:08'),
(23, 'company-delete', 'web', '2023-03-29 17:30:08', '2023-03-29 17:30:08'),
(24, 'persons-list', 'web', '2023-03-29 17:30:08', '2023-03-29 17:30:08'),
(25, 'persons-create', 'web', '2023-03-29 17:30:08', '2023-03-29 17:30:08'),
(26, 'persons-edit', 'web', '2023-03-29 17:30:08', '2023-03-29 17:30:08'),
(27, 'persons-activate', 'web', '2023-03-29 17:30:08', '2023-03-29 17:30:08'),
(28, 'persons-deactivate', 'web', '2023-03-29 17:30:08', '2023-03-29 17:30:08'),
(29, 'persons-delete', 'web', '2023-03-29 17:30:08', '2023-03-29 17:30:08'),
(30, 'staff-list', 'web', '2023-03-29 17:30:08', '2023-03-29 17:30:08'),
(31, 'staff-create', 'web', '2023-03-29 17:30:08', '2023-03-29 17:30:08'),
(32, 'staff-edit', 'web', '2023-03-29 17:30:08', '2023-03-29 17:30:08'),
(33, 'staff-activate', 'web', '2023-03-29 17:30:08', '2023-03-29 17:30:08'),
(34, 'staff-deactivate', 'web', '2023-03-29 17:30:08', '2023-03-29 17:30:08'),
(35, 'staff-delete', 'web', '2023-03-29 17:30:08', '2023-03-29 17:30:08'),
(36, 'projects-list', 'web', '2023-03-29 17:30:08', '2023-03-29 17:30:08'),
(37, 'projects-create', 'web', '2023-03-29 17:30:08', '2023-03-29 17:30:08'),
(38, 'projects-edit', 'web', '2023-03-29 17:30:08', '2023-03-29 17:30:08'),
(39, 'projects-activate', 'web', '2023-03-29 17:30:08', '2023-03-29 17:30:08'),
(40, 'projects-deactivate', 'web', '2023-03-29 17:30:08', '2023-03-29 17:30:08'),
(41, 'projects-delete', 'web', '2023-03-29 17:30:08', '2023-03-29 17:30:08'),
(42, 'product-list', 'web', '2023-03-29 17:30:08', '2023-03-29 17:30:08'),
(43, 'product-create', 'web', '2023-03-29 17:30:08', '2023-03-29 17:30:08'),
(44, 'product-edit', 'web', '2023-03-29 17:30:08', '2023-03-29 17:30:08'),
(45, 'product-featured', 'web', '2023-03-29 17:30:08', '2023-03-29 17:30:08'),
(46, 'product-normalize', 'web', '2023-03-29 17:30:08', '2023-03-29 17:30:08'),
(47, 'subscriptions-list', 'web', '2023-03-29 17:30:08', '2023-03-29 17:30:08'),
(48, 'admin-classifieds-list', 'web', '2023-03-29 17:30:08', '2023-03-29 17:30:08'),
(49, 'jobs-cvs-list', 'web', '2023-03-29 17:30:08', '2023-03-29 17:30:08'),
(50, 'jobs-create', 'web', '2023-03-29 17:30:08', '2023-03-29 17:30:08'),
(51, 'jobs-edit', 'web', '2023-03-29 17:30:08', '2023-03-29 17:30:08'),
(52, 'jobs-activate', 'web', '2023-03-29 17:30:08', '2023-03-29 17:30:08'),
(53, 'jobs-deactivate', 'web', '2023-03-29 17:30:08', '2023-03-29 17:30:08'),
(54, 'jobs-delete', 'web', '2023-03-29 17:30:08', '2023-03-29 17:30:08'),
(55, 'cvs-create', 'web', '2023-03-29 17:30:08', '2023-03-29 17:30:08'),
(56, 'cvs-edit', 'web', '2023-03-29 17:30:08', '2023-03-29 17:30:08'),
(57, 'cvs-activate', 'web', '2023-03-29 17:30:08', '2023-03-29 17:30:08'),
(58, 'cvs-deactivate', 'web', '2023-03-29 17:30:08', '2023-03-29 17:30:08'),
(59, 'cvs-delete', 'web', '2023-03-29 17:30:08', '2023-03-29 17:30:08'),
(60, 'system-helper', 'web', '2023-03-29 17:30:08', '2023-03-29 17:30:08'),
(61, 'front-control', 'web', '2023-03-29 17:30:08', '2023-03-29 17:30:08'),
(62, 'news-bar-list', 'web', '2023-03-29 17:30:08', '2023-03-29 17:30:08'),
(63, 'news-bar-create', 'web', '2023-03-29 17:30:08', '2023-03-29 17:30:08'),
(64, 'news-bar-edit', 'web', '2023-03-29 17:30:08', '2023-03-29 17:30:08'),
(65, 'news-bar-delete', 'web', '2023-03-29 17:30:08', '2023-03-29 17:30:08'),
(66, 'admin-sliders', 'web', '2023-03-29 17:30:08', '2023-03-29 17:30:08'),
(67, 'admin-videos', 'web', '2023-03-29 17:30:08', '2023-03-29 17:30:08'),
(68, 'orders-list', 'web', '2023-03-29 17:30:08', '2023-03-29 17:30:08'),
(69, 'product-delete', 'web', '2023-03-29 17:30:08', '2023-03-29 17:30:08');

-- --------------------------------------------------------

--
-- Table structure for table `personal_access_tokens`
--

CREATE TABLE `personal_access_tokens` (
  `id` bigint(20) UNSIGNED NOT NULL,
  `tokenable_type` varchar(255) NOT NULL,
  `tokenable_id` bigint(20) UNSIGNED NOT NULL,
  `name` varchar(255) NOT NULL,
  `token` varchar(64) NOT NULL,
  `abilities` text DEFAULT NULL,
  `last_used_at` timestamp NULL DEFAULT NULL,
  `expires_at` timestamp NULL DEFAULT NULL,
  `created_at` timestamp NULL DEFAULT NULL,
  `updated_at` timestamp NULL DEFAULT NULL
) ENGINE=InnoDB DEFAULT CHARSET=utf8mb4 COLLATE=utf8mb4_unicode_ci;

-- --------------------------------------------------------

--
-- Table structure for table `products`
--

CREATE TABLE `products` (
  `id` bigint(20) UNSIGNED NOT NULL,
  `product_category_id` bigint(20) UNSIGNED DEFAULT NULL,
  `user_id` bigint(20) UNSIGNED DEFAULT NULL,
  `unit_id` bigint(20) UNSIGNED DEFAULT NULL,
  `name_en` varchar(255) NOT NULL,
  `name_ar` varchar(255) DEFAULT NULL,
  `quantity` smallint(6) NOT NULL DEFAULT 0,
  `price` double NOT NULL DEFAULT 0,
  `description_en` text DEFAULT NULL,
  `description_ar` text DEFAULT NULL,
  `main_pic` varchar(255) DEFAULT NULL,
  `featured` smallint(6) NOT NULL DEFAULT 0 COMMENT '0=>normal, 1=>Featured',
  `deleted_at` timestamp NULL DEFAULT NULL,
  `created_at` timestamp NULL DEFAULT NULL,
  `updated_at` timestamp NULL DEFAULT NULL
) ENGINE=InnoDB DEFAULT CHARSET=utf8mb4 COLLATE=utf8mb4_unicode_ci;

--
-- Dumping data for table `products`
--

INSERT INTO `products` (`id`, `product_category_id`, `user_id`, `unit_id`, `name_en`, `name_ar`, `quantity`, `price`, `description_en`, `description_ar`, `main_pic`, `featured`, `deleted_at`, `created_at`, `updated_at`) VALUES
(12, 5, NULL, 6, 'Sharjah Cement', 'اسمنت الشارقة', 1, 20, 'Sharjah Cement Sharjah CementSharjah Cement Sharjah Cement', 'Sharjah Cement Sharjah Cement Sharjah Cement Sharjah CementSharjah Cement', '23804594.jpg', 1, NULL, '2023-05-02 08:08:16', '2023-05-16 22:19:23'),
(13, 5, NULL, 6, 'Abu Dhabi Cement', 'اسمنت ابوظبى', 1, 25, 'Abu Dhabi Cement Abu Dhabi Cement Abu Dhabi Cement', 'Abu Dhabi Cement Abu Dhabi Cement Abu Dhabi Cement', '1054855280.jpg', 1, NULL, '2023-05-02 08:12:20', '2023-05-15 10:46:06'),
(15, 5, NULL, 4, 'Rebar steel', 'حديد التسليح', 1, 2800, 'Rebar steel 2 Rebar steel 2', 'Rebar steel 2 Rebar steel 2', '1096284260.jpg', 1, NULL, '2023-05-02 08:17:20', '2024-07-17 15:22:26'),
(16, 5, NULL, 5, 'Thermal Blocks', 'الطوب حراري', 1, 9.5, 'Thermal Blocks - Size 400X300X200 12\"', 'Thermal Blocks - Size 400X300X200 12\"', '1088072259.jpg', 1, NULL, '2023-05-26 19:37:38', '2023-05-26 19:41:42'),
(17, 6, 137, 1, 'nnnnnnnnnnnnnnnnnnnn', 'nn', 10, 15, '0000000000000000', '0000000', '1050724265.png', 0, '2023-10-25 02:40:51', '2023-09-18 14:50:14', '2023-10-25 02:40:51');

-- --------------------------------------------------------

--
-- Table structure for table `productsphotos`
--

CREATE TABLE `productsphotos` (
  `id` bigint(20) UNSIGNED NOT NULL,
  `product_id` bigint(20) UNSIGNED DEFAULT NULL,
  `photo` varchar(255) DEFAULT NULL,
  `status` smallint(6) NOT NULL DEFAULT 1 COMMENT '0=>Inactive,1=>Active',
  `deleted_at` timestamp NULL DEFAULT NULL,
  `created_at` timestamp NULL DEFAULT NULL,
  `updated_at` timestamp NULL DEFAULT NULL
) ENGINE=InnoDB DEFAULT CHARSET=utf8mb4 COLLATE=utf8mb4_unicode_ci;

--
-- Dumping data for table `productsphotos`
--

INSERT INTO `productsphotos` (`id`, `product_id`, `photo`, `status`, `deleted_at`, `created_at`, `updated_at`) VALUES
(14, 12, '857190348.jpg', 0, NULL, '2023-05-02 08:09:41', '2023-05-02 08:09:51'),
(15, 12, '1419557257.jpg', 0, NULL, '2023-05-02 08:09:51', '2023-05-02 08:10:03'),
(16, 12, '23804594.jpg', 1, NULL, '2023-05-02 08:10:03', '2023-05-02 08:10:03'),
(17, 13, '1054855280.jpg', 1, NULL, '2023-05-02 08:12:39', '2023-05-02 08:12:39'),
(19, 15, '1096284260.jpg', 1, NULL, '2023-05-02 08:17:40', '2023-06-03 04:11:29'),
(20, 16, '1088072259.jpg', 1, NULL, '2023-05-26 19:37:57', '2023-05-26 19:37:57');

-- --------------------------------------------------------

--
-- Table structure for table `products_categories`
--

CREATE TABLE `products_categories` (
  `id` bigint(20) UNSIGNED NOT NULL,
  `name_en` varchar(255) NOT NULL,
  `name_ar` varchar(255) NOT NULL,
  `status` varchar(255) NOT NULL DEFAULT '0' COMMENT '0=>Inactive,1=>Active',
  `deleted_at` timestamp NULL DEFAULT NULL,
  `created_at` timestamp NULL DEFAULT NULL,
  `updated_at` timestamp NULL DEFAULT NULL
) ENGINE=InnoDB DEFAULT CHARSET=utf8mb4 COLLATE=utf8mb4_unicode_ci;

--
-- Dumping data for table `products_categories`
--

INSERT INTO `products_categories` (`id`, `name_en`, `name_ar`, `status`, `deleted_at`, `created_at`, `updated_at`) VALUES
(1, 'machinery equipment', 'معدات والات', '1', '2023-05-02 08:02:06', '2023-04-27 16:42:12', '2023-05-02 08:02:06'),
(2, 'buildings', 'مبانى', '1', '2023-05-02 07:59:59', '2023-04-27 16:53:06', '2023-05-02 07:59:59'),
(3, 'Steel', 'الحديد', '0', NULL, '2023-05-02 07:55:52', '2024-07-06 11:25:37'),
(4, 'Aluminium', 'الألومنيوم', '0', NULL, '2023-05-02 07:56:39', '2024-07-06 11:25:32'),
(5, 'materials', 'المواد', '1', NULL, '2023-05-02 08:01:25', '2024-07-06 11:26:23'),
(6, 'Blocks', 'الطوب', '0', NULL, '2023-05-26 19:39:43', '2024-07-06 11:25:24'),
(7, 'Paints', 'الدهانات', '0', NULL, '2023-05-26 19:43:51', '2024-07-06 11:25:19'),
(8, 'Plumbing', 'السباكة', '0', NULL, '2023-05-26 19:48:34', '2024-07-06 11:25:12'),
(9, 'Machinery', 'الات', '0', NULL, '2023-05-26 19:49:37', '2024-07-06 11:25:07'),
(10, 'Marbles', 'الرخام', '0', NULL, '2023-05-26 19:50:24', '2024-07-06 11:24:58'),
(11, 'Tiles', 'البلاط', '0', NULL, '2023-05-26 19:51:09', '2024-07-06 11:24:54'),
(12, 'Electrical', 'الكهرباء', '0', NULL, '2023-05-26 19:52:59', '2024-07-06 11:24:49');

-- --------------------------------------------------------

--
-- Table structure for table `projects`
--

CREATE TABLE `projects` (
  `id` bigint(20) UNSIGNED NOT NULL,
  `city_id` bigint(20) UNSIGNED DEFAULT NULL,
  `project_category_id` bigint(20) UNSIGNED DEFAULT NULL,
  `name_en` varchar(255) NOT NULL,
  `name_ar` varchar(255) NOT NULL,
  `progress` smallint(6) NOT NULL DEFAULT 0,
  `description_ar` text DEFAULT NULL,
  `description_en` text DEFAULT NULL,
  `address` text NOT NULL,
  `lat` varchar(255) DEFAULT NULL,
  `lng` varchar(255) DEFAULT NULL,
  `status` smallint(6) NOT NULL DEFAULT 0 COMMENT '0=>Inactive,1=>Active',
  `featured` smallint(6) NOT NULL DEFAULT 0 COMMENT '0=>normal,1=>featured',
  `master_photo` varchar(255) DEFAULT NULL,
  `deleted_at` timestamp NULL DEFAULT NULL,
  `created_at` timestamp NULL DEFAULT NULL,
  `updated_at` timestamp NULL DEFAULT NULL
) ENGINE=InnoDB DEFAULT CHARSET=utf8mb4 COLLATE=utf8mb4_unicode_ci;

--
-- Dumping data for table `projects`
--

INSERT INTO `projects` (`id`, `city_id`, `project_category_id`, `name_en`, `name_ar`, `progress`, `description_ar`, `description_en`, `address`, `lat`, `lng`, `status`, `featured`, `master_photo`, `deleted_at`, `created_at`, `updated_at`) VALUES
(1, 5, 1, 'ground', 'ارضى', 10, '<p>كمنتخهعغ</p>', '<p>vvvvv</p>', 'أبحث هنا', NULL, NULL, 1, 1, '1491700670.jpg', '2023-04-20 07:49:28', '2023-04-09 15:24:29', '2023-04-20 07:49:28'),
(2, 3, 2, 'G 4', 'ارضى 4', 5, '<p style=\"text-align: right;\">ارضى و اربع ادوار</p>', '<p>4ground and 4 floors</p>', '7709 شارع رفحاء، صلاح الدين، 3686، الرياض 12435، السعودية', NULL, NULL, 1, 1, '1209391449.jpg', '2023-04-20 07:49:33', '2023-04-11 06:19:36', '2023-04-20 07:49:33'),
(3, 12, 1, 'G 4P 20', 'ارضى و4باركن و20', 50, '<p>ععععععععععععع</p>', '<p>HHHHHHHHHHHHHHHH</p>', '3656+8F8 دبي - الإمارات العربية المتحدة', '25.058404056829254', '55.211203071596536', 1, 1, '1930766702.jpg', '2023-04-20 07:49:22', '2023-04-12 02:07:48', '2023-04-20 07:49:22'),
(4, 15, 2, 'g+5', 'g+5', 90, NULL, NULL, 'أبحث هنا', NULL, NULL, 1, 1, '317737258.jpg', '2023-04-20 07:49:11', '2023-04-13 01:10:33', '2023-04-20 07:49:11'),
(5, 3, 2, 'G+12', 'أرضى و اثنا عشر', 50, '<p>mmmmmmmm</p>', '<p>mmmmmmmmmmmmmmmmmmm</p>', 'Shiek Khalifa Bin Zayed Street - شارع الاتحاد - عجمان الصناعية 2 - عجمان - الإمارات العربية المتحدة', '25.390703340019186', '55.44900466605432', 1, 1, '360978061.jpg', '2023-05-26 17:55:00', '2023-04-20 07:41:11', '2023-05-26 17:55:00'),
(6, 3, 2, 'mmmm', 'mmmmm', 50, '<p>mmmmmmm</p>', '<p>mmmmmmmmmmmmm</p>', '9FV7+99P - Al Rashidiya 1 - عجمان - الإمارات العربية المتحدة', '25.393559400166474', '55.46343163721903', 1, 1, '1672596624.jpg', '2023-05-26 18:21:34', '2023-04-20 07:50:24', '2023-05-26 18:21:34'),
(7, 12, 1, 'G+12', 'أرضى و اثنا عشر', 50, '<p>nnn</p>', '<p>nnnnn</p>', '9FV7+99P - Al Rashidiya 1 - عجمان - الإمارات العربية المتحدة', '25.393559400166474', '55.46343163721903', 1, 1, '963420200.jpg', '2023-05-26 18:21:42', '2023-04-20 07:50:54', '2023-05-26 18:21:42'),
(8, 1, 2, 'hhhhhh', 'hhhhhhhh', 50, '<p>mmm</p>', '<p>mmmmmmmmmmmmmm</p>', '9FV7+99P - Al Rashidiya 1 - عجمان - الإمارات العربية المتحدة', '25.393559400166474', '55.46343163721903', 1, 0, '677871774.jpg', '2023-04-30 16:02:36', '2023-04-20 07:51:12', '2023-04-30 16:02:36'),
(9, 5, 2, 'mmmm', 'mmmmmmmmmmmmmmmmmm', 50, '<p>mmmmm</p>', '<p>mmmmmmmm</p>', '9FV7+99P - Al Rashidiya 1 - عجمان - الإمارات العربية المتحدة', '25.393559400166474', '55.46343163721903', 1, 1, '981757330.jpg', '2023-05-26 17:55:09', '2023-04-20 07:53:26', '2023-05-26 17:55:09'),
(10, 3, 2, 'g+50', 'g+50', 10, '<p>gggggggggggggggggggggggg</p>', '<p>ggggggggggggggggggggggg</p>', 'Mall of the Emirates - شارع الشيخ زايد - دبي - الإمارات العربية المتحدة', '25.118223499710417', '55.20057578510357', 0, 0, '633222926.jpg', '2023-05-26 17:55:18', '2023-04-30 14:47:12', '2023-05-26 17:55:18'),
(11, 1, 2, '1jjjjjjjjjjjj', 'jjjjjjjjjj', 5, '<p>good job</p>', '<p>ddddddddddddddd</p>', '9FV7+5C8 - Al Rashidiya 1 - Ajman - United Arab Emirates', '25.392999708310672', '55.463556637219035', 1, 1, '925729332.jpg', '2023-05-26 18:21:54', '2023-05-19 23:49:08', '2023-05-26 18:21:54'),
(12, 1, 2, 'G+6', 'ارضى + 6', 1, NULL, NULL, '9FV7+5C8 - Al Rashidiya 1 - Ajman - United Arab Emirates', '25.392999708310672', '55.463556637219035', 1, 1, '593806087.jpg', '2023-05-26 18:22:01', '2023-05-20 00:11:57', '2023-05-26 18:22:01'),
(13, NULL, 2, 'G+4P+14TYP', 'G+4P+14TYP', 2, '<div><strong>G+4P+14TYP</strong></div>\r\n<div>JVC</div>', '<div><strong>abcd</strong></div>\r\n<div>JVC</div>', 'أبحث هنا', NULL, NULL, 1, 1, '1646642530.jpg', '2023-05-31 20:46:46', '2023-05-26 18:48:16', '2023-05-31 20:46:46'),
(14, 1, 2, 'G+6TY+GYM', 'G+6TY+GYM', 0, '<p>JVC</p>', '<p>JVC</p>', 'JVC - دبي - الإمارات العربية المتحدة', '25.056895705736338', '55.207818921409164', 1, 1, '1526312001.jpg', '2023-05-31 20:46:54', '2023-05-26 19:25:38', '2023-05-31 20:46:54'),
(15, 1, 2, 'G+4P+14TYP', 'G+4P+14TYP', 55, '<p>Proposed Residential &amp; Real building (JVC)</p>', '<p>Proposed Residential &amp; Real building (JVC)</p>', 'قرية جميرا الدائرية - 3645+J5G - قرية جميرا - دبي - الإمارات العربية المتحدة', '25.0797836', '55.1865825', 1, 0, '627979946.jpg', NULL, '2023-05-31 20:52:51', '2024-07-12 17:56:04'),
(16, 1, 2, 'G+6TY+GYM', 'ارضى+6 طوابق متكرره+جيم', 75, '<p>Project G+6TY+GYM Retail/Residental Building (JVC)</p>', '<p>Project G+6TY+GYM Retail/Residental Building (JVC)</p>', '369M+5M - أرجان دبي لاند - جنوب البرشاء - دبي - الإمارات العربية المتحدة', '25.0797836', '55.1865825', 1, 0, '1832842839.jpg', NULL, '2023-06-01 19:27:30', '2024-07-12 17:55:55'),
(17, 1, 2, 'g+15', 'g+15', 10, NULL, NULL, 'أبحث هنا', NULL, NULL, 1, 0, '415762356.jpg', '2023-06-04 17:50:23', '2023-06-01 21:03:05', '2023-06-04 17:50:23'),
(18, 1, 2, 'g+15', 'g+15', 15, NULL, NULL, 'أبحث هنا', NULL, NULL, 1, 0, '1122476793.jpg', '2023-06-04 17:50:29', '2023-06-01 21:04:50', '2023-06-04 17:50:29'),
(19, 1, 2, 'LIME GARDENS', 'حدائق لايم', 35, '<p>LIME GARDENS</p>', '<p>LIME GARDENS</p>', '4789+87R - دبي - الإمارات العربية المتحدة', '25.1156255', '55.2682079', 1, 0, '1341014044.jpg', NULL, '2023-06-04 19:54:36', '2024-07-05 12:26:33'),
(20, 3, 2, 'B+G+4P+15TYP', 'سرداب +4 طوابق مواقف+15 طابق متكرر', 65, '<p>سرداب +4 طوابق مواقف+15 طابق متكرر</p>', '<p>B+G+4P+15TYP</p>', '994G+87Q - اللية - إمارة الشارقةّ - الإمارات العربية المتحدة', '25.0797836', '55.1865825', 1, 0, '682416966.jpg', NULL, '2023-06-04 19:59:48', '2024-07-19 18:09:42'),
(21, 3, 2, 'B+G+7 TYP', 'سرداب +ارضى+7 طابق متكرر', 40, '<p>سرداب +ارضى+7 طابق متكرر</p>', '<p>B+G+7 TYP</p>', 'الخان - إمارة الشارقةّ - الإمارات العربية المتحدة', '25.331725245756374', '55.3575314113701', 1, 0, '333740145.jpg', NULL, '2023-06-04 20:03:17', '2023-10-08 06:39:40'),
(22, 3, 2, 'B+G+5P+15TYP', 'سرداب+ارضى +5 طوابق مواقف+15 طابق متكرر', 80, '<p>سرداب+ارضى +5 طوابق مواقف+15 طابق متكرر</p>', '<p>B+G+5P+15TYP&nbsp;</p>', '893F+MRW - النهدة - الشارقة - الإمارات العربية المتحدة', '25.304065731135626', '55.37435513548417', 1, 0, '1387385975.jpg', NULL, '2023-06-04 20:05:36', '2024-07-12 17:55:36'),
(23, NULL, 1, 'G+P+5 TYP', 'ارضى+موفق سيارات +5 طوابق متكرره', 100, '<p>G+P+5 TYP</p>', '<p>G+P+5 TYP</p>', 'أبحث هنا', NULL, NULL, 0, 0, '797716411.jpg', '2023-06-07 20:08:07', '2023-06-04 20:08:50', '2023-06-07 20:08:07'),
(24, NULL, 2, '3B+G+10+ROOF', '3سرداب +ارضى+10 طابق متكرر+روف', 2, '<p>3سرداب +ارضى+10 طابق متكرر+روف</p>', '<p>3B+G+10+ROOF</p>', 'أبحث هنا', NULL, NULL, 0, 1, '1861536078.jpg', '2023-06-07 20:04:04', '2023-06-04 20:12:14', '2023-06-07 20:04:04'),
(25, 5, 2, 'mmmmmmmmmmmmmmmmmmmmmm', 'mmmmmmmmmmmmmmmmmm', 5, '<p>nnnnnnnnnn</p>', '<p>nnnnnnnnnnnnnnnnnn</p>', 'أبحث هنا', NULL, NULL, 0, 0, NULL, '2023-06-07 19:58:52', '2023-06-07 19:57:46', '2023-06-07 19:58:52'),
(26, 1, 2, '3B+G+10+ROOF', 'سرداب(3) +ارضى+10 طابق متكرر+روف', 55, '<p>سرداب<span style=\"font-size: 0.875rem;\">(3)</span><span style=\"font-size: 0.875rem;\">&nbsp;+ارضى+10 طابق متكرر+روف</span></p>', '<p>3B+G+10+ROOF</p>', 'Jumeirah Village Circle - قرية جميرا - دبي - الإمارات العربية المتحدة', '25.0601975', '55.2093505', 1, 0, '1185902250.jpg', NULL, '2023-06-07 20:03:21', '2024-07-19 18:09:08'),
(27, 1, 2, 'G+P+5 TYP', 'ارضى+موفق سيارات +5 طوابق متكرره', 33, '<p>ارضى+موفق سيارات +5 طوابق متكرره</p>', '<p>G+P+5 TYP</p>', '1 بوليفارد الشيخ محمد بن راشد - وسط مدينة دبي - دبي - الإمارات العربية المتحدة', '25.197197', '55.27437639', 1, 0, '1882427351.jpg', NULL, '2023-06-07 20:05:32', '2024-07-05 12:28:01'),
(28, 1, 1, 'G+1 villa(Town ship)', 'فيلا ارضى وأول', 65, '<p>فيلا ارضى وأول</p>', '<p>G+1 villa(Town ship)</p>', '369M+5M - أرجان دبي لاند - جنوب البرشاء - دبي - الإمارات العربية المتحدة', '25.0797836', '55.1865825', 1, 0, '931159259.jpg', NULL, '2023-06-07 20:07:56', '2024-07-05 12:26:50'),
(29, 1, 2, 'B+G+3TY+ROOF', 'سرداب+طابق ارضى+3 طوابق متكرره+سطح', 50, '<p>سرداب+طابق ارضى+3 طوابق متكرره+سطح</p>', '<p>B+G+3TY+ROOF</p>', 'Al muhaisnah - دبي - الإمارات العربية المتحدة', '25.20485830000001', '55.2707795', 1, 0, '1694522197.jpg', NULL, '2023-06-11 02:56:55', '2023-10-10 19:07:08'),
(30, 3, 2, 'G+2P+6TYP+ROOF', 'ارضى+2 مواقف +6 طوابق متكرره +سطح', 25, '<p>ارضى+2 مواقف +6 طوابق متكرره +سطح</p>', '<p>G+2P+6TYP+ROOF</p>', '89C5+QV3 - الخان - الشارقة - الإمارات العربية المتحدة', '25.0797836', '55.1865825', 1, 0, '1134108760.jpg', NULL, '2023-06-11 03:00:46', '2024-07-05 12:27:26'),
(31, 1, 2, '3B+G+P+9+ROOF', 'سرداب 3+4 طابق مواقف+9طابق متكرر+روف', 95, '<p>سرداب 3+4 طابق مواقف+9طابق متكرر+روف</p>', '<p>3B+G+P+9+ROOF&nbsp;</p>', 'Dubai Hills - Emaar - دبي - الإمارات العربية المتحدة', '25.1156255', '55.2682079', 1, 0, '2142174188.jpg', NULL, '2023-06-27 18:06:59', '2023-10-08 06:31:52'),
(32, 1, 2, 'G+P+12TYP', 'ارضى+باركن+ 12طوابق متكرر', 70, '<p>ارضى+باركن+ 12طوابق متكرر</p>', '<p>G+P+12TYP&nbsp;</p>', '4789+87R - دبي - الإمارات العربية المتحدة', '25.1156255', '55.2682079', 1, 0, '592985463.jpg', NULL, '2023-06-27 18:10:28', '2024-07-05 12:24:54'),
(33, 1, 2, 'G+3P+22TYP', 'ارضى+3باركن+22طابق متكرر', 45, '<p>ارضى+3باركن+22طابق متكرر</p>', '<p>G+3P+22TYP</p>', '1 بوليفارد الشيخ محمد بن راشد - وسط مدينة دبي - دبي - الإمارات العربية المتحدة', '25.197197', '55.27437639', 1, 0, '1140234542.jpg', NULL, '2023-06-27 18:12:31', '2024-07-05 12:24:31'),
(34, 5, 2, 'AJMAN CREEK TOWERS', 'AJMAN CREEK TOWERS', 10, '<p>AJMAN CREEK TOWERS</p>', '<p>AJMAN CREEK TOWERS</p>', '1 بوليفارد الشيخ محمد بن راشد - وسط مدينة دبي - دبي - الإمارات العربية المتحدة', '25.197197', '55.27437639', 1, 0, '384189847.jpg', NULL, '2023-06-27 18:15:19', '2024-07-05 12:24:02'),
(35, 1, 2, 'G+3P+15F+R', 'ارضى+3باركن+15طابق+روف', 70, '<p>ارضى+3باركن+15طابق+روف</p>', '<p>G+3P+15F+R</p>', '1 بوليفارد الشيخ محمد بن راشد - وسط مدينة دبي - دبي - الإمارات العربية المتحدة', '25.0797836', '55.1865825', 1, 0, '25875703.jpg', NULL, '2023-06-27 18:26:49', '2024-07-05 12:22:33'),
(36, 1, 2, 'G+8', 'ارضى+8طوابق متكرره', 70, '<p>ارضى+8طوابق متكرره</p>', '<p>G+8</p>', '35HP+WJ دبي - الإمارات العربية المتحدة', '25.197197', '55.27437639', 1, 0, '1558099725.jpg', NULL, '2023-06-27 18:30:19', '2024-07-05 12:22:55'),
(37, 5, 2, 'G+6TYP', 'ارضى+6 طوابق متكرر', 60, '<p>ارضى+6 طوابق متكرر</p>', '<p>G+8</p>', '1 بوليفارد الشيخ محمد بن راشد - وسط مدينة دبي - دبي - الإمارات العربية المتحدة', '25.197197', '55.27437639', 1, 0, '20383274.jpg', NULL, '2023-06-27 18:32:48', '2024-07-05 12:23:45'),
(38, 3, 2, 'G+5P+15TY', 'ارضى+5طوابق مواقف+15طابق متكرر', 90, '<p>ارضى+5طوابق مواقف+15طابق متكرر</p>', '<p>G+5P+15TY</p>', '1 بوليفارد الشيخ محمد بن راشد - وسط مدينة دبي - دبي - الإمارات العربية المتحدة', '25.197197', '55.27437639', 1, 0, '1575731124.jpg', NULL, '2023-06-27 18:37:00', '2024-07-05 12:23:12'),
(39, 5, 2, 'G+4+ROOF', 'ارضى+4متكرر+روف', 85, '<p>ارضى+4متكرر+روف</p>', '<p>G+4+ROOF</p>', '1 بوليفارد الشيخ محمد بن راشد - وسط مدينة دبي - دبي - الإمارات العربية المتحدة', '25.197197', '55.27437639', 1, 0, '1697844160.jpg', NULL, '2023-06-27 18:39:18', '2024-07-05 12:23:30'),
(40, 3, 1, 'G+MEZZ', 'شبره+ارضي (ميزانبن)', 99, NULL, NULL, 'Sajja Industrial - إمارة الشارقةّ - الإمارات العربية المتحدة', '25.3928223', '55.4635494', 1, 0, '1316467152.jpg', NULL, '2023-10-08 06:49:16', '2023-10-08 08:26:04'),
(41, 1, 2, 'G+3P+13+ROOF', 'ارضى + 3 طوابق مواقف +13 متكرر +روف', 85, NULL, NULL, '1 بوليفارد الشيخ محمد بن راشد - وسط مدينة دبي - دبي - الإمارات العربية المتحدة', '25.197197', '55.27437639', 1, 0, '782172447.jpg', NULL, '2023-10-08 06:53:15', '2024-07-05 12:22:16'),
(42, 5, 1, 'G+MEZZ', 'مبنى معارض ارضي+ميزانين', 60, NULL, NULL, 'أبحث هنا', NULL, NULL, 1, 0, '312076622.jpg', NULL, '2023-10-08 07:01:18', '2024-03-05 16:24:29'),
(43, 1, 2, 'G+3P +23+R', 'ارضي +3 مواقف +23 مكرر + زوف', 50, NULL, NULL, '1 بوليفارد الشيخ محمد بن راشد - وسط مدينة دبي - دبي - الإمارات العربية المتحدة', '25.0797836', '55.1865825', 1, 0, '658919412.jpg', NULL, '2023-10-08 07:03:47', '2024-07-05 12:22:00'),
(44, 1, 2, 'B+G+4+ROOF', 'سرداب +ارضي+4+روف', 90, NULL, NULL, '4969+J86 - Liwan - Dubai - الإمارات العربية المتحدة', '25.1115263', '55.3682795', 1, 0, '279339500.jpg', NULL, '2023-10-08 07:11:41', '2024-07-05 12:21:44'),
(45, 1, 2, 'G+5P+19+R', 'ارضي+5 مواقف+19+روف', 80, NULL, NULL, 'Jumeirah Village Circle - قرية جميرا - دبي - الإمارات العربية المتحدة', '25.0797836', '55.1865825', 1, 0, '56344063.jpg', NULL, '2023-10-08 07:16:34', '2024-07-05 12:21:24'),
(46, 1, 2, 'B+G+4', 'سرداب +ارضي+4', 70, NULL, NULL, '4969+H7Q - Liwan - Dubai - الإمارات العربية المتحدة', '25.1114538', '55.3682204', 1, 0, '217494662.jpg', NULL, '2023-10-08 07:22:07', '2024-07-05 12:21:08'),
(47, 1, 2, 'B+G+3P+15+R', 'سرداب+طابق ارضى+3 مواقف +15 +سقف', 20, NULL, NULL, 'JVC', '25.3928577', '55.4635181', 0, 0, NULL, '2023-10-08 08:05:23', '2023-10-08 08:03:39', '2023-10-08 08:05:23'),
(48, 1, 2, 'B+G+3P+15+R', 'سرداب+طابق ارضى+3 مواقف +15 +سقف', 90, NULL, NULL, '1 بوليفارد الشيخ محمد بن راشد - وسط مدينة دبي - دبي - الإمارات العربية المتحدة', '25.197197', '55.27437639', 1, 0, '1945872860.jpg', NULL, '2023-10-08 08:03:40', '2024-07-05 12:20:46'),
(49, 1, 4, 'GROUND MOSQUE', 'مسجد ارضي', 80, NULL, NULL, '4969+H7Q - Liwan - Dubai - الإمارات العربية المتحدة', '25.1114538', '55.3682204', 1, 0, '826572385.jpg', NULL, '2023-10-08 08:09:08', '2024-07-05 12:20:34'),
(50, 14, 2, 'mmmmmmmmmmmmmmmmm', 'mmmmmmmmmmmmmmmmm', 100, '<p>b</p>', '<p>b</p>', '9FV7+5C8 - Al Rashidiya 1 - Ajman - الإمارات العربية المتحدة', '25.3928748', '55.4636315', 1, 0, '324842254.jpg', '2023-10-25 02:16:47', '2023-10-25 02:09:55', '2023-10-25 02:16:47'),
(51, 1, 2, '2B+G+12+2R', 'طابقين سرداب+ارضى+12+2 روف', 75, NULL, NULL, '1 بوليفارد الشيخ محمد بن راشد - وسط مدينة دبي - دبي - الإمارات العربية المتحدة', '25.197197', '55.27437639', 1, 0, '1314073016.jpg', NULL, '2023-11-05 14:40:05', '2024-07-05 12:20:15'),
(52, 1, 2, 'G+2P+14F+1LF+R', 'ارضى+2باركن+14طابق+1روف سفلى+روف', 65, NULL, NULL, '1 بوليفارد الشيخ محمد بن راشد - وسط مدينة دبي - دبي - الإمارات العربية المتحدة', '25.0797836', '55.1865825', 1, 0, '672442389.jpg', NULL, '2023-11-05 14:52:41', '2024-07-05 12:20:02'),
(53, 1, 2, 'G+2P+13+R', 'ارضى+2باركن+13+روف', 50, NULL, NULL, '1 بوليفارد الشيخ محمد بن راشد - وسط مدينة دبي - دبي - الإمارات العربية المتحدة', '25.197197', '55.27437639', 1, 0, '2087185747.jpg', NULL, '2023-11-05 14:58:16', '2024-07-05 12:19:46'),
(54, 3, 2, 'G+1', 'مبنى تجارى مكاتب (ارضى + اول )', 90, NULL, NULL, 'أبحث هنا', NULL, NULL, 1, 0, '1401567126.jpg', NULL, '2023-11-05 15:00:58', '2024-03-05 16:21:48'),
(55, 1, 2, 'G+2P+10 TYPICAL FLOOR+R', 'ارضى+2باركن+10 متكرر+روف', 55, NULL, NULL, '1 بوليفارد الشيخ محمد بن راشد - وسط مدينة دبي - دبي - الإمارات العربية المتحدة', '25.0797836', '55.1865825', 1, 0, '524752066.jpg', NULL, '2023-11-05 15:03:46', '2024-07-05 12:19:29'),
(56, 1, 2, '2B+G+20+1R', '2سرداب+ارضى+20+روف', 60, NULL, NULL, '1 بوليفارد الشيخ محمد بن راشد - وسط مدينة دبي - دبي - الإمارات العربية المتحدة', '25.197197', '55.27437639', 1, 0, '1946308537.jpg', NULL, '2023-11-05 15:06:24', '2024-07-05 12:19:04'),
(57, 3, 2, 'G+1', 'مبنى تجاري', 95, '<p>مبنى تجاري*(G+1)</p>', '<p>G+1</p>', 'الصجعة الصناعية - إمارة الشارقةّ - الإمارات العربية المتحدة', '25.3171535', '55.6330992', 0, 0, '625151255.jpg', NULL, '2024-07-10 20:37:27', '2024-07-11 11:12:12'),
(58, 1, 2, 'G+4P+13TYP', 'G+4P+13TYP', 80, '<p>G+4P+13TYP</p>', '<p>G+4P+13TYP</p>', 'JVC - دبي - الإمارات العربية المتحدة', '25.0608609', '55.2088007', 1, 0, '444674017.jpg', NULL, '2024-07-10 20:39:36', '2024-07-10 21:45:53'),
(59, 1, 2, 'G+3P+14TYP+ROOF', 'أرضى +3 مواقف+14+سطح', 96, '<p>أرضى +3 مواقف+14+سطح</p>', '<p>G+3P+14TYP+ROOF</p>', 'Al Jaddaf - Dubai - دبي - الإمارات العربية المتحدة', '25.216757', '55.3309395', 1, 0, '1163012073.jpg', NULL, '2024-07-10 20:44:22', '2024-07-10 21:45:45'),
(60, 1, 2, 'G+2P+15F+R', 'G+2P+15F+R', 70, '<p>RESEDENTAIL-APARTMENT+COMMERICAL RETAIL</p>', '<p>RESEDENTAIL-APARTMENT+COMMERICAL RETAIL</p>', 'Dubai - دبي - الإمارات العربية المتحدة', '25.2048493', '55.2707828', 1, 0, '777578430.jpg', NULL, '2024-07-10 20:46:59', '2024-07-10 21:45:38'),
(61, 3, 2, 'G+6P+1ST FLR+(HC+S.POOL)+34TYP+1TECH FLR', 'G+6P+1ST FLR+(HC+S.POOL)+34TYP+1TECH FLR', 60, '<p>G+6P+1ST FLR+(HC+S.POOL)+34TYP+1TECH FLR</p>', '<p>G+6P+1ST FLR+(HC+S.POOL)+34TYP+1TECH FLR</p>', 'Al Khan - Sharjah - إمارة الشارقةّ - الإمارات العربية المتحدة', '25.3186829', '55.3742459', 1, 0, '794591681.jpg', NULL, '2024-07-10 20:49:57', '2024-07-10 21:45:32'),
(62, 3, 2, 'B+6P+HC+39TYP+SERV', 'تجاريه سكنيه(سرداب+ارضى+6مواقف+طابق صحى+39طابق+طابق خدمات', 70, '<p>تجاريه سكنيه(سرداب+ارضى+6مواقف+طابق صحى+39طابق+طابق خدمات</p>', '<p>B+6P+HC+39TYP+SERV</p>', 'Shop # 7, Matajer Mall, Next to Sharjah University, Juraina - الجرينة 1 - إمارة الشارقةّ - الإمارات العربية المتحدة', '25.2962639', '55.4892446', 1, 1, '26650200.jpg', NULL, '2024-07-10 20:55:34', '2024-07-19 18:14:21'),
(63, 1, 2, '3B+G+1M+34+1R', '3B+G+1M+34+1R', 20, '<p>3B+G+1M+34+1R</p>', '<p>3B+G+1M+34+1R</p>', 'Burj Khalifa - بوليفارد الشيخ محمد بن راشد - دبي - الإمارات العربية المتحدة', '25.197197', '55.27437639999999', 1, 0, '1756811986.jpg', NULL, '2024-07-10 20:57:38', '2024-07-10 21:45:09'),
(64, 1, 2, 'B+G+M+4P+55+R', 'B+G+M+4P+55+R', 10, '<p>B+G+M+4P+55+R</p>', '<p>B+G+M+4P+55+R</p>', 'Burj Khalifa - بوليفارد الشيخ محمد بن راشد - دبي - الإمارات العربية المتحدة', '25.197197', '55.27437639999999', 1, 1, '1974721104.jpg', NULL, '2024-07-10 21:01:22', '2024-07-10 21:44:52'),
(65, 1, 2, 'B+4P++47FLOORS', 'B+4P++47FLOORS', 40, '<p>B+4P++47FLOORS</p>', '<p>B+4P++47FLOORS</p>', 'Burj Khalifa - بوليفارد الشيخ محمد بن راشد - دبي - دبي - الإمارات العربية المتحدة', '25.197197', '55.27437639999999', 1, 1, '1946582153.jpg', NULL, '2024-07-10 21:05:59', '2024-07-10 21:41:27'),
(66, 1, 2, 'G+3P+28FLOOR', 'G+3P+28FLOOR', 40, '<p>COMMERCIAL &amp; RESIDENTIAL BUILDING</p>', '<p>COMMERCIAL &amp; RESIDENTIAL BUILDING</p>', 'Business Bay - دبي - الإمارات العربية المتحدة', '25.1815668', '55.27151019999999', 1, 1, '1725199168.jpg', NULL, '2024-07-10 21:12:07', '2024-07-10 21:41:08'),
(67, 1, 2, 'B+G+3+R', 'سرداب+طابق ارضى+3 +سقف', 99, '<p>سرداب+طابق ارضى+3 +سقف</p>', '<p>B+G+3+R</p>', 'Al Quoz 4th Track - دبي - الإمارات العربية المتحدة', '25.1551468', '55.2480072', 1, 0, '229687238.jpg', NULL, '2024-07-10 21:23:34', '2024-07-10 21:40:56'),
(68, 1, 2, 'G+6+R', 'G+6+R', 99, '<p>G+6+R</p>', '<p>G+6+R</p>', '2 Al Fayah Truck Road - Seih Shuaib - أبو ظبي - الإمارات العربية المتحدة', '24.8548495', '55.0103138', 1, 0, '1413806609.jpg', NULL, '2024-07-10 21:26:06', '2024-07-10 21:40:39'),
(69, 1, 2, 'B+G+5P+18+R', 'B+G+5P+18+R', 85, '<p>B+G+5P+18+R</p>', '<p>B+G+5P+18+R</p>', 'JVC - دبي - الإمارات العربية المتحدة', '25.0608609', '55.2088007', 1, 0, '2101007055.jpg', NULL, '2024-07-10 21:29:30', '2024-07-10 21:40:33'),
(70, 1, 2, 'G+P+6', 'G+P+6', 85, '<p>G+P+6</p>', '<p>G+P+6</p>', 'JVC - دبي - الإمارات العربية المتحدة', '25.0608609', '55.2088007', 1, 0, '1835611091.jpg', NULL, '2024-07-10 21:30:52', '2024-07-10 21:40:28'),
(71, 1, 2, 'G+4P+20F+R', 'G+4P+20F+R', 40, '<p>G+4P+20F+R</p>', '<p>G+4P+20F+R</p>', 'Jumeirah Village Circle - قرية جميرا - دبي - الإمارات العربية المتحدة', '25.2049', '55.271', 1, 1, '118328756.jpg', NULL, '2024-07-10 21:39:37', '2024-07-16 10:13:00');

-- --------------------------------------------------------

--
-- Table structure for table `projects_categories`
--

CREATE TABLE `projects_categories` (
  `id` bigint(20) UNSIGNED NOT NULL,
  `name_en` varchar(255) NOT NULL,
  `name_ar` varchar(255) NOT NULL,
  `status` varchar(255) NOT NULL DEFAULT '0' COMMENT '0=>Inactive,1=>Active',
  `deleted_at` timestamp NULL DEFAULT NULL,
  `created_at` timestamp NULL DEFAULT NULL,
  `updated_at` timestamp NULL DEFAULT NULL
) ENGINE=InnoDB DEFAULT CHARSET=utf8mb4 COLLATE=utf8mb4_unicode_ci;

--
-- Dumping data for table `projects_categories`
--

INSERT INTO `projects_categories` (`id`, `name_en`, `name_ar`, `status`, `deleted_at`, `created_at`, `updated_at`) VALUES
(1, 'Villa', 'فيلا', '1', NULL, '2023-04-17 06:02:47', '2023-06-27 17:31:18'),
(2, 'Residential building', 'مبنى سكنى', '1', NULL, '2023-04-17 06:03:22', '2023-04-18 01:47:13'),
(3, 'G+4', 'ارضى واربعة', '0', '2023-04-18 01:45:37', '2023-04-17 06:03:45', '2023-04-18 01:45:37'),
(4, 'Mosque', 'مسجد', '1', NULL, '2023-06-27 17:30:11', '2023-06-27 17:33:21'),
(5, 'Mall', 'مول', '0', NULL, '2023-06-27 17:30:49', '2024-07-05 12:33:46'),
(6, 'Hospital', 'مستشفى', '0', NULL, '2023-06-27 17:32:27', '2024-07-05 12:33:41'),
(7, 'School', 'مدرسة', '0', NULL, '2023-06-27 17:33:05', '2024-07-05 12:34:18');

-- --------------------------------------------------------

--
-- Table structure for table `project_photos`
--

CREATE TABLE `project_photos` (
  `id` bigint(20) UNSIGNED NOT NULL,
  `project_id` bigint(20) UNSIGNED DEFAULT NULL,
  `photo` varchar(255) NOT NULL,
  `status` smallint(6) NOT NULL DEFAULT 0 COMMENT '0=>Inactive, 1=>Active',
  `deleted_at` timestamp NULL DEFAULT NULL,
  `created_at` timestamp NULL DEFAULT NULL,
  `updated_at` timestamp NULL DEFAULT NULL
) ENGINE=InnoDB DEFAULT CHARSET=utf8mb4 COLLATE=utf8mb4_unicode_ci;

--
-- Dumping data for table `project_photos`
--

INSERT INTO `project_photos` (`id`, `project_id`, `photo`, `status`, `deleted_at`, `created_at`, `updated_at`) VALUES
(44, 39, '1697844160.jpg', 0, NULL, '2023-10-08 06:20:42', '2023-10-08 06:20:42'),
(46, 38, '1575731124.jpg', 0, NULL, '2023-10-08 06:23:44', '2023-10-08 06:23:44'),
(47, 37, '20383274.jpg', 0, NULL, '2023-10-08 06:24:28', '2023-10-08 06:24:28'),
(48, 36, '1558099725.jpg', 0, NULL, '2023-10-08 06:25:15', '2023-10-08 06:25:15'),
(49, 35, '25875703.jpg', 0, NULL, '2023-10-08 06:25:59', '2023-10-08 06:25:59'),
(51, 33, '1140234542.jpg', 0, NULL, '2023-10-08 06:27:24', '2023-10-08 06:27:24'),
(52, 32, '592985463.jpg', 0, NULL, '2023-10-08 06:28:48', '2023-10-08 06:28:48'),
(53, 31, '2142174188.jpg', 0, NULL, '2023-10-08 06:31:52', '2023-10-08 06:31:52'),
(54, 30, '1134108760.jpg', 0, NULL, '2023-10-08 06:32:46', '2023-10-08 06:32:46'),
(55, 29, '1694522197.jpg', 0, NULL, '2023-10-08 06:33:53', '2023-10-08 06:33:53'),
(56, 28, '931159259.jpg', 0, NULL, '2023-10-08 06:35:22', '2023-10-08 06:35:22'),
(58, 27, '1882427351.jpg', 0, NULL, '2023-10-08 06:37:03', '2023-10-08 06:37:03'),
(59, 26, '1185902250.jpg', 0, NULL, '2023-10-08 06:38:13', '2023-10-08 06:38:13'),
(60, 22, '1387385975.jpg', 0, NULL, '2023-10-08 06:39:03', '2023-10-08 06:39:03'),
(61, 21, '333740145.jpg', 0, NULL, '2023-10-08 06:39:40', '2023-10-08 06:39:40'),
(62, 20, '682416966.jpg', 0, NULL, '2023-10-08 06:40:28', '2023-10-08 06:40:28'),
(63, 19, '1341014044.jpg', 0, NULL, '2023-10-08 06:41:33', '2023-10-08 06:41:33'),
(64, 16, '1832842839.jpg', 0, NULL, '2023-10-08 06:42:24', '2023-10-08 06:42:24'),
(65, 15, '627979946.jpg', 0, NULL, '2023-10-08 06:43:17', '2023-10-08 06:43:17'),
(66, 40, '1316467152.jpg', 0, NULL, '2023-10-08 06:50:02', '2023-10-08 06:50:02'),
(67, 41, '782172447.jpg', 0, NULL, '2023-10-08 06:53:37', '2023-10-08 06:53:37'),
(68, 42, '312076622.jpg', 0, NULL, '2023-10-08 07:01:38', '2023-10-08 07:01:38'),
(69, 43, '658919412.jpg', 0, NULL, '2023-10-08 07:04:08', '2023-10-08 07:04:08'),
(70, 44, '279339500.jpg', 0, NULL, '2023-10-08 07:12:12', '2023-10-08 07:12:12'),
(71, 45, '56344063.jpg', 0, NULL, '2023-10-08 07:16:57', '2023-10-08 07:16:57'),
(72, 46, '217494662.jpg', 0, NULL, '2023-10-08 07:23:10', '2023-10-08 07:23:10'),
(73, 48, '1945872860.jpg', 0, NULL, '2023-10-08 08:04:11', '2023-10-08 08:04:11'),
(74, 49, '826572385.jpg', 0, NULL, '2023-10-08 08:09:46', '2023-10-08 08:09:46'),
(76, 34, '384189847.jpg', 0, NULL, '2023-10-25 02:04:26', '2023-10-25 02:04:26'),
(78, 51, '1314073016.jpg', 0, NULL, '2023-11-05 14:50:17', '2023-11-05 14:50:17'),
(79, 52, '672442389.jpg', 0, NULL, '2023-11-05 14:53:02', '2023-11-05 14:53:02'),
(80, 53, '2087185747.jpg', 0, NULL, '2023-11-05 14:59:04', '2023-11-05 14:59:04'),
(81, 54, '1401567126.jpg', 0, NULL, '2023-11-05 15:01:26', '2023-11-05 15:01:26'),
(82, 55, '524752066.jpg', 0, NULL, '2023-11-05 15:04:12', '2023-11-05 15:04:12'),
(83, 56, '1946308537.jpg', 0, NULL, '2023-11-05 15:06:40', '2023-11-05 15:06:40'),
(84, 57, '625151255.jpg', 0, NULL, '2024-07-10 20:38:01', '2024-07-10 20:38:01'),
(85, 58, '444674017.jpg', 0, NULL, '2024-07-10 20:40:08', '2024-07-10 20:40:08'),
(86, 59, '1163012073.jpg', 0, NULL, '2024-07-10 20:44:46', '2024-07-10 20:44:46'),
(87, 60, '777578430.jpg', 0, NULL, '2024-07-10 20:47:42', '2024-07-10 20:47:42'),
(88, 61, '794591681.jpg', 0, NULL, '2024-07-10 20:50:15', '2024-07-10 20:50:15'),
(89, 62, '26650200.jpg', 0, NULL, '2024-07-10 20:55:48', '2024-07-10 20:55:48'),
(90, 63, '1756811986.jpg', 0, NULL, '2024-07-10 20:58:18', '2024-07-10 20:58:18'),
(91, 64, '1974721104.jpg', 0, NULL, '2024-07-10 21:03:22', '2024-07-10 21:03:22'),
(92, 65, '1946582153.jpg', 0, NULL, '2024-07-10 21:06:46', '2024-07-10 21:06:46'),
(93, 66, '1725199168.jpg', 0, NULL, '2024-07-10 21:12:28', '2024-07-10 21:12:28'),
(94, 67, '229687238.jpg', 0, NULL, '2024-07-10 21:23:51', '2024-07-10 21:23:51'),
(95, 68, '1413806609.jpg', 0, NULL, '2024-07-10 21:26:19', '2024-07-10 21:26:19'),
(96, 69, '2101007055.jpg', 0, NULL, '2024-07-10 21:29:50', '2024-07-10 21:29:50'),
(97, 70, '1835611091.jpg', 0, NULL, '2024-07-10 21:38:51', '2024-07-10 21:38:51'),
(98, 71, '118328756.jpg', 0, NULL, '2024-07-10 21:39:50', '2024-07-10 21:39:50');

-- --------------------------------------------------------

--
-- Table structure for table `roles`
--

CREATE TABLE `roles` (
  `id` bigint(20) UNSIGNED NOT NULL,
  `name` varchar(255) NOT NULL,
  `guard_name` varchar(255) NOT NULL,
  `created_at` timestamp NULL DEFAULT NULL,
  `updated_at` timestamp NULL DEFAULT NULL
) ENGINE=InnoDB DEFAULT CHARSET=utf8mb4 COLLATE=utf8mb4_unicode_ci;

--
-- Dumping data for table `roles`
--

INSERT INTO `roles` (`id`, `name`, `guard_name`, `created_at`, `updated_at`) VALUES
(1, 'Owner', 'web', '2023-03-29 17:30:09', '2023-03-29 17:30:09'),
(2, 'Admin', 'web', '2023-04-03 05:08:35', '2023-04-03 16:03:26'),
(3, 'Company', 'web', '2023-04-04 22:33:36', '2023-04-04 22:33:52'),
(4, 'Person', 'web', '2023-05-15 23:12:39', '2023-05-15 23:12:39'),
(5, 'admin keshk', 'web', '2023-06-02 16:56:38', '2023-06-02 16:56:38'),
(6, 'Vido adds', 'web', '2024-02-07 02:52:02', '2024-07-22 18:50:55');

-- --------------------------------------------------------

--
-- Table structure for table `role_has_permissions`
--

CREATE TABLE `role_has_permissions` (
  `permission_id` bigint(20) UNSIGNED NOT NULL,
  `role_id` bigint(20) UNSIGNED NOT NULL
) ENGINE=InnoDB DEFAULT CHARSET=utf8mb4 COLLATE=utf8mb4_unicode_ci;

--
-- Dumping data for table `role_has_permissions`
--

INSERT INTO `role_has_permissions` (`permission_id`, `role_id`) VALUES
(1, 1),
(2, 1),
(3, 1),
(4, 1),
(5, 1),
(5, 2),
(6, 1),
(7, 1),
(8, 1),
(9, 1),
(10, 1),
(11, 1),
(12, 1),
(13, 1),
(14, 1),
(15, 1),
(16, 1),
(17, 1),
(17, 3),
(17, 4),
(17, 5),
(18, 1),
(18, 5),
(19, 1),
(19, 5),
(20, 1),
(20, 5),
(21, 1),
(21, 5),
(22, 1),
(22, 5),
(23, 1),
(23, 5),
(24, 1),
(25, 1),
(26, 1),
(27, 1),
(28, 1),
(29, 1),
(30, 1),
(31, 1),
(32, 1),
(33, 1),
(34, 1),
(35, 1),
(36, 1),
(36, 5),
(37, 1),
(37, 5),
(38, 1),
(38, 5),
(39, 1),
(39, 5),
(40, 1),
(40, 5),
(41, 1),
(41, 5),
(42, 1),
(43, 1),
(44, 1),
(45, 1),
(46, 1),
(47, 1),
(48, 1),
(49, 1),
(49, 5),
(50, 1),
(50, 5),
(51, 1),
(51, 5),
(52, 1),
(52, 5),
(53, 1),
(53, 5),
(54, 1),
(54, 5),
(55, 1),
(55, 5),
(56, 1),
(56, 5),
(57, 1),
(57, 5),
(58, 1),
(58, 5),
(59, 1),
(59, 5),
(60, 1),
(61, 1),
(61, 6),
(62, 1),
(63, 1),
(64, 1),
(65, 1),
(66, 1),
(66, 6),
(67, 1),
(68, 1),
(69, 1);

-- --------------------------------------------------------

--
-- Table structure for table `sections`
--

CREATE TABLE `sections` (
  `id` bigint(20) UNSIGNED NOT NULL,
  `name_en` varchar(255) NOT NULL,
  `name_ar` varchar(255) NOT NULL,
  `status` smallint(6) NOT NULL DEFAULT 0 COMMENT '0=>Inactive, 1=>Active',
  `deleted_at` timestamp NULL DEFAULT NULL,
  `created_at` timestamp NULL DEFAULT NULL,
  `updated_at` timestamp NULL DEFAULT NULL
) ENGINE=InnoDB DEFAULT CHARSET=utf8mb4 COLLATE=utf8mb4_unicode_ci;

--
-- Dumping data for table `sections`
--

INSERT INTO `sections` (`id`, `name_en`, `name_ar`, `status`, `deleted_at`, `created_at`, `updated_at`) VALUES
(1, 'CONSULTANTS', 'الاستشاريون', 1, NULL, '2023-04-02 23:29:23', '2023-04-04 03:09:16'),
(2, 'CONTRACTORS', 'المقاولون', 1, NULL, '2023-04-02 23:29:59', '2023-04-04 03:10:16'),
(3, 'SUB CONTRACTORS', 'مقاولون الباطن', 1, NULL, '2023-04-02 23:30:26', '2023-04-04 03:10:26'),
(4, 'SUPPLIERS', 'الموردون', 1, NULL, '2023-04-02 23:30:56', '2023-04-02 23:42:28'),
(5, 'BUILDING MATERIALS', 'مواد البناء', 1, NULL, '2023-04-02 23:31:18', '2023-04-04 03:10:31'),
(6, 'REAL ESTATE AND LANDS', 'عقارات و أراضى', 1, NULL, '2023-04-02 23:32:20', '2024-08-26 10:58:00'),
(7, 'INTERIOR DESIGN DECOR', 'التصميم الداخلى و الديكور', 1, NULL, '2023-04-02 23:33:00', '2024-08-26 10:57:40');

-- --------------------------------------------------------

--
-- Table structure for table `single_video`
--

CREATE TABLE `single_video` (
  `id` bigint(20) UNSIGNED NOT NULL,
  `link` varchar(255) NOT NULL,
  `cover` varchar(255) NOT NULL,
  `deleted_at` timestamp NULL DEFAULT NULL,
  `created_at` timestamp NULL DEFAULT NULL,
  `updated_at` timestamp NULL DEFAULT NULL
) ENGINE=InnoDB DEFAULT CHARSET=utf8mb4 COLLATE=utf8mb4_unicode_ci;

--
-- Dumping data for table `single_video`
--

INSERT INTO `single_video` (`id`, `link`, `cover`, `deleted_at`, `created_at`, `updated_at`) VALUES
(1, 'https://www.youtube.com/embed/9bFWiBhl1zQ?si=6pRYk-JXWwCMDdKh', '578021155.png', NULL, NULL, '2024-07-17 13:49:36');

-- --------------------------------------------------------

--
-- Table structure for table `sizes`
--

CREATE TABLE `sizes` (
  `id` bigint(20) UNSIGNED NOT NULL,
  `title` varchar(255) NOT NULL,
  `width` smallint(6) NOT NULL,
  `height` smallint(6) NOT NULL,
  `status` smallint(6) NOT NULL DEFAULT 0,
  `deleted_at` timestamp NULL DEFAULT NULL,
  `created_at` timestamp NULL DEFAULT NULL,
  `updated_at` timestamp NULL DEFAULT NULL
) ENGINE=InnoDB DEFAULT CHARSET=utf8mb4 COLLATE=utf8mb4_unicode_ci;

--
-- Dumping data for table `sizes`
--

INSERT INTO `sizes` (`id`, `title`, `width`, `height`, `status`, `deleted_at`, `created_at`, `updated_at`) VALUES
(1, 'top-left', 650, 200, 1, NULL, '2023-05-10 21:28:04', '2023-05-10 21:28:09'),
(2, 'top-right', 450, 200, 1, NULL, '2023-05-10 21:28:29', '2023-05-10 21:28:59'),
(3, 'second row', 350, 200, 1, NULL, '2023-05-10 21:28:54', '2023-05-10 21:29:04'),
(4, 'Important For You', 250, 428, 1, NULL, '2023-05-11 10:20:47', '2023-06-02 20:33:23'),
(5, 'special for you', 1116, 391, 1, NULL, '2023-05-11 10:26:26', '2023-06-02 20:04:12');

-- --------------------------------------------------------

--
-- Table structure for table `subscriptions`
--

CREATE TABLE `subscriptions` (
  `id` bigint(20) UNSIGNED NOT NULL,
  `user_id` bigint(20) UNSIGNED DEFAULT NULL,
  `package_id` bigint(20) UNSIGNED DEFAULT NULL,
  `started_at` varchar(255) DEFAULT NULL,
  `ended_at` varchar(255) DEFAULT NULL,
  `status` smallint(6) NOT NULL DEFAULT 0 COMMENT '0=>Inactive, 1=>Active',
  `pay_status` smallint(6) NOT NULL DEFAULT 0 COMMENT '0=>Unpaid,1=>Paid',
  `paid_amount` double NOT NULL DEFAULT 0,
  `trans_no` varchar(255) DEFAULT NULL,
  `deleted_at` timestamp NULL DEFAULT NULL,
  `created_at` timestamp NULL DEFAULT NULL,
  `updated_at` timestamp NULL DEFAULT NULL
) ENGINE=InnoDB DEFAULT CHARSET=utf8mb4 COLLATE=utf8mb4_unicode_ci;

--
-- Dumping data for table `subscriptions`
--

INSERT INTO `subscriptions` (`id`, `user_id`, `package_id`, `started_at`, `ended_at`, `status`, `pay_status`, `paid_amount`, `trans_no`, `deleted_at`, `created_at`, `updated_at`) VALUES
(4, 71, 1, '2023-06-02 14:51:00', '2023-06-02 16:16:37', 0, 0, 0, NULL, NULL, '2023-06-02 20:51:00', '2023-06-02 22:16:37'),
(5, 71, 1, '2023-06-02 16:16:37', '2028-06-02 16:16:37', 1, 0, 0, NULL, NULL, '2023-06-02 22:16:37', '2023-06-02 22:16:37'),
(8, 123, 1, '2023-06-18 14:21:59', '2028-06-18 14:21:59', 1, 0, 0, NULL, '2023-06-18 20:27:28', '2023-06-18 20:21:59', '2023-06-18 20:27:28'),
(9, 128, 1, '2023-06-19 11:55:05', '2028-06-19 11:55:05', 1, 0, 0, NULL, NULL, '2023-06-19 17:55:05', '2023-06-19 17:55:05'),
(10, 137, 1, '2023-07-16 07:50:22', '2028-07-16 07:50:22', 1, 0, 0, NULL, '2023-10-25 02:40:51', '2023-07-16 13:50:22', '2023-10-25 02:40:51'),
(11, 142, 1, '2023-09-23 14:03:09', '2028-09-23 14:03:09', 1, 0, 0, NULL, NULL, '2023-09-23 20:03:09', '2023-09-23 20:03:09'),
(12, 143, 1, '2023-09-24 13:51:25', '2028-09-24 13:51:25', 1, 0, 0, NULL, NULL, '2023-09-24 19:51:25', '2023-09-24 19:51:25'),
(13, 194, 1, '2023-11-03 22:36:14', '2028-11-03 22:36:14', 1, 0, 0, NULL, NULL, '2023-11-04 04:36:14', '2023-11-04 04:36:14'),
(14, 208, 1, '2023-11-12 21:35:21', '2028-11-12 21:35:21', 1, 0, 0, NULL, NULL, '2023-11-13 04:35:21', '2023-11-13 04:35:21'),
(15, 236, 1, '2024-01-26 07:39:58', '2029-01-26 07:39:58', 1, 0, 0, NULL, NULL, '2024-01-26 14:39:58', '2024-01-26 14:39:58'),
(16, 241, 1, '2024-03-25 22:35:45', '2029-03-25 22:35:45', 1, 0, 0, NULL, NULL, '2024-03-26 04:35:45', '2024-03-26 04:35:45'),
(17, 244, 1, '2024-07-16 15:12:41', '2029-07-16 15:12:41', 1, 0, 0, NULL, NULL, '2024-07-16 19:12:41', '2024-07-16 19:12:41'),
(18, 246, 1, '2024-08-17 10:03:39', '2029-08-17 10:03:39', 1, 0, 0, NULL, NULL, '2024-08-17 14:03:39', '2024-08-17 14:03:39'),
(19, 277, 1, '2024-08-30 15:02:27', '2029-08-30 15:02:27', 1, 0, 0, NULL, NULL, '2024-08-30 19:02:27', '2024-08-30 19:02:27');

-- --------------------------------------------------------

--
-- Table structure for table `units`
--

CREATE TABLE `units` (
  `id` bigint(20) UNSIGNED NOT NULL,
  `name_en` varchar(255) NOT NULL,
  `name_ar` varchar(255) NOT NULL,
  `status` smallint(6) NOT NULL DEFAULT 0 COMMENT '0=>Inactive,1=>Active',
  `deleted_at` timestamp NULL DEFAULT NULL,
  `created_at` timestamp NULL DEFAULT NULL,
  `updated_at` timestamp NULL DEFAULT NULL
) ENGINE=InnoDB DEFAULT CHARSET=utf8mb4 COLLATE=utf8mb4_unicode_ci;

--
-- Dumping data for table `units`
--

INSERT INTO `units` (`id`, `name_en`, `name_ar`, `status`, `deleted_at`, `created_at`, `updated_at`) VALUES
(1, 'month', 'شهر', 1, NULL, '2023-04-28 03:39:55', '2023-04-28 03:43:40'),
(2, 'year', 'سنه', 1, NULL, '2023-04-28 03:40:28', '2023-04-28 03:43:35'),
(3, 'Kilograms', 'كيلوجرام', 1, NULL, '2023-04-28 03:41:04', '2023-04-28 03:43:30'),
(4, 'ton', 'طن', 1, NULL, '2023-04-28 03:41:18', '2023-04-28 03:43:25'),
(5, 'piece', 'قطعة', 1, NULL, '2023-04-28 03:42:10', '2023-04-28 03:43:20'),
(6, 'Bag', 'كيس', 1, NULL, '2023-05-02 08:04:36', '2023-05-02 08:04:42'),
(7, 'Meter', 'متر', 1, NULL, '2023-05-02 08:05:23', '2023-10-12 03:59:06');

-- --------------------------------------------------------

--
-- Table structure for table `users`
--

CREATE TABLE `users` (
  `id` bigint(20) UNSIGNED NOT NULL,
  `name` varchar(255) NOT NULL,
  `email` varchar(255) NOT NULL,
  `phone` varchar(255) DEFAULT NULL,
  `role_name` varchar(255) NOT NULL,
  `status` smallint(6) NOT NULL DEFAULT 1 COMMENT '0=>Inactive, 1=>Active',
  `approval` smallint(6) NOT NULL DEFAULT 0 COMMENT '0=>Not Approve, 1=>Approved',
  `profile_pic` varchar(255) DEFAULT NULL,
  `email_verified_at` timestamp NULL DEFAULT NULL,
  `password` varchar(255) NOT NULL,
  `remember_token` varchar(100) DEFAULT NULL,
  `created_at` timestamp NULL DEFAULT NULL,
  `updated_at` timestamp NULL DEFAULT NULL,
  `deleted_at` timestamp NULL DEFAULT NULL
) ENGINE=InnoDB DEFAULT CHARSET=utf8mb4 COLLATE=utf8mb4_unicode_ci;

--
-- Dumping data for table `users`
--

INSERT INTO `users` (`id`, `name`, `email`, `phone`, `role_name`, `status`, `approval`, `profile_pic`, `email_verified_at`, `password`, `remember_token`, `created_at`, `updated_at`, `deleted_at`) VALUES
(1, 'Mohamed Ibrahim', 'admin@admin.com', NULL, 'Owner', 1, 0, NULL, NULL, '$2y$10$.wdLjo45gyzqsNnhsOVyUucE0R2srRvxFto7.OQYusOTxw/pdNaoS', 'WJD4QceuQ2rLH08mzbNaYgd2Lf5opa8jiykb6493xugIaSZ3F0SCEiLlvsen', '2023-03-29 17:30:09', '2023-03-29 17:30:09', NULL),
(3, 'test', 'test01@gmail.com', NULL, 'Company', 0, 0, '576059970.jpg', NULL, '$2y$10$JtN/JGvG2tBX39u5XNIMQOfcdd.7z595STnzWOSEm9Ri/o5UGa9jW', NULL, '2023-04-06 15:32:34', '2023-05-25 03:45:14', '2023-05-25 03:45:14'),
(4, 'Sharjah Engineering Consultants', 'shjeng@eim.ae', NULL, 'Company', 0, 1, '1073912874.jpg', NULL, '$2y$10$lRIDawqCmzMoNVfY8mg5/.VMDNeZD3bP/ZLXPY8RCsPot5adsLqOW', NULL, '2023-04-08 16:08:37', '2023-06-18 21:45:46', NULL),
(5, 'test tt', 'test3@gmail.com', NULL, 'Company', 0, 0, '1546672191.jpg', NULL, '$2y$10$8c.ls4s9oJ3YpT1wWOceL.BIDy7Pz2J0TVAaVUklwioc3uwtvfica', NULL, '2023-04-09 01:03:14', '2023-05-25 03:45:23', '2023-05-25 03:45:23'),
(6, 'testttt', 'TEST144@GMAIL.COM', NULL, 'Company', 0, 0, '448506397.jpg', NULL, '$2y$10$/hXGerUUeB/VoEzjUSb3peL0yXltvl8r0.hqd2IHE01oAQ6EiNwaK', NULL, '2023-04-09 01:05:48', '2023-05-25 03:46:14', '2023-05-25 03:46:14'),
(7, 'new', 'test33@gmail.com', NULL, 'Company', 0, 0, '802586259.jpg', NULL, '$2y$10$kUkMKW7jHhupspmm0oaDreQvH1pnthYYwrRQkBwe5kNMpqsNY1rZa', NULL, '2023-04-09 01:09:43', '2023-05-25 03:46:27', '2023-05-25 03:46:27'),
(8, 'Neww', 'test333@gmail.com', NULL, 'Company', 0, 0, '926443686.png', NULL, '$2y$10$LCBAJZVgywo1LrtlV/hV9O3wzf7U2BTx7ZpBGrHK/.9ZxX4lr3uMG', NULL, '2023-04-09 01:11:12', '2023-05-25 03:45:30', '2023-05-25 03:45:30'),
(9, 'Newww', 'TEST011@GMAIL.COM', NULL, 'Company', 0, 0, '751298463.jpg', NULL, '$2y$10$W561mzSWaMIDWJbiXnvhOum3IeEMn5.cKJtGkN6wl1FY79LSK6GiO', NULL, '2023-04-09 01:12:49', '2023-05-25 03:59:37', '2023-05-25 03:59:37'),
(10, 'CONSULTANTS', 'TEST101@GMAIL.COM', NULL, 'Company', 0, 0, '1465077547.jpeg', NULL, '$2y$10$KKqWC2WtOX4Ag9iKjhyk5.CB60T5RH3QTRPxGFcgKLbf7DnbRCgeq', NULL, '2023-04-09 01:15:30', '2023-05-25 03:45:40', '2023-05-25 03:45:40'),
(11, 'CONTRACTORS', 'TEST11@GMAIL.COM', NULL, 'Company', 0, 0, '363336310.jpg', NULL, '$2y$10$HxkiAPilVvVWajTZ0OA8t.0.kA40DFw8.EXbQEKc6Jw8WtGJ3Eyle', NULL, '2023-04-13 01:10:03', '2023-05-25 03:46:38', '2023-05-25 03:46:38'),
(12, 'equipments', 'test53@gmail.com', NULL, 'Company', 0, 0, '1187075055.jpg', NULL, '$2y$10$FC1MMLDIq3BoUUCs.kiBGuiAboHvqNREvVSI.1OnzZujtaVVk1t1y', NULL, '2023-04-17 05:51:57', '2023-05-25 03:46:04', '2023-05-25 03:46:04'),
(13, 'sharjah engineering consu company', 'consul1@gmail.com', NULL, 'Company', 0, 0, '1567232460.jpg', NULL, '$2y$10$8adfmuhOagbIKN1yuG2VxupB2dwBHbML/EgYVwjP7z87Dnr31Dk2i', NULL, '2023-04-19 05:25:48', '2023-05-25 03:45:51', '2023-05-25 03:45:51'),
(14, 'Al Shaheen Real-estate', 'alshaheen.realestate@gmail.com', NULL, 'Company', 0, 1, '918581997.jpg', NULL, '$2y$10$5/1d3R3NdbC8oOSvLF9dTehV0upKKVS9SEN43G0BaoegKmpxUmLny', NULL, '2023-04-23 15:13:06', '2023-06-18 21:46:07', NULL),
(15, 'AL Rayess Real Estate LLC', 'sunproreraty.ua@gmail.com', NULL, 'Company', 0, 1, '900193443.jpg', NULL, '$2y$10$Ky4aYqVQBR5scdlujIb.OO0TRp/TeDFU7cuapQ5dwpuw0dJoteFp.', NULL, '2023-04-23 15:27:25', '2023-06-18 21:46:20', NULL),
(16, 'AQUA Properties', 'info@aquaproperties.com', NULL, 'Company', 0, 1, '1896277984.jpg', NULL, '$2y$10$at7kBCG7iG9kuxadOgolPeaFrJajhPMwZNPdhHxr8zopWsaa7ogWS', NULL, '2023-04-23 15:59:03', '2023-06-20 15:26:48', NULL),
(17, 'Enlighten Properties', 'info@enlightenproperties.ae', NULL, 'Company', 0, 1, '534880357.jpg', NULL, '$2y$10$YIwu9DRtj6XEoqNMpJL3o.p/lMYb8TWEvrd4klvKjqdJmJTQoMytG', NULL, '2023-04-23 16:15:31', '2023-06-20 15:26:42', NULL),
(18, 'Azco Real Estate', 'info@azcorealestate.ae', NULL, 'Company', 0, 1, '434794292.jpg', NULL, '$2y$10$BoYhXBrDrLOcvYvNvK.dyOipOGj3jg91Hgt8iTfyMV9PNKWgL/d3q', NULL, '2023-04-23 16:21:46', '2023-06-20 15:26:35', NULL),
(19, 'Union Square House Real Estate', 'info@ushre.com', NULL, 'Company', 0, 1, '590813510.jpg', NULL, '$2y$10$DQgfP0kgD6WFQHHgRcErFOCD7f6F7rMgKPSVgFLtjHHOmDWoh14Y2', NULL, '2023-04-23 16:29:04', '2023-06-20 15:26:29', NULL),
(20, 'Tilal Properties', 'info@tilalproperties.com', NULL, 'Company', 0, 1, '1862568806.png', NULL, '$2y$10$RKWNkmtjXMmIxAUgP8IX8e3oieTV.EtBlS.AiPBVMENUDLW6XxwYq', NULL, '2023-04-23 16:40:37', '2023-06-20 15:26:08', NULL),
(21, 'Dacha Real Estate', 'info@dacha.ae', NULL, 'Company', 0, 1, '1821649153.jpg', NULL, '$2y$10$4hUw8f5GwnO7vWQAb5Jgpuy4UtI3GOu5f3aJSInTNzJu..reI5deS', NULL, '2023-04-23 17:37:03', '2023-06-20 15:25:08', NULL),
(22, 'AJ Real Estate', 'Info@ajrealestate.ae', NULL, 'Company', 0, 1, '1010424590.jpg', NULL, '$2y$10$.ew5CaQ39j0XUSIxj9Oldu9ZU0qiTfkCO.Zm1WwuiUkrK6LoEWZMu', NULL, '2023-04-23 18:03:22', '2023-06-20 15:24:55', NULL),
(23, 'Real Choice', 'info@realchoicedubai.com', NULL, 'Company', 0, 1, '1074499813.png', NULL, '$2y$10$JzG7QOgxKxK.x/6b0eUmIOZSL9xwCvS/TOghRR7ePeCMmu7cyuuqS', NULL, '2023-04-23 18:13:53', '2023-06-20 15:23:21', NULL),
(24, 'Aqaar', 'info@aqaar.com', NULL, 'Company', 0, 1, '1652865022.jpg', NULL, '$2y$10$F6dknjtenPzKCZFX9ngQSeQf9mmQMF07a4t7NKhrFHgbAcvxVwsFa', NULL, '2023-04-23 18:26:02', '2023-06-20 15:23:10', NULL),
(25, 'Al Gurg office furniture', 'customercare@ofis.ae', NULL, 'Company', 0, 1, '676922819.jpg', NULL, '$2y$10$nQGi3wds.2X3vlsV2QUqTO0sbi56iFEgAg0BmiXsJZ9dFHE1KA.Gy', NULL, '2023-04-23 18:39:39', '2023-06-20 15:37:36', NULL),
(26, 'Trevi Design', 'info@trevi-design.com', NULL, 'Company', 0, 1, '723790972.jpg', NULL, '$2y$10$C3./Wjre1wLf1izmqIKqlOnU5mTHOz/bjfYg3Rd1OIEzgoE/lY0SW', NULL, '2023-04-23 19:05:14', '2023-06-20 15:37:23', NULL),
(27, 'Modern Emirates Furniture', 'modemirt@gmail.com', NULL, 'Company', 0, 1, '1071556962.jpg', NULL, '$2y$10$9WsEfpOpZS7aqqcDQ2Xa6ePvpHJ1SHvSOVgukJjW6LRYe0VXVsNRy', NULL, '2023-04-23 19:14:14', '2023-06-20 15:37:16', NULL),
(28, 'Royal Furniture', 'webstore@royalgroup.ae', NULL, 'Company', 1, 1, '840371397.jpg', NULL, '$2y$10$/iMVlHHuuRPm9yGM.jBFcelGjvBb7FDHyqkuT6x/9zdLmakNxCFca', NULL, '2023-04-23 19:21:00', '2024-08-26 10:56:56', NULL),
(29, 'High Moon', 'inquiry@highmoon.ae', NULL, 'Company', 1, 1, '843358843.jpg', NULL, '$2y$10$qzKTpDDldfpp/eZ7oqrxveYw9.chjuPQnPuM0BOkMJE8fDeQJNsWS', NULL, '2023-04-23 19:29:47', '2024-08-27 12:09:01', NULL),
(30, 'United Furniture', 'info@unitedfurnitureco.com', NULL, 'Company', 0, 1, '979707601.jpg', NULL, '$2y$10$mtWTPNXt9j9cqFZIx7Y4MOnC6yi1ykKalbaf5oqIB3ww7dIQQF9LS', NULL, '2023-04-23 19:34:32', '2023-06-20 15:36:53', NULL),
(31, 'GDM Interiors', 'info@gdminteriors.com', NULL, 'Company', 0, 1, '2037777074.jpg', NULL, '$2y$10$vd9jjGzABvzMAaTnGXfXxuwIW2Itewi1K7TwIzIw6/9m8MC0QBT7i', NULL, '2023-04-23 20:53:57', '2023-06-20 15:36:47', NULL),
(32, 'AUJAN', 'admin@aujandubai.com', NULL, 'Company', 0, 1, '1688258362.jpg', NULL, '$2y$10$CcbjZIqYmbYecRV/O2ZH8OsVX1ap77h9O2xWS0LxnGN7U/9cSlZk6', NULL, '2023-04-23 20:59:57', '2023-06-20 15:36:38', NULL),
(33, 'CEMEX', 'socialmedia.ae@cemex.com', NULL, 'Company', 0, 1, '1690050342.jpg', NULL, '$2y$10$mG8GtHvv1CZ5xK1s0TDtW.GKTGTQYCdF0KwSFa7cKS.ycicWx5kOO', NULL, '2023-04-23 21:15:59', '2023-06-27 17:21:43', NULL),
(34, 'Maybrox Building Materials', 'info@mepproxbmt.com', NULL, 'Company', 0, 1, '2054602147.png', NULL, '$2y$10$N7KnqN7Wly//K9TdgKM8F.sOx.d/8LSJnUmS7B75mZDjpbrKheSQa', NULL, '2023-04-23 21:23:03', '2023-06-20 15:36:29', NULL),
(35, 'sh', 'TEST0111@GMAIL.COM', NULL, 'Company', 0, 0, '96137634.png', NULL, '$2y$10$QSV7oKvDQYLIPwsOt9QNW.9zV4QW4Ss.ufnnUpzGmxbQ6WU1k7tCm', NULL, '2023-04-24 22:21:06', '2023-05-25 03:44:58', '2023-05-25 03:44:58'),
(36, 'Abu Dhabi', 'test31@gmail.com', NULL, 'Company', 0, 0, '1906696030.png', NULL, '$2y$10$xtom6RPDAVE1GhNvl7qXiOjAJ65Yb6.w13NXe83HPnll7gbSzDRsK', NULL, '2023-04-28 02:34:39', '2023-05-25 03:44:52', '2023-05-25 03:44:52'),
(37, 'towers', 'adam55@gmail.com', NULL, 'Company', 1, 0, NULL, NULL, '$2y$10$f/UkGMODEPQx0mW6picjQuDHhRVDEVEMnhhSo/QHH5MVESGfKghWy', NULL, '2023-04-30 16:20:35', '2023-05-25 03:44:45', '2023-05-25 03:44:45'),
(38, 'towersuae', 'sajed@hotmail.com', NULL, 'Company', 1, 0, '494274500.jpg', NULL, '$2y$10$HISZi9xVjyiYPmzKpRUpr.FzHstveXG9Rjc0yqPEYojmrfAksW3Li', NULL, '2023-05-03 00:32:05', '2023-05-25 03:44:39', '2023-05-25 03:44:39'),
(39, 'mmmewowo kkwkwi', 'mido_hsan@yahoo.com', NULL, 'Company', 1, 0, '2055123060.png', NULL, '$2y$10$0hknxyezSooCRc5ZVYmu1.kyKJxw1LFkn7K1R7swohY7bqNJoCv8e', NULL, '2023-05-07 11:39:54', '2023-05-25 03:44:33', '2023-05-25 03:44:33'),
(40, 'test', 'test25@test.com', NULL, 'Company', 1, 0, '108879523.png', NULL, '$2y$10$8EKz5BmK887qX0Hd0jSjfef.8scq43WeJYdlK8MQdUGcU9mCpOcJ2', NULL, '2023-05-07 19:39:28', '2023-05-25 03:44:27', '2023-05-25 03:44:27'),
(41, 'adam', 'adam1@gmail.com', NULL, 'Person', 1, 0, NULL, NULL, '$2y$10$45akTiXs4CboymiNMFmEkutSmlc.x0DlocVg9OGKB/eZUWdTOJ3KG', NULL, '2023-05-19 15:15:43', '2023-05-26 21:15:49', '2023-05-26 21:15:49'),
(42, 'city center', 'TEST1101@GMAIL.COM', NULL, 'Company', 0, 0, '491886122.jpg', NULL, '$2y$10$MnOOAJvegeaSWgGOpshtpOHBFdkHvDqB7V4759mlSoXtKiT4KdY9m', NULL, '2023-05-19 15:20:29', '2023-05-25 03:44:21', '2023-05-25 03:44:21'),
(43, 'city merdf', 'test333333@gmail.com', NULL, 'Company', 0, 0, '382516117.png', NULL, '$2y$10$8Sfrd/DxKK1AZLH8cbbrWeEUYy9F0XtF9wAXGWjg9QNw6L9jtz75e', NULL, '2023-05-23 16:36:55', '2023-05-23 20:11:14', '2023-05-23 20:11:14'),
(44, 'caribo', 'caribo123@gmail.com', NULL, 'Company', 0, 0, '1591110554.png', NULL, '$2y$10$8dMPiSkepIYy75Mba/wrX.RReyMvonfU6d3BQ06rttRUa0eqCrlG.', NULL, '2023-05-23 20:19:23', '2023-05-25 03:44:15', '2023-05-25 03:44:15'),
(45, 'caribo12', 'caribo12@gmail.com', NULL, 'Company', 1, 0, NULL, NULL, '$2y$10$GMAVY6OM.9ZCVLMdzXE8e.cz0H6rKQJ91OC.IUK2hdKkHX4i6hCR6', NULL, '2023-05-23 20:24:36', '2023-05-25 03:44:08', '2023-05-25 03:44:08'),
(46, 'car25', 'car25@gmail.com', NULL, 'Company', 1, 1, '2053424493.jpg', NULL, '$2y$10$nsTg4egi8BtGW2/I2qgHlOdA5r8uc67HzKx5HyE1EOY8jxyl13PD2', NULL, '2023-05-23 20:26:41', '2023-05-25 03:44:02', '2023-05-25 03:44:02'),
(47, 'mdmd', 'md1@gmail.com', '05', 'Person', 1, 0, NULL, NULL, '$2y$10$cc3Z0nTa1/98tBIwSxxB.O6DCMbHPzke.ZSpLEMZK14M/V6sjW.CO', NULL, '2023-05-23 21:14:45', '2023-05-26 21:15:39', '2023-05-26 21:15:39'),
(48, 'sajed', 'sajed5@gmail.com', '06666666666', 'Person', 1, 0, NULL, NULL, '$2y$10$kJoZGW7WpZdvtoYMkyMR7OQyJaAZ1ZuHIu5xcVH3iM8Z.vHEdJHgq', NULL, '2023-05-25 01:44:16', '2023-05-26 21:15:32', '2023-05-26 21:15:32'),
(49, 'mohamed', 'mohamed20@gmail.com', '05444444444', 'Person', 1, 1, NULL, NULL, '$2y$10$LmKaX/xYIgIFBJCWZEJhceKqQDbZjfV1fmtgLRmDejHS18EG8eXdG', NULL, '2023-05-25 02:04:22', '2023-05-26 21:15:24', '2023-05-26 21:15:24'),
(50, 'katab', 'khatab1@gmail.com', '044444444444444', 'Person', 1, 1, NULL, NULL, '$2y$10$Z3.kRaU5YLKRUyFlIgH6NeVKSlyTxbmlq66QiAIF7fuKWPe63GIFi', NULL, '2023-05-25 18:12:36', '2023-05-26 21:15:15', '2023-05-26 21:15:15'),
(51, 'infinty', 'infinty1@gmail.com', NULL, 'Company', 1, 1, '946950499.jpg', NULL, '$2y$10$vNyA8D139HCCEwINZOvX7eXwnnot2Yzor/gyk2mzdR7ghWSS2/UU.', NULL, '2023-05-26 16:43:37', '2023-05-26 17:50:16', '2023-05-26 17:50:16'),
(52, 'MOHAMMED', 'MOHAMMED20@GMAIL.COM', '0524444444', 'Person', 1, 1, NULL, NULL, '$2y$10$en4Lujtkafl66xA00cutrOYqfi58/sAEHVzTkc1KLs8Gq3IcKNTfW', NULL, '2023-05-26 21:32:13', '2023-06-02 17:55:43', '2023-06-02 17:55:43'),
(53, 'infinity', 'infinity11@gmail.com', NULL, 'Company', 1, 1, '1629359264.jpg', NULL, '$2y$10$zRP5q79BVLUDtTzYN8DA6.HAJL6ydAUxEP5Yy6g2nSv19DRFbCZ36', NULL, '2023-05-27 02:15:05', '2023-06-03 00:17:29', '2023-06-03 00:17:29'),
(54, 'new comp', 'midohsan3@gmail.com', NULL, 'Company', 1, 0, NULL, NULL, '$2y$10$7Z/oZoSy68Fi2qrKa8HwI.O.ryMhQ4722AciQH.yyajkTxiKa527O', NULL, '2023-05-27 18:11:19', '2023-06-02 17:54:11', '2023-06-02 17:54:11'),
(55, 'AREEJ AL AHLAM TECHNICAL SERVICE LLC', 'didarbd070@gmail.com', NULL, 'Company', 1, 1, NULL, NULL, '$2y$10$4oO9X0RXXyUIORDfK1kSWeN5gr1XIXhsy7u8Z/4NTgXIMWfumO8iq', NULL, '2023-05-31 01:27:22', '2023-06-01 18:23:34', NULL),
(56, 'SAMAH', 'SAMAH77@GMAIL.COM', '04444444', 'Person', 1, 1, NULL, NULL, '$2y$10$PgDVsKj4GZrpGD2GMZo4yOg7DgMFm5yzAsjKu9BxD8iXQfZev/Rci', NULL, '2023-05-31 21:08:35', '2023-06-02 17:55:35', '2023-06-02 17:55:35'),
(57, 'SAMAH', 'SAMAH777@GMAIL.COM', '044444440', 'Person', 1, 1, NULL, NULL, '$2y$10$fEUjeck8lLWX1MweXocZquRssnJ9SlPhvIrRvTaXajIBdPVxVmLeC', NULL, '2023-05-31 21:09:36', '2023-06-02 17:55:18', '2023-06-02 17:55:18'),
(58, 'SAMAHH', 'SAMAH7777@GMAIL.COM', NULL, 'Company', 1, 0, NULL, NULL, '$2y$10$OHNu7WrMu/o5R6q1d2Xfg.t.goVlCqtY6B0lHsp1qF26npNk0JSpi', NULL, '2023-05-31 21:12:02', '2023-06-02 17:49:25', '2023-06-02 17:49:25'),
(59, 'md khatab', 'mdkh123@gmail.com', '0544444', 'Person', 1, 1, NULL, NULL, '$2y$10$o43kn29iKqnxDyLJ.jK/ReLLiqgFrxZ6Bm1qNzUZt4q/9NwNzCJp.', NULL, '2023-06-01 12:12:12', '2023-06-02 17:55:12', '2023-06-02 17:55:12'),
(60, 'nnnnnnnn', 'MOHAMMED210@GMAIL.COM', NULL, 'Company', 1, 0, NULL, NULL, '$2y$10$D6u73.q3PianCEopTARZM.JNqJL/ZhjBMXpWtt6S4TeyG/mBwM.fu', NULL, '2023-06-01 18:26:32', '2023-06-02 17:49:02', '2023-06-02 17:49:02'),
(61, 'Em Square Engineering Consultants', 'emsquare@emirates.net.ae', NULL, 'Company', 0, 1, '976571406.jpg', NULL, '$2y$10$3/VMnQE0AzCah/kFrFTIhewB7VG0eDLeu5Qbh.fh4SpQ.V2652y5a', NULL, '2023-06-01 19:05:59', '2023-06-01 19:06:09', NULL),
(62, 'Venco Imtiaz Contracting Co L.L.C', 'imtiaz@vicc.co', NULL, 'Company', 0, 1, '565673506.png', NULL, '$2y$10$vEskRhZ3ap2aMyecoj/PFuGBm58VYhVNA5GsT0uYCUtxtRLOIDZXO', NULL, '2023-06-01 19:18:11', '2023-06-01 19:18:42', NULL),
(63, 'Cosmos Piling L.L.C', 'info@cosmospiling.com', NULL, 'Company', 0, 1, '933454810.png', NULL, '$2y$10$EV9kjUVFnCnXISWsCA0scu06NgePtdDvHCt0ioPng3a9753i9nrNq', NULL, '2023-06-01 19:36:22', '2023-06-01 19:36:33', NULL),
(64, 'nnnnn', 'MOHAMMED2030@GMAIL.COM', '055555', 'Person', 1, 1, NULL, NULL, '$2y$10$DxL1R8bmMBkWHnKxMhkPu.VXe/JH/u8qgU5nX97HsiSXIQjEAdV9O', NULL, '2023-06-01 21:59:48', '2023-06-02 17:55:05', '2023-06-02 17:55:05'),
(65, 'bbbbbbb', 'MOHAMMED20330@GMAIL.COM', '0444', 'Person', 1, 1, NULL, NULL, '$2y$10$aFjM.gkqSiQHD3SjtiCGheQ8FILc7dtGrHDgCHbQFg5r1ZykRgZ/W', NULL, '2023-06-01 22:12:22', '2023-06-02 17:54:59', '2023-06-02 17:54:59'),
(66, 'nnnnnnnnn', 'MOHAMMED10@GMAIL.COM', '55555555555555', 'Person', 1, 1, NULL, NULL, '$2y$10$9RgXMBZ8CTXpW9x./pH8BeCQ5BtSpkBl0KpOPicgDzU3dxJeFOaWS', NULL, '2023-06-01 22:13:13', '2023-06-02 17:54:51', '2023-06-02 17:54:51'),
(67, 'nnnnnnnnn', 'MOHAMMED110@GMAIL.COM', NULL, 'Company', 1, 0, NULL, NULL, '$2y$10$egOhriy3W6JWrjURDv7Xr.To2/Q3kbdrc2MoBb3SUGCVK4bblP5Su', NULL, '2023-06-01 22:13:45', '2023-06-02 17:48:51', '2023-06-02 17:48:51'),
(68, 'nnnnnnnnnnnnnnnnn', 'MOHAMMED50@GMAIL.COM', NULL, 'Company', 1, 0, NULL, NULL, '$2y$10$CQ5L5cGvXTuidLdD4Dpvyun5mPM7SIfTud0Kl0EZ9xhpkvJlOLyuO', NULL, '2023-06-01 22:16:14', '2023-06-02 17:48:43', '2023-06-02 17:48:43'),
(69, 'mohamed keshk', 'keshk123@gmail.com', '0524468042', 'admin keshk', 1, 1, NULL, NULL, '$2y$10$dDmtkeY1QvcQAJcVJeEgIel43q/7gWeogtjdGZxKzF1GBhmr6DU8u', NULL, '2023-06-02 16:58:36', '2023-06-03 19:50:27', NULL),
(70, 'ali', 'ali20@gmail.com', '0', 'Vido adds', 1, 1, NULL, NULL, '$2y$10$dHqYmk2hi4CxkrPdqDsvcOz35kMV0roVk0hOhFLC/XDtfSt.v3UW2', NULL, '2023-06-02 17:38:48', '2024-07-22 20:38:11', NULL),
(71, 'towers', 'MOHAMMED5050@GMAIL.COM', NULL, 'Company', 0, 1, '1396233427.png', NULL, '$2y$10$aQ5EB6oG48fp66T5lJYjWuSCPZHIkHi0cS11HO19UXALq3wurwSr.', NULL, '2023-06-02 20:47:50', '2024-07-18 17:12:53', NULL),
(72, 'mddddd', 'MOHAMMED505050@GMAIL.COM', '055555', 'Person', 0, 0, NULL, NULL, '$2y$10$rCx7k.QoeKM16/j5JEpu9.ZU2zyu70sR91AUEk737T7Za80wBfqtm', NULL, '2023-06-02 20:49:19', '2024-03-05 16:34:23', NULL),
(73, 'infooo', 'infooo@gmail.com', NULL, 'Company', 1, 1, '455157174.png', NULL, '$2y$10$gvRTrFJCZLKz.r.69x0pAehqVNRTpLoHO1bIEV4RVKZ2CT9Zr2/Sa', NULL, '2023-06-02 23:03:48', '2023-06-04 16:40:33', '2023-06-04 16:40:33'),
(74, 'khatab20', 'khatab20@gmail.com', NULL, 'Company', 1, 0, NULL, NULL, '$2y$10$2pBCtUuSFOju2tjK83VMKuVZNzvhc76TJvb/Ji9dp71WBAOSYgIXC', NULL, '2023-06-02 23:22:14', '2023-06-04 16:36:34', '2023-06-04 16:36:34'),
(75, 'khatab30', 'khatab30@gmail.com', '05000', 'Person', 0, 0, NULL, NULL, '$2y$10$4LAWP3p1ajxZnCn7lVcyiu8WvEd85nyKSiV0qJwcvLTSPuZt3tn8a', NULL, '2023-06-02 23:24:52', '2023-06-20 15:18:26', '2023-06-20 15:18:26'),
(76, 'khatab40', 'khatab40@gmail.com', '055555', 'Person', 0, 0, NULL, NULL, '$2y$10$Mlvn67Iw6U9C7rYImosn9uq3jpDsICBX4xGIORSxZHC5nnfsQIBoK', NULL, '2023-06-02 23:26:50', '2023-06-20 15:18:20', '2023-06-20 15:18:20'),
(77, 'khatab40', 'khatab404@gmail.com', '055555', 'Person', 0, 0, NULL, NULL, '$2y$10$EXKn9FYuYa8tcE2ZUIBq3OE5ffUht.9/pJMHSLo1SWkJiKaAMHsb6', NULL, '2023-06-02 23:29:17', '2023-06-20 15:18:13', '2023-06-20 15:18:13'),
(78, 'nnnnnnnnnn', 'nnnnn@gmail.com', '055555', 'Person', 0, 0, NULL, NULL, '$2y$10$0HREmaAFRtuyNnXwLh1ynuYj/kqDKZYhTkuWxcQWkuKYLbwjuZKQK', NULL, '2023-06-03 00:04:20', '2023-06-20 15:17:47', '2023-06-20 15:17:47'),
(79, 'samah', 'saooonxh@gmail.com', '056500025', 'Person', 0, 0, NULL, NULL, '$2y$10$uX7wKlda2HGHwS7ECXsN5us/8vyllUj6WzVipArhqRksTRaGw8OtW', NULL, '2023-06-03 02:32:24', '2023-06-20 15:18:07', '2023-06-20 15:18:07'),
(80, 'adam khatab', 'adam@gmail.com', NULL, 'Company', 1, 1, '1799829864.png', NULL, '$2y$10$2C0CnF6BQKjREruybn5i5.n/B5YcdkVzGJRoDyNPWfpVhVN5m0W5C', NULL, '2023-06-03 02:39:00', '2023-06-04 16:36:26', '2023-06-04 16:36:26'),
(81, 'Arif & Bintoak Consulting Architects & Engineers', 'ARTOAK@EIM.AE', NULL, 'Company', 0, 1, '1621557702.png', NULL, '$2y$10$D1aihoHDFEFkH4HLnWfED.iI5kisLQ7xocUDEs.c6E6WjA8FX2/Ca', NULL, '2023-06-04 14:15:33', '2023-06-04 16:37:40', NULL),
(82, 'Gulf Consultants', 'info@gulf-edc.com', NULL, 'Company', 0, 1, '436326124.jpg', NULL, '$2y$10$2dOLdfqEOoGqp0eMmTFrouzPFtvR3P12Y/rtXtdzRyo0e.H4wdOZu', NULL, '2023-06-04 14:36:29', '2023-06-04 16:44:48', NULL),
(83, 'AJ Design Consultant', 'info@aj-des.ae', NULL, 'Company', 0, 1, '1957022184.png', NULL, '$2y$10$HL0A4ax/Fexdl6WgoXwSn.Onl9phCrq1xprcgrPRN0ZGxv60TmUsy', NULL, '2023-06-04 14:46:30', '2023-06-04 16:45:12', NULL),
(84, 'Khatib & Alami', 'sharjah@khatibalami.com', NULL, 'Company', 0, 1, '927894512.jpg', NULL, '$2y$10$.OVf8.L5zPNMTJ37Y4ZyWuyk3kONJTz/qgVMrmtWzOTzEuurmqagi', NULL, '2023-06-04 14:55:54', '2023-06-04 16:47:58', NULL),
(85, 'Art Consultants - Architects and Engineers', 'info@artcon.ae', NULL, 'Company', 0, 1, '618736137.jpg', NULL, '$2y$10$n5z9kVp1KxxS2DG1jfE.HuTRaBL46rqF.vd8sT7Y3nqxeOBOmGbba', NULL, '2023-06-06 13:35:33', '2023-06-06 14:00:01', NULL),
(86, 'Al Ajmi Engineering Consultants', 'info@alajmi.ae', NULL, 'Company', 0, 1, '1129079598.jpg', NULL, '$2y$10$XpMYShPjQbUFMisVzGR54epPrzpFHso9rSmurWu/XwnF0SiZqa9sW', NULL, '2023-06-06 13:57:50', '2023-06-06 13:59:33', NULL),
(87, 'Cubic Engineering Consultanc', 'info@cubicec.com', NULL, 'Company', 0, 1, '778500649.jpg', NULL, '$2y$10$zs345pX2QhidbwgnDFOeoOIltDoqWqPbu78BUQfliWwUfbgBSXcWe', NULL, '2023-06-06 14:08:15', '2023-06-06 14:08:36', NULL),
(88, 'Al Gurg Consultants', 'info@algurg.net', NULL, 'Company', 0, 1, '1036875599.png', NULL, '$2y$10$bacwWVdE1ylG3jlZ9TCaUOTznMxK088TOntfRfk07znpt7YVY.AyC', NULL, '2023-06-06 14:18:09', '2023-06-06 14:22:01', NULL),
(89, 'Sarco Building Contracting LLC', 'contactus@sarco-cont.com', NULL, 'Company', 0, 1, '2047597869.jpg', NULL, '$2y$10$xjnTSL3ByZ0Yo6ShUPujqu8vn10Md7NOtBWychqwsVhHjN5bjUJX.', NULL, '2023-06-07 20:22:32', '2023-06-07 20:25:04', NULL),
(90, 'Investor building contracting', 'investor.cont2000@gmail.com', NULL, 'Company', 0, 1, '2056935879.png', NULL, '$2y$10$a3TPNyI4jyn2NBPlLYkO5.I43KGNLeMn0M62dxzWxPMSLUsndaROC', NULL, '2023-06-07 20:54:55', '2023-06-07 20:55:44', NULL),
(91, 'TMF Euro Foundations L.L.C', 'info@tmfeuro.ae', NULL, 'Company', 0, 1, '1416841501.png', NULL, '$2y$10$xHG1q.JkRyySYvdwa0oJiOVVJBuz5ND0r.qX3ZQqY2DtCURstiPQC', NULL, '2023-06-07 21:02:11', '2023-06-07 21:03:08', NULL),
(92, 'National Piling and National Dewatering', 'mail@nationalgroup.org', NULL, 'Company', 0, 1, '2079202731.jfif', NULL, '$2y$10$rGX1oaLDGRgHNzuK.6US/u3MPtomLlMx1wnTTQuCFP3.SruAsdd52', NULL, '2023-06-07 21:15:25', '2023-06-07 21:15:47', NULL),
(93, 'Birch Wood Industries LLC', 'azmathkhan121@gmail.com', NULL, 'Company', 0, 1, NULL, NULL, '$2y$10$sZ6izQ4jqjNllWSTlRQgI.aDLjDEkjTDt7XUBoTuCljciiN1U2tWe', NULL, '2023-06-08 11:08:34', '2024-07-18 17:13:01', NULL),
(94, 'Killa Design', 'info@killadesign.com', NULL, 'Company', 0, 1, '415071176.JPG', NULL, '$2y$10$zk/gl9DvvsaTK0hWkq/Fge.n8gq92MpF1i9vlQiZUgd5PpB/J/f3O', NULL, '2023-06-08 12:28:28', '2023-06-08 12:38:29', NULL),
(95, 'Abdul Rahim Architectural Consultants', 'bader@aracome.com', NULL, 'Company', 0, 1, '896490490.jpg', NULL, '$2y$10$xogG5KBDIHa6T7GhVJL9BOo0XvzTMAdcFd5iJmcq3RqWV3H4OwuXe', NULL, '2023-06-08 12:42:03', '2023-06-08 13:32:57', NULL),
(96, 'Bainona Engineering Consultancy', 'bainona1@eim.ae', NULL, 'Company', 0, 1, '1915825382.png', NULL, '$2y$10$E646BkfkqG52BZwzM2xgTemituZxTuL./pyWu6qywkF3qiesHEkJ2', NULL, '2023-06-08 13:14:08', '2023-06-08 13:22:50', NULL),
(97, 'Arjan Engineering Consultants', 'info@arjancont.com', NULL, 'Company', 0, 1, '1666464654.png', NULL, '$2y$10$sSrtWb1hDgpelzlHUhNoUOltOEkZUh4r0TAm35awotWiqo5ipmKP.', NULL, '2023-06-08 13:21:15', '2023-06-08 13:22:45', NULL),
(98, 'AL-ASRI ENGINEERING CONSULTANT', 'Info@alasri-consult.com', NULL, 'Company', 0, 1, '281186225.png', NULL, '$2y$10$LIMyYccHHal3GvctnRXTHugi9geVgSPooLd03GVfxIhJViYsyAhL.', NULL, '2023-06-08 13:31:08', '2023-06-08 13:32:48', NULL),
(99, 'ATI Consultants, Architects, Engineers', 'info@ati-cae.com', NULL, 'Company', 0, 1, '201829986.jpg', NULL, '$2y$10$bmH1KIser1u7qNPZrSjFJ.50NLrBYZIXTtAMGVXMMgYSznl0xIvHu', NULL, '2023-06-08 13:36:16', '2023-06-08 13:47:20', NULL),
(100, 'Matee Ul haq Carpentry  Workshop', 'gulzar447@yahoo.com', NULL, 'Company', 0, 1, '104488686.png', NULL, '$2y$10$68YQjL.rhyAvlcyhfJbda.WMMc0w1QA5qiR1Z6thqDe0Ki8EKBSNa', 'GbKMPHFT8bDX3o64P9C9nKDZ6PnILq54jRG0j7wQo7h2isFWE4fuXOcED2ig', '2023-06-10 12:42:47', '2024-07-05 12:30:26', NULL),
(101, 'SEVEN STARS CONTRACTING', '7star.contracting7@gmail.com', NULL, 'Company', 0, 1, '1953644432.jpg', NULL, '$2y$10$qTjFC.mz.8zl6YYZ64Otref3hEM1D1QqJEUhzy7rG2H1R7vCdhtHu', NULL, '2023-06-11 00:05:28', '2023-06-11 00:08:07', NULL),
(102, 'Al Gafry Consulting Architects Engineers', 'info@algafry.com', NULL, 'Company', 0, 1, '1386890183.png', NULL, '$2y$10$88go.FW0EuRYn1kq2klbYO8Ee1JDZT5eW.OcWNTyI6GqAA4.fATPq', NULL, '2023-06-12 12:57:59', '2023-06-13 01:01:24', NULL),
(103, 'ENMAA ENGINEERING CONSULTANT', 'info@enmaaengcon.com', NULL, 'Company', 0, 1, '557081144.jpg', NULL, '$2y$10$1T.wTKfekAtw9MaWbc7UjOvkdE/Eb.YEOOctmPXSUKT3ZIorwcggi', NULL, '2023-06-12 13:01:19', '2023-06-12 13:11:36', NULL),
(104, 'Datum Engineering Consultants', 'info@datum.ae', NULL, 'Company', 0, 1, '1277804884.jpg', NULL, '$2y$10$00KtQ3KGrDqjoogfAq1Q0OnaFlBWz7yj.ExPLbqgjJ7rI5/FdVQHy', NULL, '2023-06-12 13:07:31', '2023-06-12 13:11:09', NULL),
(105, 'Altorath International Engineering Consultants', 'admin@altorath.ae', NULL, 'Company', 0, 1, '1294005614.png', NULL, '$2y$10$62zobBoXogfy59ZGO5OxVeqSYrcJLAyOhpnANhv/cgO/wV70CWkk2', NULL, '2023-06-12 13:21:19', '2023-06-12 13:25:17', NULL),
(106, 'sharjahhhhh', 'test3333@gmail.com', NULL, 'Company', 0, 1, '891811620.png', NULL, '$2y$10$6WCt556gdcRS3JLHZ3FO1uZAilWiDNgmCxV1MuS.3KzJ7/LZzkcfC', NULL, '2023-06-13 00:21:42', '2023-06-13 00:59:24', '2023-06-13 00:59:24'),
(107, 'Lotus Building material trading', 'lotusllc.trading@gmail.com', NULL, 'Company', 0, 1, '383692002.jpeg', NULL, '$2y$10$itsiVHfF2ZxEA1uh.7UYD.0qXsg6Yuv916ZPSRu5fjb38Gb7E09qO', NULL, '2023-06-13 02:07:37', '2023-06-13 02:15:51', NULL),
(108, 'DSS Steel LLC AJMAN', 'DSSSTEEL@GMAIL.COM', NULL, 'Company', 0, 1, '680207571.png', NULL, '$2y$10$UdckzGUe6kVib10jIvKdfu2.9tpWbQxPzkvmO5LQuYHts8JbRkm3S', NULL, '2023-06-13 02:29:33', '2023-06-13 02:32:59', NULL),
(109, 'AlJessour Building Materials Trading Llc.', 'aljasoor@eim.ae', NULL, 'Company', 0, 1, '1061858384.jpg', NULL, '$2y$10$Pq9BmOQVPW/geZWa0zs5AejOnNQTgG56xjHEbuy0AsjXNUnSlAUoe', NULL, '2023-06-13 02:37:28', '2023-06-13 02:38:20', NULL),
(110, 'Delmon Building Tools & Hardware Trading', 'toolsdelmon@gmail.com', NULL, 'Company', 0, 1, '357471505.jpeg', NULL, '$2y$10$a42NFOYHnRCBJbAb3dx31eM9NXxEHS.h7EF1oioR9zZ0NjlBz.dHS', NULL, '2023-06-13 02:52:19', '2023-06-13 02:52:58', NULL),
(111, 'Royal Brass Steel Trading LLC', 'info@royalsteel.co', NULL, 'Company', 0, 1, '1447204255.png', NULL, '$2y$10$0tfWCWOXOEoIy.KzXuchvOWUXeSkXKrKlmgV1JiniZF.dV.l.2F0G', NULL, '2023-06-13 03:33:05', '2023-06-13 03:34:15', NULL),
(112, 'Next Engineering Consultants', 'nextengn@eim.ae', NULL, 'Company', 0, 1, '1743273977.jpg', NULL, '$2y$10$3NP1SCYg2LB316f6ExlqE.YvW1R/v3tX3zI4TRe8JiGsJl70SXOSu', NULL, '2023-06-13 12:57:33', '2023-06-13 13:00:33', NULL),
(113, 'Sidra Architectural and Engineering Consultancy', 'contact@sidra-consultancy.com', NULL, 'Company', 0, 1, '452418769.png', NULL, '$2y$10$RW4XRYIIDy2YYZ./kBH2BuvWsTZ98DV3KIbUGcVMfO6awqPKUNwcq', NULL, '2023-06-13 13:03:21', '2023-06-13 13:04:11', NULL),
(114, 'SBK Architectural Design Consultancy', 'info@sbkarchitects.me', NULL, 'Company', 0, 1, '1740913880.png', NULL, '$2y$10$n1HkdVLLTrLRnvIt87U3LepEMwoL4kCiAw4x0pczsJRFzrTdR9EnW', NULL, '2023-06-13 13:06:42', '2023-06-13 13:07:49', NULL),
(115, 'QHC Architects & Engineers, Sharjah', 'qhc@eim.ae', NULL, 'Company', 0, 1, '1848781289.jpg', NULL, '$2y$10$JJRc7DNDAD0/fNUKPf32QeMRlzIWAqZEbuhpLlQFC7bYaX2fg1MQi', NULL, '2023-06-13 13:10:43', '2023-06-13 13:14:46', NULL),
(116, 'Al Suweidi Engineering Consultants L.L.C', 'secb@suweidi.com', NULL, 'Company', 0, 1, '1007670251.jpg', NULL, '$2y$10$NWQ2F.VGcj1zml8VkAcUdOwTeYoBGaKsUayp66Y/m2RlrOPCl06Z6', NULL, '2023-06-13 13:19:37', '2023-06-17 12:23:35', NULL),
(117, 'Al Khawaja Engineering Consultants [KWEC]', 'info@kwec.ae', NULL, 'Company', 0, 1, '1527120464.jpg', NULL, '$2y$10$focHbYDB5w/1X3li5Ux2NO9roipDAI775n5eeeTuNN5tS05pb9ow6', NULL, '2023-06-13 13:22:46', '2023-06-13 13:23:07', NULL),
(118, 'Canadian Consultants', 'info@canadianconsultant.net', NULL, 'Company', 0, 1, '1602521721.png', NULL, '$2y$10$jcDtwoFB5A62EipNXSlvAujLB8WMyypOHcQAW3FziJI/K44S2PSq6', NULL, '2023-06-13 13:32:20', '2023-06-13 13:33:17', NULL),
(119, 'John R Harris', 'dubai@johnrharris.com', NULL, 'Company', 0, 1, '1718157329.jpg', NULL, '$2y$10$eTj3AMbIBL5PY0sv1anhY.GAsHWFMtCOH12lyQ5cDD9bvBx7pZ80O', NULL, '2023-06-13 13:51:18', '2023-06-17 12:23:26', NULL),
(120, 'Afkar Engineering Consultant', 'info@afkarec.ae', NULL, 'Company', 0, 1, '1190636342.png', NULL, '$2y$10$NhG.iiej6OdMZzqKPKGyre3gLzPQxqpGfsLcUxtSmNIxWFHUWrXB2', NULL, '2023-06-15 13:27:39', '2023-06-17 12:23:20', NULL),
(121, 'Klick Engineering consultants', 'klickenggineering@gmail.com', NULL, 'Company', 0, 1, '2073601512.png', NULL, '$2y$10$S6P8Hye0ukOYrPWnaGr9aOwCurt8PfbR2X5bh1ZwwA2AsQmSebQr2', NULL, '2023-06-15 13:47:17', '2023-06-17 12:23:13', NULL),
(122, 'Tijan Engineering Group', 'info@tijangroup.com', NULL, 'Company', 0, 1, '1023870720.jpg', NULL, '$2y$10$5vu3xRIuICJCFCL1diLDTOqrMGoB7tREQHcFcq2kEL6VhZCHaHz5.', NULL, '2023-06-15 13:54:25', '2023-06-17 12:23:07', NULL),
(123, 'mohaaaaa', 'eng1@gmail.com', NULL, 'Company', 1, 1, '1307334841.png', NULL, '$2y$10$XdK3ffQNDBhjni4/Txxw.O4bm.MGqQSSPoSTYOcKoft45zkVNA3RC', NULL, '2023-06-18 20:20:23', '2023-06-18 20:27:28', '2023-06-18 20:27:28'),
(124, 'mmmmmmmmmmm', 'mmm123@gmail.com', NULL, 'Company', 1, 0, NULL, NULL, '$2y$10$NrZRTKRMxbpKgSTaSMDQZ.M/ciMhRtMTfS/RdPa8qhyiIJANylsam', NULL, '2023-06-18 20:55:46', '2023-06-20 15:22:11', '2023-06-20 15:22:11'),
(125, 'Al Shandagha Architects and Engineering Consultants', 'mail@shandagha.com', NULL, 'Company', 0, 1, '1899513508.jpg', NULL, '$2y$10$A.lLzSMk2UViKDeNQ6ijG.fMut86o.VR3uwF9tJDIPSQ400gwLM9u', NULL, '2023-06-19 15:34:56', '2023-06-19 15:45:25', NULL),
(126, 'Al Diwan Consulting Engineers', 'diwan.eng.cons@gmail.com', NULL, 'Company', 0, 1, '174179246.jpg', NULL, '$2y$10$wsxgTS9axW3bY2LCQKOajejRQwwme/sxV5qNdrpKuIEBWVU5WtLc2', NULL, '2023-06-19 15:51:20', '2023-06-19 15:51:40', NULL),
(127, 'Dubai Engineering Consultants', 'uaeboxrak@hotmail.com', NULL, 'Company', 0, 1, '809031742.png', NULL, '$2y$10$JxsY5AsjbmIBarr44yNeS.CttOC7S1A0ATPnHS6CUyR7Hr6MkT9dq', NULL, '2023-06-19 15:58:58', '2023-06-20 15:21:26', NULL),
(128, 'Hafsa Basheer`', 'production.alufix@gmail.com', NULL, 'Company', 0, 1, '1046438195.jpg', NULL, '$2y$10$59vhVbEmDIS/p/BcPGuzFOX.4woWWky/ROUbh4I5LQe9TZZD0R87W', NULL, '2023-06-19 17:42:25', '2024-07-09 17:41:22', NULL),
(129, 'National Engineering Bureau', 'info@neb.ae', NULL, 'Company', 0, 1, '1763049670.jpg', NULL, '$2y$10$MiYN4csGJA0WiTRwtl2t0.jXAssVxuYeB/l2l2ITp7yo6z9uyLg1m', NULL, '2023-07-04 03:17:47', '2023-07-04 03:20:01', NULL),
(130, 'GULF ASIA CONTRACTING', 'info@gactme.com', NULL, 'Company', 0, 1, '325416973.png', NULL, '$2y$10$5aku8EZV9w5G084OEu086.rH0Yu5LHaQIzeI/8X55wJgCW4ZfRAn.', NULL, '2023-07-04 03:34:53', '2023-07-04 03:38:45', NULL),
(131, 'Delta Foundations Co.', 'info.eg@delta-foundations.com', NULL, 'Company', 0, 1, '2111181786.png', NULL, '$2y$10$twmhB31Gx6Vmxw6bHuMSceTZY5TgwEvmhpV2zTVhiCUbR39IuNpDK', NULL, '2023-07-04 03:45:25', '2023-07-04 03:49:00', NULL),
(132, 'HIGH STAR CONTRACTING', 'contact@highstar.ae', NULL, 'Company', 0, 1, '193390203.png', NULL, '$2y$10$mkhwUR.V7TYRU7ZAIWRCpOfNZxQ5biaEQu2tiFEGFCZn5ty5Ni5.K', NULL, '2023-07-04 03:55:41', '2023-07-04 03:57:19', NULL),
(133, 'Mazaya Consulting Engineers', 'info-sharjah@mazayacom.com', NULL, 'Company', 0, 1, '342458300.png', NULL, '$2y$10$eGJlVPPPOERnD5zeYuPyhOUE0icQq.ipJrNxFMwKUVUwpLMyBaSsO', NULL, '2023-07-04 04:02:53', '2023-07-04 04:06:09', NULL),
(134, 'Al Wasl Al Jadeed Consultants', 'info@awajconsultants.com', NULL, 'Company', 0, 1, '1327694755.png', NULL, '$2y$10$ccgRWMqE9sGs1udAX5DjrOSZ1Us2AWmDbLvs.OpSCvgDJUt3fVCzK', NULL, '2023-07-04 04:16:10', '2023-07-04 04:17:37', NULL),
(135, 'Federal Engineering Consultants', 'federal@fec-al.com', NULL, 'Company', 0, 1, '1910929701.jpg', NULL, '$2y$10$OW1ptapHhTU570v7pTs42OzYXjLU/PLFTjePw/75jNkvuiIXulrWi', NULL, '2023-07-04 04:25:33', '2023-07-04 04:29:23', NULL),
(136, 'Talal Taha', 'talal@mpi.ae', '0564144563', 'Person', 0, 0, NULL, NULL, '$2y$10$qKUdSKO2GH3v8hd9LHl6r.tNOsKugU2tToUAospf2.zVIsUdy8oRa', NULL, '2023-07-13 11:27:53', '2023-09-14 23:52:37', NULL),
(137, 'mddddddddddd', 'md12345@gmail.com', NULL, 'Company', 1, 1, '222616008.jpeg', NULL, '$2y$10$puIxRsV.iJkoMK.rMCk6YuDJSzAwpZ9GyJa6YnPnYyx98KCoixiRG', NULL, '2023-07-16 13:49:28', '2023-10-25 02:40:51', '2023-10-25 02:40:51'),
(138, 'Hassan', 'etshhassan9@gmail.com', '01023424942', 'Person', 0, 0, NULL, NULL, '$2y$10$XofZFktrKOmh24wN5QNdVO0RZtBPcKCMjJAnVdqMRh.gn6knrO4ku', NULL, '2023-08-17 16:57:46', '2023-09-14 23:52:43', NULL),
(139, 'Mohamed Moussa', 'mohamed.moussa.soli@gmail.com', '+201033987202', 'Person', 0, 0, NULL, NULL, '$2y$10$zAOumwyfNXwXFDHCpu15a.ZzVKcKVUP7NZjA696E46N9zM.grhq6O', 'LwmY8qL4gFtDgBvmMlMBJVBRub3RrD35u2IDg5fzhWsAp0OHhOsJSSDjTlhg', '2023-08-17 17:03:05', '2023-09-14 23:52:49', NULL),
(140, 'mmmm', 'MOHAMMED202121@GMAIL.COM', '1111111', 'Person', 0, 0, NULL, NULL, '$2y$10$X41OLF2.3cXKFSub2flqnOm5fHg7Rt0sXaiJGmHTpc/YTKzVCZxwO', NULL, '2023-09-02 00:34:44', '2024-03-05 16:34:17', NULL),
(141, 'Ahmed', 'ahmed_ibrahim2014@yahoo.com', '0553502573', 'Person', 0, 0, NULL, NULL, '$2y$10$Hjq/Te0IQ/cbp7ibGpPd8OPGLg8ZDfqKG0i0JGp/g5sckUIrC8JQi', NULL, '2023-09-23 19:40:55', '2024-03-05 16:34:11', NULL),
(142, 'ahmed', 'ahmed_ibrahim2015@yahoo.com', NULL, 'Company', 0, 1, '216258843.png', NULL, '$2y$10$dYAPh4xTgr1EWqetzUj8s.7PwHkMaf1fz3jG6SSpLB/kUlXnllEFy', NULL, '2023-09-23 20:01:39', '2023-09-26 02:21:28', NULL),
(143, 'mh cccccc', 'ggg1@gmail.com', NULL, 'Company', 0, 1, '165407306.png', NULL, '$2y$10$9Vrm60K/QUQLsNzKvcsjnu5VBzHE6yTQyb9BsRBtXKlUA.UH94tYC', NULL, '2023-09-24 19:50:42', '2023-09-26 02:21:43', NULL),
(144, 'SAMAR', 'samar123@gmail.com', NULL, 'admin keshk', 1, 1, NULL, NULL, '$2y$10$bgk5jTK5.lXxssB7pad7Wu2A9fLfY5IcRYrfWsRkdhJDQ7aps6pve', NULL, '2023-09-26 06:14:50', '2024-08-17 13:05:19', NULL),
(145, 'VOCE INTERNATIONAL CONSTRUCTIONS', 'info@voceuae.com', NULL, 'Company', 0, 0, '2115018976.jpg', NULL, '$2y$10$TkjwcjWHl/8DvEdWJw3V0.36kFQNHr0a51pBdpJF0obg6gRxR3OkO', NULL, '2023-09-26 06:35:07', '2023-09-30 19:53:05', NULL),
(146, 'ALSERH ALKABEER CONSTRUCTION LLC', 'naushimon@yahoo.com', NULL, 'Company', 0, 0, '1136509619.jpg', NULL, '$2y$10$6W68cfSPgwbM1GxyypInJu9chGNY7OMOdKGroz8r3Mu9MbDci7t3u', NULL, '2023-10-05 03:47:28', '2023-10-06 06:05:30', NULL),
(147, 'Orchid Engineering Consultant', 'info@mysite.com', NULL, 'Company', 0, 0, '973327067.jpg', NULL, '$2y$10$zBoP4vFRLUxq3dPSsac5/OTCl67Zu6DJjxiqQHGgfSV.z3ps8gY7G', NULL, '2023-10-05 04:36:52', '2023-10-06 05:16:31', NULL),
(148, 'AL ASRI Engineering Consultants', 'alasri.ec@gmail.com', NULL, 'Company', 0, 0, '810409514.jpg', NULL, '$2y$10$r9CMsAHxyixtQSVsvs3q3uJqtdwfmV5NJZKzblnFFQIf6KDs.yS.m', NULL, '2023-10-08 01:56:44', '2023-10-10 19:17:42', NULL),
(149, 'High Star Contracting', 'contact@highstar.com.ae', NULL, 'Company', 0, 0, '1334289819.jpg', NULL, '$2y$10$MssWnTAXxZJ.dAXG19vcVuE.hhylMhxhcei.amGs1coNtKgZzOnzG', NULL, '2023-10-08 02:21:26', '2023-10-10 19:13:54', '2023-10-10 19:13:54'),
(150, 'Eng. Adnan Saffarini Office', 'saff@emirates.net.ae', NULL, 'Company', 0, 0, '214378634.jpg', NULL, '$2y$10$6SoqC9SMxDspx.9G5He5wuhZeOWgIo/.PYnYrMOMTlk43p99Wn2qS', NULL, '2023-10-08 02:39:43', '2023-10-12 03:55:51', NULL),
(151, 'A N T Engineering Consultants', 'info@antcpl.com', NULL, 'Company', 0, 0, '1193353595.jpg', NULL, '$2y$10$d5.nMVMR9DFk2DmFNzQ0veGrbo723Hon65FtvrL.3uKGWVI9K7tQy', NULL, '2023-10-08 02:56:50', '2023-10-10 19:02:46', NULL),
(152, 'CITY NIGHTS CONTRACTING (L.L.C)', 'info@citynightscontracting.com', NULL, 'Company', 0, 0, '626411990.jpg', NULL, '$2y$10$fOnqf/mZuonGf22XcnJr4ur7YGfqOqM2E65nHIbITiZD9HKDV22MC', NULL, '2023-10-12 02:14:34', '2023-10-12 03:43:31', NULL),
(153, 'Bel Yoahah Architects & Engineering Consultants', 'belyoha@emirates.net.ae', NULL, 'Company', 0, 0, '1805995310.jpg', NULL, '$2y$10$TRNWtpBNA1MgQmAyMOMOkOoQamqXdmC2/26jiYUWrytzZoT9Q0gmq', NULL, '2023-10-12 02:58:23', '2023-10-12 03:44:27', NULL),
(154, 'Union Contracting Company', 'uncon369@eim.ae', NULL, 'Company', 0, 0, '133087334.png', NULL, '$2y$10$NpvgzLCclo8VfP5lamyF4eGaRp6TKJdqabqQoZAla8z3vtRN7z1W6', NULL, '2023-10-12 03:06:45', '2023-10-12 03:56:36', NULL),
(155, 'Albarajeel engineering consultants', 'barjeelec@outlook.com', NULL, 'Company', 0, 0, '880049600.jpg', NULL, '$2y$10$3ZIVKrXVCyr.ESLT1pwhU.d1hkz.jCtUhgM3PgdRHGDWHh3MiQ2c.', NULL, '2023-10-12 03:38:37', '2023-10-12 03:48:02', NULL),
(156, 'AL KHARBASH CONTRACTING', 'akgc@eim.ae', NULL, 'Company', 0, 0, '1533813415.jpg', NULL, '$2y$10$dZJsWzzWHWoEXcntdD86eOX5nrDeBQ/OcYX9K898L9SNBui16KSYa', NULL, '2023-10-12 03:48:00', '2023-10-12 03:56:48', NULL),
(157, 'Archdome Consulting Engineers', 'contact@archdome.net', NULL, 'Company', 0, 0, '403474182.jpg', NULL, '$2y$10$DZwih01oGRN7KB0mDATZ3OisVoPM/pZSlPolvEXg8LLeKI7bdEfoy', NULL, '2023-10-12 03:58:32', '2023-10-12 04:03:48', NULL),
(158, 'Investor Building Contracting', 'tariq_alhashim@hotmail.com', NULL, 'Company', 0, 0, '1415967907.png', NULL, '$2y$10$DWxpXhRN6hqgFD579P8D8OC/uhn5wCiExJB8Q6aNKmxug9PxJGD0.', NULL, '2023-10-16 12:25:59', '2023-10-31 17:15:09', '2023-10-31 17:15:09'),
(159, 'Canadian Engineering Consultant', 'inquiries@mrsool.co', NULL, 'Company', 0, 0, '1270330670.png', NULL, '$2y$10$sAmBAUaVqY/MP2PEikQVKeZ1.FDCwda.8mTKtxgwCjJM9u4bkmYvO', NULL, '2023-10-16 13:12:43', '2023-10-31 17:14:24', '2023-10-31 17:14:24'),
(160, 'DELTA FOUNDATION', 'deltadx@emirates.net.ae', NULL, 'Company', 0, 0, '972591601.jpg', NULL, '$2y$10$ymOpVlEoZR9gjwpsBUnr0uMrhILqERrRMnG04ssUNMteJ/84Wk486', NULL, '2023-10-16 13:23:30', '2023-10-31 17:16:55', '2023-10-31 17:16:55'),
(161, 'OST Constructional', 'info@ostdubai.com', NULL, 'Company', 0, 0, '977485357.jpg', NULL, '$2y$10$DKiRPgY/HQWAWo3M4jHl1uHu1ko3w4P8tPZCQ9hi0MDu9Hl.1x3Tq', NULL, '2023-10-16 13:40:53', '2023-10-16 16:16:47', NULL),
(162, 'Federal Engineering Consultants', 'federal@fec-al.co', NULL, 'Company', 0, 0, '1649498459.png', NULL, '$2y$10$bjNg041FJaIFNYcwcKMkZuPrFXig2vHN.WM54BHs2KtZinCkDw0He', NULL, '2023-10-21 10:49:58', '2023-10-31 17:16:35', '2023-10-31 17:16:35'),
(163, 'T.M.F. EURO FOUNDATIONS', 'info@tmfeuro.a', NULL, 'Company', 0, 0, '1808633339.jpg', NULL, '$2y$10$dIPl7FG/dfcUicf90LSddOtsF0/Q1dzdtqbc/NhkxJHbe5EH5EgmK', NULL, '2023-10-21 11:10:30', '2023-10-31 17:16:22', '2023-10-31 17:16:22'),
(164, 'Emsquare Engineering Consultants', 'info@protenders.com', NULL, 'Company', 0, 0, '1667421387.jpg', NULL, '$2y$10$bilC1G/fuKh5jd72EWRFZOtw8GLb4W/T3I.FEf5SoQ.lERb63JIDu', NULL, '2023-10-21 11:37:57', '2023-10-31 17:14:09', '2023-10-31 17:14:09'),
(165, 'Cosmos Piling', 'info@cosmospiling.co', NULL, 'Company', 0, 0, '290624012.png', NULL, '$2y$10$Q89eUmpadCW7LtRpmcC3UO/OIImqsxyfp0dEgxDXz8qpu6eMclYpK', NULL, '2023-10-21 11:50:15', '2023-10-31 17:16:15', '2023-10-31 17:16:15'),
(166, 'GULF ASIA CONTRACTING (L.L.C)', 'gac_uae@eim.ae', NULL, 'Company', 0, 0, '1711232036.png', NULL, '$2y$10$gA8xBIwIQk.RRgMlWqihPuO3GZuuKNVyqnXT2mVM8623asV4ovKnq', NULL, '2023-10-24 02:36:03', '2023-10-31 17:16:07', '2023-10-31 17:16:07'),
(167, 'Venco Imtiaz Contracting Co L.L.C', 'aimtiaz@vicc.co', NULL, 'Company', 0, 0, '1304402606.png', NULL, '$2y$10$IfT8Cj2Vzpb5sbL6mDEza.BAV2r47SjOLuntoy2on1N094mEPRd8.', NULL, '2023-10-24 02:51:34', '2023-10-31 17:14:01', '2023-10-31 17:14:01'),
(168, 'al majal engineering consultants', 'majalamb@aim.ae', NULL, 'Company', 0, 0, '1464124901.jpg', NULL, '$2y$10$hZx2kHg0D/84sfA3zKJ7NuW.wrcZpec75qVlf5z5190tKZv5BLaKW', NULL, '2023-10-24 02:52:13', '2023-10-24 02:55:49', NULL),
(169, 'INVESTOR CONTRACTING', 'invstor.cont2000@gmail.com', NULL, 'Company', 0, 1, '663060765.png', NULL, '$2y$10$Z/6U8zbMt2X8tEMy0axUUe4NzmXohVZ96IzuvfkAe2zYV6dtCW2m.', NULL, '2023-10-24 03:18:35', '2023-10-31 17:13:53', '2023-10-31 17:13:53'),
(170, 'PEO Architects Engineering', 'info@poeconsultants.com', NULL, 'Company', 0, 0, '1722465641.png', NULL, '$2y$10$caKyjZWpHeoQT.uP8ZugmetG/lCdty4PZ70qhnq1KLR6B4tGEdOxm', NULL, '2023-10-24 04:11:46', '2023-10-28 13:26:29', NULL),
(171, 'Tiger contracting company', 'contact@tigergroup.ae', NULL, 'Company', 0, 0, '591696601.png', NULL, '$2y$10$HwDY5Su2KAe8AAe.K.vY2uw.bNXDWPcwTrfUQG2YTrB0hxjQ30HoS', NULL, '2023-10-24 04:52:19', '2023-10-24 05:01:04', NULL),
(172, 'landmark consulting architects and engineers', 'info@landmarkae.com', NULL, 'Company', 0, 0, '1915848286.jpg', NULL, '$2y$10$hULczTJZOrLaeQKgqMoe0uU9w.7hPuZjL6tU27kabx9Hkqbn8FazW', NULL, '2023-10-24 05:10:17', '2023-10-24 05:14:00', NULL),
(173, 'Eliya Building Contracting LLC', 'info@iliyaacontrracting.com', NULL, 'Company', 0, 0, '1774220552.jpg', NULL, '$2y$10$oGh3dbuAjo38/eIJOuaH1.UnP0XVXA3VAKIBJdGdewmALYaCm46A6', NULL, '2023-10-24 05:23:01', '2023-10-24 05:55:31', NULL),
(174, 'RENAISSANCE ENGINEERING CONSULTANT', 'rec606@eim.ae', NULL, 'Company', 0, 1, '562292065.png', NULL, '$2y$10$srJjldU8SMMKoMOhrph7fOUi59aZpUY6.ZlFuD522bAs6kANod3kS', NULL, '2023-10-24 05:33:34', '2024-07-12 17:50:58', NULL),
(175, 'Al Baraka Construction Co. L.L.C', 'info@albaraka-co.com', NULL, 'Company', 0, 0, '715554079.png', NULL, '$2y$10$iv0AM60DGPow3a/OcsQzk.bqNW05kAq0Drs4UlC8GTKyKmlgdcjeS', NULL, '2023-10-24 05:48:31', '2023-10-24 05:55:44', NULL),
(176, 'Ridge Engineering Consultants', 'info@ridgeconsult.com', NULL, 'Company', 1, 1, '1753426880.jpg', NULL, '$2y$10$btSsBzM7iIzk71iw1Wj42O9N1wpGU4xXN4AyY5gQRlU61uHlYJ6Ca', NULL, '2023-10-28 05:09:26', '2023-10-31 16:56:11', NULL),
(177, 'Turan Building Contracting LLC', 'admin@turanbc.com', NULL, 'Company', 1, 1, '868951075.png', NULL, '$2y$10$dW/nT1Vkk5tfIiBbK3mg6eYDE384B.ipMfXpmwq7BL7j12FOaCr5.', NULL, '2023-10-28 05:18:42', '2023-10-31 16:55:24', NULL),
(178, 'Al Fursan Contracting', 'info@example.com', NULL, 'Company', 1, 1, '1156249987.jpg', NULL, '$2y$10$cuQa.8AI0gI74PBmV7Elr.MoZ0JJM1yZwduG1i0d7.874WDZUhQSq', NULL, '2023-10-28 05:31:06', '2023-10-28 12:48:56', NULL),
(179, 'Adcon Consultants Engineers', 'info@adconc.com', NULL, 'Company', 1, 1, '362199480.jpg', NULL, '$2y$10$/8Nb4.fimUh17RCnmoJsXuotVG.8Q1cs1lzvv9o6XgDMd2Mf6F02u', NULL, '2023-10-28 05:45:28', '2023-10-28 12:48:48', NULL),
(180, 'Albarajeel engineering consultants', 'Office@barajeel.ae', NULL, 'Company', 1, 1, '1322119531.jpg', NULL, '$2y$10$WOegl8YKEmzKZN2t9awEOe4d8hKqlX2b6kEKFIZtR2yVGgrsC0S3.', NULL, '2023-10-28 05:53:16', '2023-10-28 12:48:38', NULL),
(181, 'Emirates & Al Nasr Building & Construction LLC', 'egyco@uae.com', NULL, 'Company', 1, 1, '509927688.jpg', NULL, '$2y$10$84PpBfyl0pOjCRY19WfWieTOEUy7hPjs5j6pqJtQ5rCsDxKnDA4Z2', NULL, '2023-10-30 12:16:30', '2023-10-30 12:57:31', NULL),
(182, 'Bainona Engineering Consultancy', 'bainona1@emirates.net.ae', NULL, 'Company', 1, 1, '47901183.jpg', NULL, '$2y$10$7pYtV4y8j3S9MRUszViDJOO803HuDw0m2j1aTaOkTM/flbg6mUPZa', NULL, '2023-10-30 12:24:57', '2023-10-30 12:58:25', NULL),
(183, 'Majestic Mountains Building Contracting LLC', 'info@mmbc.ae', NULL, 'Company', 1, 1, '342367523.jpg', NULL, '$2y$10$WbRikqGKccmtjptsDEQFgO7MKDVaCgT.pKG/aIGGuGIFXkyVoSOHy', NULL, '2023-10-30 12:34:16', '2023-10-30 12:58:15', NULL),
(184, 'FUTURE ART ENGINEERING CONSULTANCY', 'info@futureartdubai.ae', NULL, 'Company', 1, 1, '1395874335.jpg', NULL, '$2y$10$hXqhhkqv8uyiiXGq/XWH4uI47QAf87xN5ueHgECis1lIChwFlRXt6', NULL, '2023-10-30 12:46:16', '2023-10-30 12:58:04', NULL),
(185, 'STROMEK EMIRATES FOUNDATIONS (L.L.C)', 'stromek@emirates.nt.ae', NULL, 'Company', 1, 1, '1255575405.png', NULL, '$2y$10$pi4H1xQi3y32gKrKKHOmZuutPT0mTLR2MBwauEfZBVkJlwG5mq1wK', NULL, '2023-10-30 12:53:16', '2023-10-30 12:57:41', NULL),
(186, 'AL REHAB BUILDING CONTRACTING LLC', 'alrehabb@gmail.com', NULL, 'Company', 1, 1, '594873067.jpg', NULL, '$2y$10$gKAANczkAlTyoQ3y10YWaekAZGcFKTmHauCGLaDEBxcbEHVKF./G.', NULL, '2023-10-30 13:16:37', '2023-10-30 13:19:41', NULL),
(187, 'OSUS INTERNATIONAL ENGINEERING CONSULTANTS', 'dubai@internationalcon.com', NULL, 'Company', 1, 1, '176795959.jpg', NULL, '$2y$10$tuJDuW8b02uU0uPO9DbD9ODhoyyt3pETywKxAdHhB7Ibt7IZb.bd6', NULL, '2023-10-30 13:26:51', '2023-10-30 13:29:11', NULL),
(188, '. Naresco Contracting LLC', 'info@naresco.ae', NULL, 'Company', 1, 1, '1406130442.jpg', NULL, '$2y$10$YxtCSF2E5rNDYa4aqzD9XuAA5UQYLOoB4jMOdQDAfMQMaWxxHpC/i', NULL, '2023-10-31 12:30:50', '2023-10-31 12:34:57', NULL),
(189, 'HAO architects', 'of@h-aof.com', NULL, 'Company', 1, 1, '325159441.png', NULL, '$2y$10$zB9HdjxkgqPu5h78QDaWiejFqpxP60ePNYwlbyoKa0.m2prpPb4.2', NULL, '2023-10-31 12:44:10', '2023-10-31 16:37:08', NULL),
(190, 'PAI POWER AXES INTERNATIONAL FOUNDATION', 'Info@poweraxes.com', NULL, 'Company', 1, 1, '1458823525.jpg', NULL, '$2y$10$GGdiV1rqR6Pzhw5mObbcnOJ7f7hlQsoDX7yYQsWoynWpZnZh7GtHS', NULL, '2023-10-31 13:03:16', '2023-10-31 13:39:04', NULL),
(191, 'Ashiyana Contracting LLC', 'ashiyanacontracting@gmail.com', NULL, 'Company', 1, 1, '358313555.jpg', NULL, '$2y$10$p.KhmLW.IZv6.9SEYrbL/u74JYvIG6hCy2G3JMGubkEg4jF5oC/Cq', NULL, '2023-10-31 13:09:50', '2023-10-31 13:38:51', NULL),
(192, 'ORIENT CROWN ARCHITECTURAL', 'info@orient-crown.com', NULL, 'Company', 1, 1, '114471716.jpg', NULL, '$2y$10$HcQUvJFFAflyQFSuOjvazOiB8/JYgycple1WDNC6MZ0QvQwVSbGES', NULL, '2023-10-31 13:22:07', '2023-10-31 13:38:42', NULL),
(193, 'Mouhajer international design and contracting', 'info@mouhajerdesign.com', NULL, 'Company', 1, 1, '1285696897.jpg', NULL, '$2y$10$EqBRNMwTLn.jmJNYe60sqOKrvZzwN11kEe2W0TmrmdwSAFJFfKKB.', NULL, '2023-10-31 13:29:32', '2023-10-31 13:38:31', NULL),
(194, 'MMM', 'MMM@GMAIL.COM', '+971 502516985', 'Company', 0, 0, '2019527216.jpg', NULL, '$2y$10$r9qM.0EeuTA9du2bXFbAX.XnOopFLfyUAQcWe7hIa/kAdfSptynNu', NULL, '2023-11-04 04:35:25', '2024-07-05 12:30:08', NULL),
(195, 'NEXT Engineering Consultants', 'nextengn@emirates.net.ae', NULL, 'Company', 1, 0, '779368117.jpg', NULL, '$2y$10$nhh7gyeMJCa02b0ue7izA.2cx4tQZs3f8lW81Cg79wNBrlWPfGvg2', NULL, '2023-11-05 13:19:13', '2023-11-05 13:25:31', NULL),
(196, 'DEC Dynamic Engineering Consultants', 'admin@decengineering.net', NULL, 'Company', 1, 0, '159808297.jpg', NULL, '$2y$10$OTkdcH4KWimKZWxb7Ri7/uTWf5T7d6EKDfPcfzPy.cjHIuy1zWPz6', NULL, '2023-11-05 13:39:53', '2023-11-05 14:13:40', NULL),
(197, 'Al Ishrak Contracting Co. LLC', 'info@alishrak.com', NULL, 'Company', 1, 0, '1068720939.jpg', NULL, '$2y$10$GS8ad.EaNAdb4iuDNXpIAetafHYSt4/pIDTURihTXAduCy6Cb6Dc2', NULL, '2023-11-05 13:48:31', '2023-11-05 14:11:20', NULL),
(198, 'Globe Building Contracting', 'info@globeco.ae', NULL, 'Company', 1, 0, '2129482168.jpg', NULL, '$2y$10$OwHUBcYDvGMo9fNpoCuS4e3HlpckbvB3kfnW0d4fswkEkTXbtItG.', NULL, '2023-11-05 14:01:51', '2023-11-05 14:09:27', NULL),
(199, 'LACASA Architects & Engineering Consultants', 'info@lacasa.ae', NULL, 'Company', 1, 0, '19767274.png', NULL, '$2y$10$5rHq7Ns1DWcgd8.6aEM8q.mC7WC5gSBTSXJcxlfd.NiqoFOnxTrge', NULL, '2023-11-05 14:09:28', '2023-11-05 14:13:19', NULL),
(200, 'Urban Habitat Architectural Consultants', 'info@u-h.ae', NULL, 'Company', 1, 0, '208318582.jpg', NULL, '$2y$10$tbKEutRbZTNxAcuDj.VCZ.aszQ6cWjT6bc/lMEoncYucjs97FNx2C', NULL, '2023-11-05 14:27:31', '2023-11-05 14:30:56', NULL),
(201, 'Future Towers Contracting', 'davood@aqqgroup.com', NULL, 'Company', 1, 0, '227193342.jpg', NULL, '$2y$10$O2noqAmRpCDVzU6XnggJDO04nndcmQvmj7/Xrzx4p/aNqWPnOHWLC', NULL, '2023-11-05 15:02:06', '2023-11-05 15:06:48', NULL),
(202, 'Golden Square Engineering Consultants', 'info@gsengint.com', NULL, 'Company', 1, 0, '988242035.png', NULL, '$2y$10$Qs601TRL0k4or4t.r.LpuOdV3q16nUwpriwAbYU6Gp9WxlsTvxd32', NULL, '2023-11-10 15:18:05', '2023-11-10 16:16:09', NULL),
(203, 'Modern Building Contracting', 'info@mbcc.ae', NULL, 'Company', 1, 0, '124793932.jpg', NULL, '$2y$10$um6CEcNruQuNKEenBvoYCuMJcjWeXn64Sriy4gx9vZ0nEG3qyT9Se', NULL, '2023-11-10 15:31:09', '2023-11-10 16:15:54', NULL),
(204, 'Mega Tech Pilling Contracting & Foundation LLC', 'info@megatechcont.ae', NULL, 'Company', 1, 0, '767704995.jpg', NULL, '$2y$10$bW3zNY1qxYhyTBnKNEx7yeoS3/lT5g/pQ.7eNEFJM2cyzw8c5DQU.', NULL, '2023-11-10 16:25:39', '2023-11-10 16:29:34', NULL),
(205, 'CVTEC Consulting Engineers', 'info@cvtec.ae', NULL, 'Company', 1, 0, '567917704.png', NULL, '$2y$10$ONZWUTVUQrbp/.CS9Hg9oeD0Y19/l6WZn6ydOBSsXxFNEgAxS5pCm', NULL, '2023-11-10 16:35:07', '2024-07-11 14:08:45', NULL),
(206, 'Shadid Engineering Consultants', 'Shadidem@Eim.Ae', NULL, 'Company', 1, 0, '1134764147.jpeg', NULL, '$2y$10$oBoVSvS85sb356RAmUZYduNS7hiZooEVUct4qnhALQ6NZYL4uFK3u', NULL, '2023-11-10 16:44:04', '2023-11-10 16:58:30', NULL),
(207, 'progress constructions llc', 'pcllc@eim.ae', NULL, 'Company', 1, 0, '284343854.png', NULL, '$2y$10$qJMFZi9uuWboGIV3VUty9uTHFfrp3TcD0EXdq9/gCguECa3IbTK32', NULL, '2023-11-10 16:52:52', '2023-11-10 16:58:20', NULL),
(208, 'Haji', 'okzeela.star@gmail.com', NULL, 'Company', 1, 0, '1026123645.jpg', NULL, '$2y$10$wFd22K1EG0M4YzYwxJBwy.mtvG6JwwL1AUGoWEFWDQz9tyyZZcWK.', NULL, '2023-11-13 04:33:10', '2023-11-13 04:34:25', NULL),
(209, 'arkiplan consulting architects & engineers', 'admin@arkiplan-me.com', NULL, 'Company', 1, 0, '948901510.png', NULL, '$2y$10$.Wou1lRmJgH58HF7uvKld.wBTtVccNxOfzMT5.6UPHX7004iEZBNu', NULL, '2023-11-13 19:02:57', '2023-11-13 19:07:48', NULL),
(210, 'Al Shafar National Contracting L.L.C', 'shafar98@emirates.net.ae', NULL, 'Company', 1, 0, '233911148.jpg', NULL, '$2y$10$mPe7zU/.kIMJDoL8zLs99uKQZV1vjfrLePp8Rd28/yCMjusfl1zIG', NULL, '2023-11-13 19:14:40', '2024-07-11 14:08:53', NULL),
(211, 'AL MASHRIQ ARCHITECTURAL CONSTRUCTION CO.(L.L.C.)', 'mccdubai@eim.ae', NULL, 'Company', 1, 0, '364573561.jpg', NULL, '$2y$10$wrUozSuaYbjOV75CKxxTruIERIe/bv01D2MLRdNrddZif9EowqeAO', NULL, '2023-11-13 19:31:18', '2024-07-11 14:08:59', NULL),
(212, 'ALHAZAMI BUILDING CONTRACTING (L.L.C)', 'khaledrb@eim.ae', NULL, 'Company', 1, 0, '1927268154.jpg', NULL, '$2y$10$RamrGsROwqNz38ay8x9lkOP9WJx8fCZaov17zcueXBMY5BzLVlp9K', NULL, '2023-11-14 12:33:51', '2023-11-14 12:39:38', NULL),
(213, 'Arenco Architectural & Engineering Consultants', 'contactus@aaagroup.ae', NULL, 'Company', 1, 0, '609055188.png', NULL, '$2y$10$J7Uy2Ivg9STtw2KOpDkWTuhKXBlSiJSRbDGd4pLj2CS6hk2re4ipm', NULL, '2023-11-14 12:46:11', '2023-11-14 12:51:48', NULL),
(214, 'AL AHMADIAH INTERNATIONAL CONTRACTING LLC', 'afgpd1@alahmadiah.ae', NULL, 'Company', 1, 0, '760786776.png', NULL, '$2y$10$Q1IZO0gGIVchxRlwVILVtOsnYrCtSi8SvJjczkI41IIfWn8pP3aqC', NULL, '2023-11-14 13:08:47', '2023-11-14 13:27:01', NULL),
(215, 'Model Engineering Consultants', 'info@modeleng.ae', NULL, 'Company', 1, 0, '1750739865.png', NULL, '$2y$10$bbZb5nAymuq8yxWTIFogPuCcET9u9AcWXknG9NCAA6EgmEmCOgkHC', NULL, '2023-11-14 13:23:31', '2023-11-14 13:26:52', NULL),
(216, 'Al Ashram Contracting L.L.C.', 'frontoffice@al-ashram.com', NULL, 'Company', 1, 0, '1921121838.png', NULL, '$2y$10$LtAs19PH.MW3p/0lZyyzpeSaKBbjrugCmZ/bUp4ksM4VhRmhfOL6m', NULL, '2023-11-14 13:30:42', '2024-07-11 14:09:09', NULL),
(217, 'Al Sahil Engineering Consultations', 'alsahelengineering@gmail.com', NULL, 'Company', 0, 0, '906258300.jpg', NULL, '$2y$10$F.OgHzuv6.VNE.CiZLbS.e7pCTxhvBAj./e60J6oXVKPp0AA0J6Mu', NULL, '2023-11-14 13:40:30', '2023-11-14 13:40:30', NULL),
(218, 'sundus Building Contracting', 'sbcgroup2006@gmail.com', NULL, 'Company', 1, 0, '1299602340.jpg', NULL, '$2y$10$3rkZjqtxYCQJgeOneyGeOOxG/DVL47HocUw6IKZ7.ZOsir8kltOW6', NULL, '2023-11-14 13:56:16', '2023-11-14 14:20:59', NULL),
(219, 'Design Engineering Consultants', 'info@designec.net', NULL, 'Company', 1, 0, '1339196102.jpg', NULL, '$2y$10$JTfiNHsmXZU3ty72a0MbS.ujWLILi78KG4ElPYW0DwLxorBPWXw0K', NULL, '2023-11-16 12:59:30', '2023-11-16 13:04:41', NULL),
(220, 'Sarh Al Murjan Building Contracting', 'sarhalmurjan.bldgcont@gmail.com', NULL, 'Company', 1, 0, '174222065.png', NULL, '$2y$10$0BmiBwkwQI7q3/uNRve9OO32x/rjYK0392fKZlOSp7nAyLuTH3KZC', NULL, '2023-11-16 13:10:26', '2023-11-16 13:14:00', NULL);
INSERT INTO `users` (`id`, `name`, `email`, `phone`, `role_name`, `status`, `approval`, `profile_pic`, `email_verified_at`, `password`, `remember_token`, `created_at`, `updated_at`, `deleted_at`) VALUES
(221, 'Continental Engineering Consultant', 'cecagm@emirates.net.ae', NULL, 'Company', 1, 0, '637699513.jpg', NULL, '$2y$10$rUNkSn0X9o2/.o2yD980FuGYOe01eVj/X6BTGbgPW.jXwpQmSm4zG', NULL, '2023-11-16 13:26:27', '2023-11-16 13:30:17', NULL),
(222, 'Prestige Constructions LLC', 'corporate@prestigegroup.me', NULL, 'Company', 1, 0, '1996264093.png', NULL, '$2y$10$u/LPjam2rZfCKUCOrmZhNeCywauImtD8JH.kX/67dWcU41OuNjWH2', NULL, '2023-11-16 13:42:27', '2023-11-20 05:07:23', NULL),
(223, 'EDMAC Engineering Consultant', 'info@edmacconsulting.com', NULL, 'Company', 1, 0, '1386557636.jpg', NULL, '$2y$10$oeKMJhqrFitwQbrWtlc9MuyFsZ.jloh5jxAic5QAlhOQ74hpZVqHm', NULL, '2023-11-16 14:32:10', '2023-11-20 05:07:42', NULL),
(224, 'TEAM ENGINEERING ENTERPRISES LTD.', 'teament@emirates.net.ae', NULL, 'Company', 1, 0, '177872269.png', NULL, '$2y$10$krfZmmwm36fLrdaTEqRH4e7nb8kCtBLZCV9JZZ1YA37LXJtgUa.4.', NULL, '2023-11-20 04:51:05', '2023-11-20 05:07:08', NULL),
(225, 'skr building contracting llc', 'info@skrbcont.com', NULL, 'Company', 1, 0, '1538649384.png', NULL, '$2y$10$j7ak8FGXESM3Qol1ee1WEOc72/z7/u4G5vKxMouqtjb/0pAeT6IYm', NULL, '2023-11-20 05:02:18', '2023-11-20 05:06:55', NULL),
(226, 'NA Architects Engineering Consultancy', 'dubai@naarchitects.net', NULL, 'Company', 1, 0, '1622458921.jpg', NULL, '$2y$10$J51A.qG66e/uuobwcD0N8uFDxOXazPOz9RIp7NaIo5LtmO9WH.Hp.', NULL, '2023-11-20 05:16:37', '2023-11-20 05:20:52', NULL),
(227, 'Emirates Engineer Consulting Engineering', 'eece1959@eim.ae', NULL, 'Company', 1, 0, '2109258484.jpg', NULL, '$2y$10$CbSN/wqZRNWfXRPlUaHbZey6n1DUQL9AwI536lAhBPgy3EeIwvF1.', NULL, '2023-11-20 05:31:30', '2023-11-20 05:44:58', NULL),
(228, 'Al Sayegh Contracting L.L.C', 'info@alsayeghgroup.ae', NULL, 'Company', 1, 0, '1316212785.jpg', NULL, '$2y$10$2Zt5SkXuxDCDrncstJwFL.qgC/E6p.i9gcvfQWzwsfJIwiqr.7NpC', NULL, '2023-11-20 05:40:49', '2024-07-05 12:29:50', NULL),
(229, 'Proline Engineering Consultants', 'info@prolineconsult.com', NULL, 'Company', 1, 0, '355778313.jpg', NULL, '$2y$10$L1QCT.6A05x2AWnMD9guse1wXBqwS4HOEW5rq0h2CzYeQQ/KtiT62', NULL, '2023-11-23 06:19:00', '2023-11-23 06:23:35', NULL),
(230, 'Nantong Construction Group Company Limited', 'mail@ntjg.com', NULL, 'Company', 1, 0, '230111958.jpg', NULL, '$2y$10$jayS0yq.3unZ1NV5YwCraOqWff5BUKtM2FKemTq1QHRhklaAoBzDW', NULL, '2023-11-23 06:31:23', '2023-11-30 04:38:50', NULL),
(231, 'noora engineering consultant', 'admin@nooraconsultancy.com', NULL, 'Company', 1, 0, '53112179.jpg', NULL, '$2y$10$4gO7xiZztwZBROpv4Hj6lOqBNjX5n96bN/wIYdxi8pRo5fwcwOV.u', NULL, '2023-11-23 06:49:55', '2023-11-30 04:38:41', NULL),
(232, 'ABNA ALAMIR COUNTRACTING L.L.C', 'luzancom@emirates.ae', NULL, 'Company', 1, 0, '2008383769.jpg', NULL, '$2y$10$s9wG0S/Fi9pXTvU8ZIIR5Oku/rL5KizlyzCA0miFDDDSrtbjmvI7K', NULL, '2023-11-30 04:45:00', '2024-06-27 22:40:06', NULL),
(233, 'Al Ummah Contracting LLC', 'alummah1@emirates.net.ae', NULL, 'Company', 1, 0, '1481122318.jpg', NULL, '$2y$10$sYzYfxa4yShAeR6wnpu7U.wfVv0TQghueWn92Nf4ZK23bj3mrlYJi', NULL, '2023-11-30 05:08:29', '2024-07-05 12:29:43', NULL),
(234, 'Julfar Contracting LLC', 'info@julfarcontracting.com', NULL, 'Company', 1, 0, '2024502625.jpg', NULL, '$2y$10$H3av.Mu7qFZn04q2drG.w./wLlq95SP93y2cJT/x3MG2JghhoGtOm', NULL, '2023-11-30 05:24:35', '2023-11-30 05:24:44', NULL),
(235, 'AL RAKHA GENERAL CONTRACTING (L.L.C)', 'arrakha@emirates.net.ae', NULL, 'Company', 1, 0, '499082713.jpg', NULL, '$2y$10$5CpDGZnfRGmIxr5vN1fCMuTKLzklI4PXIsK33qhjBaDiN8rjn.uFu', NULL, '2023-11-30 05:37:17', '2024-06-27 22:38:46', NULL),
(236, 'mmmd', 'mdmd@gmail.com', NULL, 'Company', 1, 0, '1361485786.PNG', NULL, '$2y$10$RHR6iCFddr1sKciJg9tcE.VdEgmJbIaveyv.pmgubMDHu6I4tc8V2', NULL, '2024-01-26 14:37:01', '2024-01-26 14:39:54', NULL),
(237, 'admin100', 'admin@admin100.com', NULL, 'admin100', 0, 0, NULL, NULL, '$2y$10$SytAYKtcm6eV5mOuqJm5reRvNYBEsz6n3AMkszk.x3FKOTGH5/oCG', NULL, '2024-02-07 02:53:07', '2024-02-16 20:53:53', '2024-02-16 20:53:53'),
(238, 'admin100', 'md100@gmail.com', NULL, 'admin100', 0, 0, NULL, NULL, '$2y$10$ytQphYtGAM2hMrRfaBerIeIMcLn5DYNroXpjMBHyWeK2L0hUbPNY.', NULL, '2024-02-07 02:53:31', '2024-02-16 20:53:47', '2024-02-16 20:53:47'),
(239, 'Muhammad javed', 'javed1234.j11@gmail.com', '0545385283', 'Person', 0, 0, NULL, NULL, '$2y$10$F2rVvunnRafC9zaRBPL1DOnzHMWmb4UeW9SoWRgeO9nIJsoc635BK', NULL, '2024-03-11 08:14:34', '2024-03-26 04:19:43', NULL),
(240, 'Muhammad javed', 'shahidmr78900@gmail.com', '0545385283', 'Person', 0, 0, NULL, NULL, '$2y$10$DNlLjQBKmq6USAPYeSTFVeDqcrrht4KvLLZlUfjiKq/Ph2X7.R47W', NULL, '2024-03-11 08:15:22', '2024-03-26 04:19:31', NULL),
(241, 'adm', 'adamm@gmail.com', '+971 +971 151617', 'Company', 1, 0, '247212382.png', NULL, '$2y$10$0r9nxPqPW9MfMOKK1NgUl.kH5SRAsek7EJfu9e11G8fCi8ObqO5dW', NULL, '2024-03-26 04:35:08', '2024-08-16 21:44:18', NULL),
(242, 'nnnn', 'nnnn@gmail.com', '0555', 'Person', 1, 1, NULL, NULL, '$2y$10$rBdL9JeC9aPkZSfqoXDiOu/atw.Es1HZLyKK3GxYJ1pPOQqy990Tu', NULL, '2024-03-26 04:45:09', '2024-07-10 22:59:54', NULL),
(243, 'Mourad Daoud', 'mouraddaoud916@gmail.com', '0588370984', 'Person', 0, 0, NULL, NULL, '$2y$10$xdT48WZ13qF7kGuhjv5ceuPylqqG/FmLBrgF1yQ1dMDlpDAK9LZE2', NULL, '2024-07-04 15:27:28', '2024-07-05 12:28:41', NULL),
(244, 'mmmn', 'admin@gmail.com', NULL, 'Company', 1, 0, '623375786.PNG', NULL, '$2y$10$XvATfs5YQIBg1pvD8KjOcOj.BFgN3/rz.qKXkwFce0A18mjBkvyTS', NULL, '2024-07-16 19:11:05', '2024-08-16 21:43:23', NULL),
(245, 'محمود جمال احمد', 'mhmoudmc3369@gmail.com', NULL, 'Company', 0, 0, NULL, NULL, '$2y$10$hcLgIgizZC36GYi0bxP6g.RcRnJe/JqBdwGbfFAwb5lAE9pKQ5Yoq', NULL, '2024-08-03 07:52:46', '2024-08-19 14:11:49', NULL),
(246, 'companyapp', 'companyapp@gmail.com', NULL, 'Company', 0, 0, '933546887.png', NULL, '$2y$10$K5wuTbR7hk9tzR/cNOq/vueV1Sa/IzksrBIi7JVmUbhYwk1zCrx0i', NULL, '2024-08-17 14:02:44', '2024-08-17 14:08:28', NULL),
(247, 'Al Maali Engineering Consultancy', 'almaali.eng@gmail.com', NULL, 'Company', 1, 0, '1808781783.jpg', NULL, '$2y$10$iaF7rxwogrzmzgDrB5ZA1exUR53uRO8X4eb1DtsdbDU6OYe0ZWiPW', NULL, '2024-08-19 11:53:49', '2024-08-19 12:02:23', NULL),
(248, 'EMIRATES SANDS Contracting Co LLC', 'info@esands-uae.com', NULL, 'Company', 1, 0, '703231021.png', NULL, '$2y$10$JG/VccgY9w/uGCjXHSfNwus0yyDvdFTkzs688o7ksm7UdIzL77Wqu', NULL, '2024-08-19 12:06:25', '2024-08-19 12:11:54', NULL),
(249, 'Bait Al Imarah Engineering Consultancy', 'dar@engdar.com', NULL, 'Company', 1, 0, '1745637988.jpg', NULL, '$2y$10$vurfymUoEqVxgEeRwOKD6OySj9HKEsEpxGzC6jJGMGhAIR0PfkFZi', NULL, '2024-08-19 12:28:46', '2024-08-19 13:05:39', NULL),
(250, 'Cochin Building Contracting L.L.C', 'cochindx@eim.ae', NULL, 'Company', 1, 0, '367121743.jpg', NULL, '$2y$10$2TcPE7CtyBPWPdjcIeETHOcU6d1DhBdn5oE5jR5SbZO5CGBDut526', NULL, '2024-08-19 12:39:25', '2024-08-19 13:05:23', NULL),
(251, 'Al Tameer Engineering Consultants', 'info@alt3mer.com', NULL, 'Company', 1, 0, '2043478575.jpg', NULL, '$2y$10$zJokYOr4OB98Wn5pn8EVk.vWdCQwW52qp1uPjctbM9j8PluC6yrMq', NULL, '2024-08-19 13:00:05', '2024-08-19 13:05:06', NULL),
(252, 'City Nights Contracting LLC', 'info@cityightscontracting.com', NULL, 'Company', 0, 0, '13215374.jpg', NULL, '$2y$10$g7FJK9rZHq5/dHav3kLvje5LCV86/QnYX31SWi8J0CArr6nBUddZu', NULL, '2024-08-21 01:34:15', '2024-08-21 01:35:40', '2024-08-21 01:35:40'),
(253, 'Union Contracting Company', 'info@unionig.com', NULL, 'Company', 1, 0, '1015218181.png', NULL, '$2y$10$xplBuHDXzXHAYq1puEnBAeKrn2el73qX9.Z8zFiCE29Gw5KW.WMKi', NULL, '2024-08-21 01:41:11', '2024-08-21 01:44:51', NULL),
(254, 'Sarh Al Khaleej Building Contracting LLC', 'murtaza.sakbcont@gmail.com', NULL, 'Company', 1, 0, '1536823580.jpg', NULL, '$2y$10$KBREQeJ0sgHElSyg33hu0e1Au58ayX87qc2i1nE5m6ioaodcs1w0O', NULL, '2024-08-21 01:58:49', '2024-08-21 02:18:30', NULL),
(255, 'Shine Square Building Contracting llc', 'info@shinesquarebuilders.com', NULL, 'Company', 1, 0, '427728584.png', NULL, '$2y$10$6P6Ay6k1EL9buV2a8gqPYOwooS.6OEO3csOigV2b4HpGza4NAa366', NULL, '2024-08-21 02:18:15', '2024-08-21 02:18:40', NULL),
(256, 'AL Nahda Eng. Consultant', 'nahdaeng@emirates.net.ae', NULL, 'Company', 1, 0, '509704658.png', NULL, '$2y$10$lpyh9ShQtU3qPkNx6e1Ka.xwB9uxPgH95JGOig/EjO4Dj.edAJX9i', NULL, '2024-08-22 01:11:02', '2024-08-24 16:32:25', '2024-08-24 16:32:25'),
(257, 'Al Ajmi Engineering Consultans', 'alajmi.consultant@gmail.com', NULL, 'Company', 1, 0, '688808690.png', NULL, '$2y$10$fyxn5eV7dNbjaYboVAom7eihO5ZIrO4j7kA/CjtziT2Zn./0Rb54W', NULL, '2024-08-22 01:23:59', '2024-08-22 01:30:07', NULL),
(258, 'Ahmed Hussien', 'ahmed@example.com', '01278123996', 'Person', 1, 1, NULL, NULL, '$2y$10$NG/aWoGHQOOrR55hL31uzen9oTAgZu5zSnshsim9j7y5RY8D00WXS', NULL, '2024-08-22 06:50:54', '2024-08-22 06:50:54', NULL),
(259, 'BHNS Engineering Consultants', 'nfo@bh-ns.com', NULL, 'Company', 1, 0, '1852171402.png', NULL, '$2y$10$o5AOe.Pv8hOwRA5v./6l.uRJ9YvC1Cuiyb3VNOLjVPgk6GVX7NJ5e', NULL, '2024-08-22 13:06:20', '2024-08-22 18:57:18', NULL),
(260, 'Mimar Architecture & Engineering', 'mimarad@mimar-group.com', NULL, 'Company', 1, 0, '1367090864.png', NULL, '$2y$10$KNvGXLKGpC1IXmuMT3Ajhuax/JKwNvOHt3HOU.o8R06IfXOQE9r06', NULL, '2024-08-22 13:33:56', '2024-08-22 13:37:55', NULL),
(261, 'Design Center Architects and Engineers Consultants', 'designcn@emirates.net.ae', NULL, 'Company', 1, 0, '764450015.jpg', NULL, '$2y$10$sM7dj6MRoeUDJnmv6l8INOLQQbBbWYpPdz/5f9CfcsrH9mW744Bxq', NULL, '2024-08-22 13:50:39', '2024-08-22 13:54:33', NULL),
(262, 'ALZAHRAA FOUNDATION CONTRACTING (L.L.C)', 'sayed@bssgi.com', NULL, 'Company', 1, 0, '1421408009.png', NULL, '$2y$10$3DKj4aoO36WfHff6z2z4j.lq.HvxZgHHS31iYLhweHeqY/XUCAsCe', NULL, '2024-08-23 23:59:14', '2024-08-24 00:03:50', NULL),
(263, 'M M S  Architectural and Engineering Consultans', 'mms@mms.engineering', NULL, 'Company', 1, 0, '685060684.jpg', NULL, '$2y$10$AkeQXRFKZtC7PAVG1FE9BOVT5UGTJivnsjMpK.g.pE8WFvHFi.Gg6', NULL, '2024-08-24 00:16:30', '2024-08-24 00:27:20', NULL),
(264, 'Geo Foundation Group L.L.C', 'Tender@geofoundationdxb.com', NULL, 'Company', 1, 0, '1405531443.png', NULL, '$2y$10$K8JAJ1Sw.P/EIpM0x1A0fOA8rqEAgSFqrRau97gVRjDksm/XQNtlm', NULL, '2024-08-24 00:34:50', '2024-08-24 02:23:25', NULL),
(265, 'Omnium International Limited', 'info@omnium.com', NULL, 'Company', 1, 0, '1022431792.png', NULL, '$2y$10$x14D0DV3MlwO2paKXlxl8OFmnkrX5/0cZmtbj1IMYDSSFq5AcorAm', NULL, '2024-08-24 01:11:27', '2024-08-24 15:29:59', NULL),
(266, 'Smc consulting engineers', 'info@smehboob.com', NULL, 'Company', 1, 0, '1851296087.png', NULL, '$2y$10$28aLPRN0zfJ/yYnqDTE81eV2.QeE30s/6ZYLc3bg5nVxPriXssHrC', NULL, '2024-08-24 01:44:29', '2024-08-24 02:23:35', NULL),
(267, 'AL NAHDA eng.consulting Engineers', 'nahdaeng@emirates.ne', NULL, 'Company', 1, 0, '1315951808.png', NULL, '$2y$10$Fh2F85.ft/gdK1tb99KmMuzES98LchkHCgbXzxfi44SWqROwS0556', NULL, '2024-08-24 01:56:48', '2024-08-24 01:59:59', NULL),
(268, 'Al Wathba Building Contracting Company', 'info@alwathba.com', NULL, 'Company', 1, 0, '7396000.png', NULL, '$2y$10$BwAu4zM3rZQbOJlYiuqKfOJA8pzepSH0sLXyHC307sjjI/XRXKbEK', NULL, '2024-08-24 02:19:18', '2024-08-24 02:23:09', NULL),
(269, 'GENERAL CONSTRUCTION C0. LLC', 'info@gccuae.com', NULL, 'Company', 1, 0, '1420823924.jpg', NULL, '$2y$10$e3N7Wt1VtcPNk4p9HO5LrenjI29phroZEfQqUGbv9tSg8Osthhg2W', NULL, '2024-08-25 12:40:05', '2024-08-25 12:44:22', NULL),
(270, 'Al Shafar Electrical & Mechanical Engineering Co. (LLC)', 'shafar97@emirates.net.ae', NULL, 'Company', 1, 0, '1939904514.jpg', NULL, '$2y$10$aSTT7gYP4NiCb1IL03jEI.UA7O62OKQf.Y7qYa.c8XObio70XVgoW', NULL, '2024-08-25 13:02:22', '2024-08-25 13:02:32', NULL),
(271, 'ALthuriah construction', 'sales@althuriah.com', NULL, 'Company', 1, 0, '849784885.png', NULL, '$2y$10$D3hi.Uu0ftv9/CErUxZq0uUV6mdfQhYtWIg/DukaJNfdMQwxWIf8m', NULL, '2024-08-25 13:34:11', '2024-08-25 13:34:26', NULL),
(272, 'Meraki facade & glazing systems llc', 'enquiry@merakidevelopers.com', NULL, 'Company', 0, 0, '283196867.jpg', NULL, '$2y$10$Hk1CzPpPLh8nmoSEK6ADk.bdT6vIJZGt6JEbWmNuki.70TgQCsNHy', NULL, '2024-08-25 14:10:56', '2024-08-25 14:10:56', NULL),
(273, 'Meraki Integrated Contracting LLC', 'enquiry@merakidevelopes.com', NULL, 'Company', 0, 0, '1710714154.jpg', NULL, '$2y$10$V3f1NpTiSi6tv2YW92sQ6.mvV4OFGd6q4Zc9qqkFOZn/uSu7mW94G', NULL, '2024-08-25 14:21:13', '2024-08-25 14:21:13', NULL),
(274, 'WME Engineering Consultants', 'info@wmeglobal.com', NULL, 'Company', 1, 0, '1052583304.png', NULL, '$2y$10$eky2u/3uWziWYZDT4AZoauiK3zvLvFkUyvWj8JqxJjASkAXXEOw1C', NULL, '2024-08-25 14:36:28', '2024-09-05 15:05:03', NULL),
(275, 'U+A Architecture, Interior Design, Urban Planning', 'press@ua-intl.com', NULL, 'Company', 0, 0, '372195747.png', NULL, '$2y$10$178bh6aO7.UlrHnS2OmrR.ZUAhKxv72oL2mYkr2JhZMUmxVr5XuNS', NULL, '2024-08-25 15:03:01', '2024-08-25 15:03:01', NULL),
(276, 'Gulf Modern Contracting', 'Info@gmc-co.com', NULL, 'Company', 1, 0, '2043457989.png', NULL, '$2y$10$7.9W2Uy0HkXdPpdzLNXeI.n1sUiHk8QrQVKFHCcgjevT47wC4dyRW', NULL, '2024-08-25 15:09:57', '2024-08-25 15:14:43', NULL),
(277, 'AYHACO Gypsum products manufacturing', 'ayhacouae@gmail.com', NULL, 'Company', 1, 0, '123078855.jpeg', NULL, '$2y$10$60gVfvzDIZcJ2e9rHV00nuvaN4dq13kfDoFWQ7AQHqF7Tql.6fc5.', NULL, '2024-08-30 19:01:57', '2024-08-30 19:02:24', NULL),
(278, 'Ahmed Hussien', 'ahmed21@gmail.com', NULL, 'Company', 0, 0, NULL, NULL, '$2y$10$wLFF978I2Vpn/15a7UNlKOPErL69ESpBUnOM6qBefNCxjU9KiX2Ou', NULL, '2024-09-07 07:23:19', '2024-09-12 08:34:44', NULL),
(279, 'Ahmed Hussien', 'ahmed12@gmail.com', NULL, 'Company', 0, 0, NULL, NULL, '$2y$10$uwlKykddK9yJPQrY5.rssutnv9bjUofpoHAIsYu6ETh2dvrS9MfkO', NULL, '2024-09-07 07:24:23', '2024-09-12 08:34:38', NULL),
(280, 'Ahmed Hussien', 'Ahmed123@gmail.com', '01278123996', 'Person', 1, 1, NULL, NULL, '$2y$10$BL/fHclkoYxLLq31YP3Kw.2Me/kdkgLG0afHjURAYfeOkEDSoTr8S', NULL, '2024-09-12 18:16:35', '2024-09-12 18:16:35', NULL);

-- --------------------------------------------------------

--
-- Table structure for table `videos`
--

CREATE TABLE `videos` (
  `id` bigint(20) UNSIGNED NOT NULL,
  `link` varchar(255) DEFAULT NULL,
  `cover` varchar(255) DEFAULT NULL,
  `video` varchar(255) DEFAULT NULL,
  `featured` smallint(6) NOT NULL DEFAULT 0 COMMENT '0=>Normal,1=>Featured',
  `description_ar` text DEFAULT NULL,
  `description_en` text DEFAULT NULL,
  `created_at` timestamp NULL DEFAULT NULL,
  `updated_at` timestamp NULL DEFAULT NULL
) ENGINE=InnoDB DEFAULT CHARSET=utf8mb4 COLLATE=utf8mb4_unicode_ci;

--
-- Dumping data for table `videos`
--

INSERT INTO `videos` (`id`, `link`, `cover`, `video`, `featured`, `description_ar`, `description_en`, `created_at`, `updated_at`) VALUES
(12, NULL, NULL, '1503126013.mp4', 0, 'Gipsom,Decor &Paint Contrac', 'Gipsom,Decor &Paint Contrac', '2024-08-23 17:53:12', '2024-08-23 17:53:12'),
(13, NULL, NULL, '80055243.mp4', 0, 'Ali Al Enezi Electrical Contracting', 'Ali Al Enezi Electrical Contracting', '2024-08-23 18:13:37', '2024-08-23 18:13:37'),
(14, NULL, NULL, '1804315163.mp4', 0, 'GRI Design', 'GRI Design', '2024-08-23 18:19:02', '2024-08-23 18:19:02'),
(15, NULL, NULL, '1411969673.mp4', 0, 'This is 60x120cm endless collection ,Pls let us kbow if any queries\r\nWe are manufacturer and exporter of porcelain tiles from India', 'This is 60x120cm endless collection ,Pls let us kbow if any queries\r\nWe are manufacturer and exporter of porcelain tiles from India', '2024-08-23 18:30:20', '2024-08-23 18:30:20'),
(16, NULL, NULL, '1772126039.mp4', 0, 'manufacturer and exporter of porcelain tiles from India', 'manufacturer and exporter of porcelain tiles from India', '2024-08-23 18:31:39', '2024-08-23 18:31:39'),
(17, NULL, NULL, '991316709.mp4', 0, 'Manufacturer and exporter of porcelain tiles from India', 'Manufacturer and exporter of porcelain tiles from India', '2024-08-23 18:34:21', '2024-08-23 18:34:21'),
(18, NULL, NULL, '2118346993.mp4', 0, 'This is 60x120cm\r\nPorcelain high glossy tiles', 'This is 60x120cm\r\nPorcelain high glossy tiles', '2024-08-23 18:46:04', '2024-08-23 18:46:04'),
(20, NULL, '721551218.jpeg', '362703730.mp4', 0, 'Ayhaco gypsum product', 'Ayhaco gypsum product', '2024-08-30 20:01:30', '2024-08-30 20:01:30');

--
-- Indexes for dumped tables
--

--
-- Indexes for table `cities`
--
ALTER TABLE `cities`
  ADD PRIMARY KEY (`id`);

--
-- Indexes for table `classifieds`
--
ALTER TABLE `classifieds`
  ADD PRIMARY KEY (`id`),
  ADD KEY `classifieds_user_id_foreign` (`user_id`),
  ADD KEY `classifieds_classified_package_id_foreign` (`classified_package_id`),
  ADD KEY `classifieds_size_id_foreign` (`size_id`);

--
-- Indexes for table `classifieds_packages`
--
ALTER TABLE `classifieds_packages`
  ADD PRIMARY KEY (`id`),
  ADD KEY `classifieds_packages_size_id_foreign` (`size_id`);

--
-- Indexes for table `communications`
--
ALTER TABLE `communications`
  ADD PRIMARY KEY (`id`),
  ADD KEY `communications_user_id_foreign` (`user_id`);

--
-- Indexes for table `companies`
--
ALTER TABLE `companies`
  ADD PRIMARY KEY (`id`),
  ADD KEY `companies_user_id_foreign` (`user_id`),
  ADD KEY `companies_package_id_foreign` (`package_id`),
  ADD KEY `companies_section_id_foreign` (`section_id`),
  ADD KEY `companies_city_id_foreign` (`city_id`);

--
-- Indexes for table `company_major`
--
ALTER TABLE `company_major`
  ADD PRIMARY KEY (`id`),
  ADD KEY `company_major_company_id_foreign` (`company_id`),
  ADD KEY `company_major_major_id_foreign` (`major_id`);

--
-- Indexes for table `company_project`
--
ALTER TABLE `company_project`
  ADD PRIMARY KEY (`id`),
  ADD KEY `company_project_company_id_foreign` (`company_id`),
  ADD KEY `company_project_project_id_foreign` (`project_id`);

--
-- Indexes for table `company_sliders`
--
ALTER TABLE `company_sliders`
  ADD PRIMARY KEY (`id`),
  ADD KEY `company_sliders_user_id_foreign` (`user_id`);

--
-- Indexes for table `cvs`
--
ALTER TABLE `cvs`
  ADD PRIMARY KEY (`id`),
  ADD KEY `cvs_city_id_foreign` (`city_id`),
  ADD KEY `cvs_job_category_id_foreign` (`job_category_id`),
  ADD KEY `cvs_user_id_foreign` (`user_id`);

--
-- Indexes for table `failed_jobs`
--
ALTER TABLE `failed_jobs`
  ADD PRIMARY KEY (`id`),
  ADD UNIQUE KEY `failed_jobs_uuid_unique` (`uuid`);

--
-- Indexes for table `jobs`
--
ALTER TABLE `jobs`
  ADD PRIMARY KEY (`id`),
  ADD KEY `jobs_city_id_foreign` (`city_id`),
  ADD KEY `jobs_job_category_id_foreign` (`job_category_id`),
  ADD KEY `jobs_user_id_foreign` (`user_id`);

--
-- Indexes for table `jobs_categories`
--
ALTER TABLE `jobs_categories`
  ADD PRIMARY KEY (`id`);

--
-- Indexes for table `main_sliders`
--
ALTER TABLE `main_sliders`
  ADD PRIMARY KEY (`id`);

--
-- Indexes for table `majors`
--
ALTER TABLE `majors`
  ADD PRIMARY KEY (`id`),
  ADD KEY `majors_section_id_foreign` (`section_id`);

--
-- Indexes for table `migrations`
--
ALTER TABLE `migrations`
  ADD PRIMARY KEY (`id`);

--
-- Indexes for table `model_has_permissions`
--
ALTER TABLE `model_has_permissions`
  ADD PRIMARY KEY (`permission_id`,`model_id`,`model_type`),
  ADD KEY `model_has_permissions_model_id_model_type_index` (`model_id`,`model_type`);

--
-- Indexes for table `model_has_roles`
--
ALTER TABLE `model_has_roles`
  ADD PRIMARY KEY (`role_id`,`model_id`,`model_type`),
  ADD KEY `model_has_roles_model_id_model_type_index` (`model_id`,`model_type`);

--
-- Indexes for table `news_bars`
--
ALTER TABLE `news_bars`
  ADD PRIMARY KEY (`id`);

--
-- Indexes for table `old_projects`
--
ALTER TABLE `old_projects`
  ADD PRIMARY KEY (`id`),
  ADD KEY `old_projects_user_id_foreign` (`user_id`);

--
-- Indexes for table `old_projects_photos`
--
ALTER TABLE `old_projects_photos`
  ADD PRIMARY KEY (`id`),
  ADD KEY `old_projects_photos_old_project_id_foreign` (`old_project_id`);

--
-- Indexes for table `orders`
--
ALTER TABLE `orders`
  ADD PRIMARY KEY (`id`),
  ADD KEY `orders_user_id_foreign` (`user_id`),
  ADD KEY `orders_product_id_foreign` (`product_id`);

--
-- Indexes for table `packages`
--
ALTER TABLE `packages`
  ADD PRIMARY KEY (`id`);

--
-- Indexes for table `password_resets`
--
ALTER TABLE `password_resets`
  ADD KEY `password_resets_email_index` (`email`);

--
-- Indexes for table `permissions`
--
ALTER TABLE `permissions`
  ADD PRIMARY KEY (`id`),
  ADD UNIQUE KEY `permissions_name_guard_name_unique` (`name`,`guard_name`);

--
-- Indexes for table `personal_access_tokens`
--
ALTER TABLE `personal_access_tokens`
  ADD PRIMARY KEY (`id`),
  ADD UNIQUE KEY `personal_access_tokens_token_unique` (`token`),
  ADD KEY `personal_access_tokens_tokenable_type_tokenable_id_index` (`tokenable_type`,`tokenable_id`);

--
-- Indexes for table `products`
--
ALTER TABLE `products`
  ADD PRIMARY KEY (`id`),
  ADD KEY `products_user_id_foreign` (`user_id`),
  ADD KEY `products_product_category_id_foreign` (`product_category_id`) USING BTREE,
  ADD KEY `products_unit_id_foreign` (`unit_id`);

--
-- Indexes for table `productsphotos`
--
ALTER TABLE `productsphotos`
  ADD PRIMARY KEY (`id`),
  ADD KEY `productsphotos_product_id_foreign` (`product_id`);

--
-- Indexes for table `products_categories`
--
ALTER TABLE `products_categories`
  ADD PRIMARY KEY (`id`);

--
-- Indexes for table `projects`
--
ALTER TABLE `projects`
  ADD PRIMARY KEY (`id`),
  ADD KEY `projects_city_id_foreign` (`city_id`),
  ADD KEY `project_category_id_foreign` (`project_category_id`);

--
-- Indexes for table `projects_categories`
--
ALTER TABLE `projects_categories`
  ADD PRIMARY KEY (`id`);

--
-- Indexes for table `project_photos`
--
ALTER TABLE `project_photos`
  ADD PRIMARY KEY (`id`),
  ADD KEY `project_photos_project_id_foreign` (`project_id`);

--
-- Indexes for table `roles`
--
ALTER TABLE `roles`
  ADD PRIMARY KEY (`id`),
  ADD UNIQUE KEY `roles_name_guard_name_unique` (`name`,`guard_name`);

--
-- Indexes for table `role_has_permissions`
--
ALTER TABLE `role_has_permissions`
  ADD PRIMARY KEY (`permission_id`,`role_id`),
  ADD KEY `role_has_permissions_role_id_foreign` (`role_id`);

--
-- Indexes for table `sections`
--
ALTER TABLE `sections`
  ADD PRIMARY KEY (`id`);

--
-- Indexes for table `single_video`
--
ALTER TABLE `single_video`
  ADD PRIMARY KEY (`id`);

--
-- Indexes for table `sizes`
--
ALTER TABLE `sizes`
  ADD PRIMARY KEY (`id`);

--
-- Indexes for table `subscriptions`
--
ALTER TABLE `subscriptions`
  ADD PRIMARY KEY (`id`),
  ADD KEY `subscriptions_user_id_foreign` (`user_id`),
  ADD KEY `subscriptions_package_id_foreign` (`package_id`);

--
-- Indexes for table `units`
--
ALTER TABLE `units`
  ADD PRIMARY KEY (`id`);

--
-- Indexes for table `users`
--
ALTER TABLE `users`
  ADD PRIMARY KEY (`id`),
  ADD UNIQUE KEY `users_email_unique` (`email`);

--
-- Indexes for table `videos`
--
ALTER TABLE `videos`
  ADD PRIMARY KEY (`id`);

--
-- AUTO_INCREMENT for dumped tables
--

--
-- AUTO_INCREMENT for table `cities`
--
ALTER TABLE `cities`
  MODIFY `id` bigint(20) UNSIGNED NOT NULL AUTO_INCREMENT, AUTO_INCREMENT=22;

--
-- AUTO_INCREMENT for table `classifieds`
--
ALTER TABLE `classifieds`
  MODIFY `id` bigint(20) UNSIGNED NOT NULL AUTO_INCREMENT, AUTO_INCREMENT=36;

--
-- AUTO_INCREMENT for table `classifieds_packages`
--
ALTER TABLE `classifieds_packages`
  MODIFY `id` bigint(20) UNSIGNED NOT NULL AUTO_INCREMENT, AUTO_INCREMENT=8;

--
-- AUTO_INCREMENT for table `communications`
--
ALTER TABLE `communications`
  MODIFY `id` bigint(20) UNSIGNED NOT NULL AUTO_INCREMENT, AUTO_INCREMENT=885;

--
-- AUTO_INCREMENT for table `companies`
--
ALTER TABLE `companies`
  MODIFY `id` bigint(20) UNSIGNED NOT NULL AUTO_INCREMENT, AUTO_INCREMENT=245;

--
-- AUTO_INCREMENT for table `company_major`
--
ALTER TABLE `company_major`
  MODIFY `id` bigint(20) UNSIGNED NOT NULL AUTO_INCREMENT, AUTO_INCREMENT=401;

--
-- AUTO_INCREMENT for table `company_project`
--
ALTER TABLE `company_project`
  MODIFY `id` bigint(20) UNSIGNED NOT NULL AUTO_INCREMENT, AUTO_INCREMENT=90;

--
-- AUTO_INCREMENT for table `company_sliders`
--
ALTER TABLE `company_sliders`
  MODIFY `id` bigint(20) UNSIGNED NOT NULL AUTO_INCREMENT, AUTO_INCREMENT=10;

--
-- AUTO_INCREMENT for table `cvs`
--
ALTER TABLE `cvs`
  MODIFY `id` bigint(20) UNSIGNED NOT NULL AUTO_INCREMENT, AUTO_INCREMENT=10;

--
-- AUTO_INCREMENT for table `failed_jobs`
--
ALTER TABLE `failed_jobs`
  MODIFY `id` bigint(20) UNSIGNED NOT NULL AUTO_INCREMENT;

--
-- AUTO_INCREMENT for table `jobs`
--
ALTER TABLE `jobs`
  MODIFY `id` bigint(20) UNSIGNED NOT NULL AUTO_INCREMENT, AUTO_INCREMENT=27;

--
-- AUTO_INCREMENT for table `jobs_categories`
--
ALTER TABLE `jobs_categories`
  MODIFY `id` bigint(20) UNSIGNED NOT NULL AUTO_INCREMENT, AUTO_INCREMENT=7;

--
-- AUTO_INCREMENT for table `main_sliders`
--
ALTER TABLE `main_sliders`
  MODIFY `id` bigint(20) UNSIGNED NOT NULL AUTO_INCREMENT, AUTO_INCREMENT=4;

--
-- AUTO_INCREMENT for table `majors`
--
ALTER TABLE `majors`
  MODIFY `id` bigint(20) UNSIGNED NOT NULL AUTO_INCREMENT, AUTO_INCREMENT=59;

--
-- AUTO_INCREMENT for table `migrations`
--
ALTER TABLE `migrations`
  MODIFY `id` int(10) UNSIGNED NOT NULL AUTO_INCREMENT, AUTO_INCREMENT=6;

--
-- AUTO_INCREMENT for table `news_bars`
--
ALTER TABLE `news_bars`
  MODIFY `id` bigint(20) UNSIGNED NOT NULL AUTO_INCREMENT, AUTO_INCREMENT=9;

--
-- AUTO_INCREMENT for table `old_projects`
--
ALTER TABLE `old_projects`
  MODIFY `id` bigint(20) UNSIGNED NOT NULL AUTO_INCREMENT, AUTO_INCREMENT=22;

--
-- AUTO_INCREMENT for table `old_projects_photos`
--
ALTER TABLE `old_projects_photos`
  MODIFY `id` bigint(20) UNSIGNED NOT NULL AUTO_INCREMENT, AUTO_INCREMENT=31;

--
-- AUTO_INCREMENT for table `orders`
--
ALTER TABLE `orders`
  MODIFY `id` bigint(20) UNSIGNED NOT NULL AUTO_INCREMENT, AUTO_INCREMENT=33;

--
-- AUTO_INCREMENT for table `packages`
--
ALTER TABLE `packages`
  MODIFY `id` bigint(20) UNSIGNED NOT NULL AUTO_INCREMENT, AUTO_INCREMENT=4;

--
-- AUTO_INCREMENT for table `permissions`
--
ALTER TABLE `permissions`
  MODIFY `id` bigint(20) UNSIGNED NOT NULL AUTO_INCREMENT, AUTO_INCREMENT=70;

--
-- AUTO_INCREMENT for table `personal_access_tokens`
--
ALTER TABLE `personal_access_tokens`
  MODIFY `id` bigint(20) UNSIGNED NOT NULL AUTO_INCREMENT;

--
-- AUTO_INCREMENT for table `products`
--
ALTER TABLE `products`
  MODIFY `id` bigint(20) UNSIGNED NOT NULL AUTO_INCREMENT, AUTO_INCREMENT=20;

--
-- AUTO_INCREMENT for table `productsphotos`
--
ALTER TABLE `productsphotos`
  MODIFY `id` bigint(20) UNSIGNED NOT NULL AUTO_INCREMENT, AUTO_INCREMENT=21;

--
-- AUTO_INCREMENT for table `products_categories`
--
ALTER TABLE `products_categories`
  MODIFY `id` bigint(20) UNSIGNED NOT NULL AUTO_INCREMENT, AUTO_INCREMENT=13;

--
-- AUTO_INCREMENT for table `projects`
--
ALTER TABLE `projects`
  MODIFY `id` bigint(20) UNSIGNED NOT NULL AUTO_INCREMENT, AUTO_INCREMENT=72;

--
-- AUTO_INCREMENT for table `projects_categories`
--
ALTER TABLE `projects_categories`
  MODIFY `id` bigint(20) UNSIGNED NOT NULL AUTO_INCREMENT, AUTO_INCREMENT=8;

--
-- AUTO_INCREMENT for table `project_photos`
--
ALTER TABLE `project_photos`
  MODIFY `id` bigint(20) UNSIGNED NOT NULL AUTO_INCREMENT, AUTO_INCREMENT=99;

--
-- AUTO_INCREMENT for table `roles`
--
ALTER TABLE `roles`
  MODIFY `id` bigint(20) UNSIGNED NOT NULL AUTO_INCREMENT, AUTO_INCREMENT=7;

--
-- AUTO_INCREMENT for table `sections`
--
ALTER TABLE `sections`
  MODIFY `id` bigint(20) UNSIGNED NOT NULL AUTO_INCREMENT, AUTO_INCREMENT=8;

--
-- AUTO_INCREMENT for table `single_video`
--
ALTER TABLE `single_video`
  MODIFY `id` bigint(20) UNSIGNED NOT NULL AUTO_INCREMENT, AUTO_INCREMENT=2;

--
-- AUTO_INCREMENT for table `sizes`
--
ALTER TABLE `sizes`
  MODIFY `id` bigint(20) UNSIGNED NOT NULL AUTO_INCREMENT, AUTO_INCREMENT=6;

--
-- AUTO_INCREMENT for table `subscriptions`
--
ALTER TABLE `subscriptions`
  MODIFY `id` bigint(20) UNSIGNED NOT NULL AUTO_INCREMENT, AUTO_INCREMENT=20;

--
-- AUTO_INCREMENT for table `units`
--
ALTER TABLE `units`
  MODIFY `id` bigint(20) UNSIGNED NOT NULL AUTO_INCREMENT, AUTO_INCREMENT=8;

--
-- AUTO_INCREMENT for table `users`
--
ALTER TABLE `users`
  MODIFY `id` bigint(20) UNSIGNED NOT NULL AUTO_INCREMENT, AUTO_INCREMENT=281;

--
-- AUTO_INCREMENT for table `videos`
--
ALTER TABLE `videos`
  MODIFY `id` bigint(20) UNSIGNED NOT NULL AUTO_INCREMENT, AUTO_INCREMENT=21;

--
-- Constraints for dumped tables
--

--
-- Constraints for table `classifieds`
--
ALTER TABLE `classifieds`
  ADD CONSTRAINT `classifieds_classified_package_id_foreign` FOREIGN KEY (`classified_package_id`) REFERENCES `classifieds_packages` (`id`) ON DELETE CASCADE,
  ADD CONSTRAINT `classifieds_size_id_foreign` FOREIGN KEY (`size_id`) REFERENCES `sizes` (`id`) ON DELETE CASCADE,
  ADD CONSTRAINT `classifieds_user_id_foreign` FOREIGN KEY (`user_id`) REFERENCES `users` (`id`) ON DELETE CASCADE;

--
-- Constraints for table `communications`
--
ALTER TABLE `communications`
  ADD CONSTRAINT `communications_user_id_foreign` FOREIGN KEY (`user_id`) REFERENCES `users` (`id`) ON DELETE CASCADE;

--
-- Constraints for table `companies`
--
ALTER TABLE `companies`
  ADD CONSTRAINT `companies_city_id_foreign` FOREIGN KEY (`city_id`) REFERENCES `cities` (`id`) ON DELETE CASCADE,
  ADD CONSTRAINT `companies_package_id_foreign` FOREIGN KEY (`package_id`) REFERENCES `packages` (`id`) ON DELETE CASCADE,
  ADD CONSTRAINT `companies_section_id_foreign` FOREIGN KEY (`section_id`) REFERENCES `sections` (`id`) ON DELETE CASCADE,
  ADD CONSTRAINT `companies_user_id_foreign` FOREIGN KEY (`user_id`) REFERENCES `users` (`id`) ON DELETE CASCADE;

--
-- Constraints for table `company_major`
--
ALTER TABLE `company_major`
  ADD CONSTRAINT `company_major_company_id_foreign` FOREIGN KEY (`company_id`) REFERENCES `companies` (`id`) ON DELETE CASCADE,
  ADD CONSTRAINT `company_major_major_id_foreign` FOREIGN KEY (`major_id`) REFERENCES `majors` (`id`) ON DELETE CASCADE;

--
-- Constraints for table `company_project`
--
ALTER TABLE `company_project`
  ADD CONSTRAINT `company_project_company_id_foreign` FOREIGN KEY (`company_id`) REFERENCES `companies` (`id`) ON DELETE CASCADE,
  ADD CONSTRAINT `company_project_project_id_foreign` FOREIGN KEY (`project_id`) REFERENCES `projects` (`id`) ON DELETE CASCADE;

--
-- Constraints for table `company_sliders`
--
ALTER TABLE `company_sliders`
  ADD CONSTRAINT `company_sliders_user_id_foreign` FOREIGN KEY (`user_id`) REFERENCES `users` (`id`) ON DELETE CASCADE;

--
-- Constraints for table `cvs`
--
ALTER TABLE `cvs`
  ADD CONSTRAINT `cvs_city_id_foreign` FOREIGN KEY (`city_id`) REFERENCES `cities` (`id`) ON DELETE CASCADE,
  ADD CONSTRAINT `cvs_job_category_id_foreign` FOREIGN KEY (`job_category_id`) REFERENCES `jobs_categories` (`id`) ON DELETE CASCADE,
  ADD CONSTRAINT `cvs_user_id_foreign` FOREIGN KEY (`user_id`) REFERENCES `users` (`id`) ON DELETE CASCADE;

--
-- Constraints for table `jobs`
--
ALTER TABLE `jobs`
  ADD CONSTRAINT `jobs_city_id_foreign` FOREIGN KEY (`city_id`) REFERENCES `cities` (`id`) ON DELETE CASCADE,
  ADD CONSTRAINT `jobs_job_category_id_foreign` FOREIGN KEY (`job_category_id`) REFERENCES `jobs_categories` (`id`) ON DELETE CASCADE,
  ADD CONSTRAINT `jobs_user_id_foreign` FOREIGN KEY (`user_id`) REFERENCES `users` (`id`) ON DELETE CASCADE;

--
-- Constraints for table `majors`
--
ALTER TABLE `majors`
  ADD CONSTRAINT `majors_section_id_foreign` FOREIGN KEY (`section_id`) REFERENCES `sections` (`id`) ON DELETE CASCADE;

--
-- Constraints for table `model_has_permissions`
--
ALTER TABLE `model_has_permissions`
  ADD CONSTRAINT `model_has_permissions_permission_id_foreign` FOREIGN KEY (`permission_id`) REFERENCES `permissions` (`id`) ON DELETE CASCADE;

--
-- Constraints for table `model_has_roles`
--
ALTER TABLE `model_has_roles`
  ADD CONSTRAINT `model_has_roles_role_id_foreign` FOREIGN KEY (`role_id`) REFERENCES `roles` (`id`) ON DELETE CASCADE;

--
-- Constraints for table `old_projects`
--
ALTER TABLE `old_projects`
  ADD CONSTRAINT `old_projects_user_id_foreign` FOREIGN KEY (`user_id`) REFERENCES `users` (`id`) ON DELETE CASCADE;

--
-- Constraints for table `old_projects_photos`
--
ALTER TABLE `old_projects_photos`
  ADD CONSTRAINT `old_projects_photos_old_project_id_foreign` FOREIGN KEY (`old_project_id`) REFERENCES `old_projects` (`id`) ON DELETE CASCADE;

--
-- Constraints for table `orders`
--
ALTER TABLE `orders`
  ADD CONSTRAINT `orders_product_id_foreign` FOREIGN KEY (`product_id`) REFERENCES `products` (`id`) ON DELETE CASCADE,
  ADD CONSTRAINT `orders_user_id_foreign` FOREIGN KEY (`user_id`) REFERENCES `users` (`id`) ON DELETE CASCADE;

--
-- Constraints for table `products`
--
ALTER TABLE `products`
  ADD CONSTRAINT `products_user_id_foreign` FOREIGN KEY (`user_id`) REFERENCES `users` (`id`) ON DELETE CASCADE;

--
-- Constraints for table `productsphotos`
--
ALTER TABLE `productsphotos`
  ADD CONSTRAINT `productsphotos_product_id_foreign` FOREIGN KEY (`product_id`) REFERENCES `products` (`id`) ON DELETE CASCADE;

--
-- Constraints for table `projects`
--
ALTER TABLE `projects`
  ADD CONSTRAINT `projects_city_id_foreign` FOREIGN KEY (`city_id`) REFERENCES `cities` (`id`) ON DELETE CASCADE;

--
-- Constraints for table `project_photos`
--
ALTER TABLE `project_photos`
  ADD CONSTRAINT `project_photos_project_id_foreign` FOREIGN KEY (`project_id`) REFERENCES `projects` (`id`) ON DELETE CASCADE;

--
-- Constraints for table `role_has_permissions`
--
ALTER TABLE `role_has_permissions`
  ADD CONSTRAINT `role_has_permissions_permission_id_foreign` FOREIGN KEY (`permission_id`) REFERENCES `permissions` (`id`) ON DELETE CASCADE,
  ADD CONSTRAINT `role_has_permissions_role_id_foreign` FOREIGN KEY (`role_id`) REFERENCES `roles` (`id`) ON DELETE CASCADE;

--
-- Constraints for table `subscriptions`
--
ALTER TABLE `subscriptions`
  ADD CONSTRAINT `subscriptions_package_id_foreign` FOREIGN KEY (`package_id`) REFERENCES `packages` (`id`) ON DELETE CASCADE,
  ADD CONSTRAINT `subscriptions_user_id_foreign` FOREIGN KEY (`user_id`) REFERENCES `users` (`id`) ON DELETE CASCADE;
COMMIT;

/*!40101 SET CHARACTER_SET_CLIENT=@OLD_CHARACTER_SET_CLIENT */;
/*!40101 SET CHARACTER_SET_RESULTS=@OLD_CHARACTER_SET_RESULTS */;
/*!40101 SET COLLATION_CONNECTION=@OLD_COLLATION_CONNECTION */;
